stt,tier,sheet,source_url
1,1,Backlink Domain DR Cao,https://mydreamangels-mn-co.mn.co/posts/106676525
2,1,Backlink Domain DR Cao,https://phan-s-community.mn.co/posts/106676939
3,1,Backlink Domain DR Cao,https://maybeline-products.mn.co/posts/106676438
4,1,Backlink Domain DR Cao,https://raovatonline.org/rao-vat/can-tinh-den-viec-thi-cong-va-thao-do/
5,1,Backlink Domain DR Cao,https://phannu.mn.co/posts/106676514
6,1,Backlink Domain DR Cao,https://kenhrao.com/tin-dang/treo-co-phuon.999055/
7,1,Backlink Domain DR Cao,https://class-collective.mn.co/posts/106676507
8,1,Backlink Domain DR Cao,https://medium.com/@phannu174/treo-c%E1%BB%9D-ph%C6%B0%E1%BB%9Bn-6437c9deeae8
9,1,Backlink Domain DR Cao,https://tinhte.vn/thread/treo-co-phuon.4173554/
10,1,Backlink Domain DR Cao,https://www.linkedin.com/pulse/treo-c%25E1%25BB%259D-ph%25C6%25B0%25E1%25BB%259Bn-nu-phan-wzddc/
11,1,Backlink Domain DR Cao,https://myword.mn.co/posts/106676446
12,1,Backlink Domain DR Cao,https://lxgonlinemnco.mn.co/posts/106677207
13,1,Backlink Domain DR Cao,https://www.webtretho.vn/f/cac-san-pham-dich-vu-khac/can-tinh-den-viec-thi-cong-va-thao-do
14,1,Backlink Domain DR Cao,https://xonline.mn.co/posts/106677210
15,1,Backlink Domain DR Cao,https://rongbay.com/Ha-Noi/Treo-bang-ron-c275-raovat-34577596.html
16,1,Backlink Domain DR Cao,https://jasa-seo.mn.co/posts/106677206
17,1,Backlink Domain DR Cao,https://connect-with-hemp.mn.co/posts/106676721
18,1,Backlink Domain DR Cao,https://diecast-64-shop.mn.co/posts/107047925
19,1,Backlink Domain DR Cao,https://justpaste.it/g5a2x
20,1,Backlink Domain DR Cao,https://network-316491.mn.co/posts/107047923
21,1,Backlink Domain DR Cao,https://forums.siliconera.com/threads/treo-b%C4%83ng-r%C3%B4n.188986/
22,1,Backlink Domain DR Cao,https://padlet.com/ptnu0107/padlet-sang-trong-cua-toi-9wa4ginzaqcnnmtr/wish/4b3zaM21NlbdQ2j7
23,1,Backlink Domain DR Cao,https://www.metooo.io/e/treo-bang-ron
24,1,Backlink Domain DR Cao,https://go-mn.mn.co/posts/107047984
25,1,Backlink Domain DR Cao,https://ultramarine-sparrow-ftkctg.mystrikingly.com/
26,1,Backlink Domain DR Cao,https://pest-the.mn.co/posts/107047989
27,1,Backlink Domain DR Cao,https://linkmate.mn.co/posts/107047695
28,1,Backlink Domain DR Cao,https://intuitive-network.mn.co/posts/107047988
29,1,Backlink Domain DR Cao,https://raovatgbbn.jigsy.com/entries/general/treo-b%C4%83ng-r%C3%B4n
30,1,Backlink Domain DR Cao,https://www.diigo.com/item/note/6wktd/wnyh?k=fb3804473512b820734bfd61e00243b4
31,1,Backlink Domain DR Cao,https://sites.google.com/view/treo-bng-rn/treo-b%C4%83ng-r%C3%B4n
32,1,Backlink Domain DR Cao,https://www.notebook.ai/documents/2778208
33,1,Backlink Domain DR Cao,https://wellbeing-matters-365.mn.co/posts/107047753
34,1,Backlink Domain DR Cao,https://hackmd.okfn.de/s/BJ16QI6_Ge
35,1,Backlink Domain DR Cao,https://the-snapped.mn.co/posts/107047751
36,1,Backlink Domain DR Cao,https://g0v.hackmd.io/@phanthinu/B1Fa786uGx
37,1,Backlink Domain DR Cao,https://raovat.nhadat.vn/treo-bang-ron-809871.html#post809420
38,1,Backlink Domain DR Cao,https://cn.anotepad.com/note/read/qn35nj8m
39,1,Backlink Domain DR Cao,https://diendannhansu.com/threads/treo-bang-ron.1000262/
40,1,Backlink Domain DR Cao,https://maybeline-products.mn.co/posts/107048199
41,1,Backlink Domain DR Cao,https://diendan.clbmarketing.com/d/293155-treo-bang-ron
42,1,Backlink Domain DR Cao,https://phannu.mn.co/posts/107048210
43,1,Backlink Domain DR Cao,https://page.brick.do/treo-bang-ron-mX1R0dYlrpkz
44,1,Backlink Domain DR Cao,https://class-collective.mn.co/posts/107048213
45,1,Backlink Domain DR Cao,https://take-phone-your.mn.co/posts/107047860
46,1,Backlink Domain DR Cao,http://myword.mn.co/posts/107048208
47,1,Backlink Domain DR Cao,https://life-of-game-de.mn.co/posts/107047863
48,1,Backlink Domain DR Cao,https://connect-with-hemp.mn.co/posts/107048246
49,1,Backlink Domain DR Cao,https://friendtalk.mn.co/posts/107047856
50,1,Backlink Domain DR Cao,https://kenhrao.com/tin-dang/treo-co-phuon.1001187/
51,1,Backlink Domain DR Cao,https://tudomuaban.com/chi-tiet-rao-vat/3019023/treo-bang-ron-co-phuon-toan-quoc.html
52,1,Backlink Domain DR Cao,https://www.webtretho.vn/f/kinh-nghiem-hay-huu-ich/hinh-anh-quang-cao-duong-pho
53,1,Backlink Domain DR Cao,https://chobaolam.vn/threads/treo-bang-ron-co-phuon-toan-quc.895148/
54,1,Backlink Domain DR Cao,https://chodilinh.com/threads/treo-bang-ron-co-phuon-toan-quoc.663144/
55,1,Backlink Domain DR Cao,https://congdongx.com/chu-de/treo-bang-ron-co-phuon-toan-quoc.178671/
56,1,Backlink Domain DR Cao,https://kenhrao.com/tin-dang/treo-bang-ron-co-phuon-toan-quoc.1000461/
57,1,Backlink Domain DR Cao,https://raovatxunghe.com/threads/treo-bang-ron-co-phuon-toan-quoc.117275.html
58,1,Backlink Domain DR Cao,https://diendan.clbmarketing.com/d/293079-treo-bang-ron-co-phuon-toan-quoc
59,1,Backlink Domain DR Cao,https://xonline.mn.co/posts/106964108
60,1,Backlink Domain DR Cao,https://jasa-seo.mn.co/posts/106964107
61,1,Backlink Domain DR Cao,https://connect-with-hemp.mn.co/posts/106964106
62,1,Backlink Domain DR Cao,https://mydreamangels-mn-co.mn.co/posts/106964104
63,1,Backlink Domain DR Cao,https://rndirectors.com/author/qcminhloi/
64,1,Backlink Domain DR Cao,https://www.allmyusjobs.com/author/qcminhloi/
65,1,Backlink Domain DR Cao,https://www.minilift.co.th/profile/ng-uyenthimailanh93014957/profile
66,1,Backlink Domain DR Cao,https://aboutnursernjobs.com/author/qcminhloi/
67,1,Backlink Domain DR Cao,https://playground.edusoft.co.in/profile/qcminhloi/
68,1,Backlink Domain DR Cao,https://www.davidrio.com/profile/ng-uyenthimailanh93097586/profile
69,1,Backlink Domain DR Cao,https://stepik.org/users/1373472013/profile
70,1,Backlink Domain DR Cao,https://jobs.host-panel.com/author/qcminhloi/
71,1,Backlink Domain DR Cao,http://jobs.emiogp.com/author/qcminhloi/
72,1,Backlink Domain DR Cao,https://www.intensedebate.com/people/qcminhloi
73,1,Backlink Domain DR Cao,https://www.flyingpepper.in/profile/ng-uyenthimailanh93022626/profile
74,1,Backlink Domain DR Cao,http://jobboard.piasd.org/author/qcminhloi/
75,1,Backlink Domain DR Cao,https://all4.vip/p/page/view-persons-profile?id=146648
76,1,Backlink Domain DR Cao,https://divisionmidway.org/jobs/author/qcminhloi/
77,1,Backlink Domain DR Cao,https://volvoforums.com/forum/members/qcminhloi-191394/?simple=1#aboutme
78,1,Backlink Domain DR Cao,https://maxima.org/forums/member.php?u=200819&tab=aboutme&simple=1
79,1,Backlink Domain DR Cao,https://montecarloforum.com/forum/members/qcminhloi-41231/?simple=1#aboutme
80,1,Backlink Domain DR Cao,https://onlinevetjobs.com/author/qcminhloi/
81,1,Backlink Domain DR Cao,https://rnexecutives.com/author/qcminhloi/
82,1,Backlink Domain DR Cao,https://desksnear.me/users/qcminhloi
83,1,Backlink Domain DR Cao,https://www.theantiracisteducator.com/profile/ng-uyenthimailanh93064866/profile
84,1,Backlink Domain DR Cao,https://aboutnurseassistantjobs.com/author/qcminhloi/
85,1,Backlink Domain DR Cao,https://www.pageorama.com/?p=qcminhloi
86,1,Backlink Domain DR Cao,https://www.babkis.com/profile/ng-uyenthimailanh93091028/profile
87,1,Backlink Domain DR Cao,https://rnstaffers.com/author/qcminhloi/
88,1,Backlink Domain DR Cao,https://www.r-users.com/author/qcminhloi/
89,1,Backlink Domain DR Cao,https://able2know.org/user/qcminhloi/
90,1,Backlink Domain DR Cao,https://www.martinwongphoto.com/profile/ng-uyenthimailanh93081466/profile
91,1,Backlink Domain DR Cao,https://aboutcasemanagerjobs.com/author/qcminhloi/
92,1,Backlink Domain DR Cao,https://www.mycampusgps.ca/profile/ng-uyenthimailanh93021584/profile
93,1,Backlink Domain DR Cao,https://forum.epicbrowser.com/profile.php?section=personality&id=183194
94,1,Backlink Domain DR Cao,https://mercedesforum.com/forum/members/qcminhloi-131792/?simple=1#aboutme
95,1,Backlink Domain DR Cao,https://www.ukiyoto.com/profile/ng-uyenthimailanh93091771/profile
96,1,Backlink Domain DR Cao,https://www.superhawkforum.com/forums/members/qcminhloi-25155/?simple=1#aboutme
97,1,Backlink Domain DR Cao,https://chevroletforum.com/forum/members/qcminhloi-225156/?simple=1#aboutme
98,1,Backlink Domain DR Cao,https://electricvehicleforums.com/forums/members/qcminhloi/?simple=1#aboutme
99,1,Backlink Domain DR Cao,http://forum.modulebazaar.com/forums/user/qcminhloi/
100,1,Backlink Domain DR Cao,https://www.gaming-asylum.com/forums/index.php?/profile/62215-qcminhloi/&tab=field_core_pfield_15
101,1,Backlink Domain DR Cao,https://idol.st/user/227713/qcminhloi/
102,1,Backlink Domain DR Cao,https://www.seoinpractice.com/viewuser.html?userid=5f30d82f4ae94afcb88227674c452d97
103,1,Backlink Domain DR Cao,https://www.lingvolive.com/en-us/profile/a4cda21d-9a35-4bec-a8d4-381533f29d9f
104,1,Backlink Domain DR Cao,https://openlibrary.org/people/qcminhloi
105,1,Backlink Domain DR Cao,https://fabble.cc/qcminhloi
106,1,Backlink Domain DR Cao,https://www.globaldemocracy.com/user/58109
107,1,Backlink Domain DR Cao,https://interestpin.com/user/132708/qcminhloi
108,1,Backlink Domain DR Cao,https://propterest.com.au/user/102417/qcminhloi
109,1,Backlink Domain DR Cao,https://forum.aigato.vn/user/qcminhloi
110,1,Backlink Domain DR Cao,https://www.iniuria.us/forum/member.php?721634-qcminhloi
111,1,Backlink Domain DR Cao,https://haybsoskill.com/profile/qcminhloi/
112,1,Backlink Domain DR Cao,https://praguemed.co.uk/profile/qcminhloi
113,1,Backlink Domain DR Cao,https://connect.gt/user/qcminhloi
114,1,Backlink Domain DR Cao,https://leetcode.com/u/qcminhloi/
115,1,Backlink Domain DR Cao,https://stardust.run/user/187035/qcminhloi/
116,1,Backlink Domain DR Cao,https://newdayrp.com/members/qcminhloi.91720/#about
117,1,Backlink Domain DR Cao,https://hub.vroid.com/en/users/129225639
118,1,Backlink Domain DR Cao,https://forums.servethehome.com/index.php?members/qcminhloi.273175/#about
119,1,Backlink Domain DR Cao,https://coinfolk.net/user/qcminhloi
120,1,Backlink Domain DR Cao,https://digitaldo.in/profile/qcminhloi/
121,1,Backlink Domain DR Cao,https://atatcsurat.com/profile/qcminhloi/
122,1,Backlink Domain DR Cao,https://theelaacademy.com/profile/qcminhloi/
123,1,Backlink Domain DR Cao,https://sfx.thelazy.net/users/u/qcminhloi/
124,1,Backlink Domain DR Cao,https://www.designspiration.com/qcminhloi/
125,1,Backlink Domain DR Cao,https://ficwad.com/a/qcminhloi
126,1,Backlink Domain DR Cao,https://dojour.us/u/qcminhloi
127,1,Backlink Domain DR Cao,https://undrtone.com/qcminhloi
128,1,Backlink Domain DR Cao,https://www.grepmed.com/qcminhloi
129,1,Backlink Domain DR Cao,https://experiment.com/users/qqcminhloi
130,1,Backlink Domain DR Cao,https://wefunder.com/qcminhloi
131,1,Backlink Domain DR Cao,https://findpenguins.com/7bd5xgh2a7cvz
132,1,Backlink Domain DR Cao,https://land-book.com/qcminhloi
133,1,Backlink Domain DR Cao,https://onespotsocial.com/qcminhloi
134,1,Backlink Domain DR Cao,https://pledgeme.co.nz/profiles/367146/
135,1,Backlink Domain DR Cao,https://www.blurb.com/user/qcminhloi?profile_preview=true
136,1,Backlink Domain DR Cao,https://peatix.com/user/30466179/view
137,1,Backlink Domain DR Cao,https://www.1001fonts.com/users/qcminhloi/
138,1,Backlink Domain DR Cao,https://paladinscounter.com/users/qcminhloi
139,1,Backlink Domain DR Cao,https://www.komoot.com/user/6161011742442
140,1,Backlink Domain DR Cao,https://app.talkshoe.com/user/qcminhloi
141,1,Backlink Domain DR Cao,https://wemakeit.com/users/qcminhloi
142,1,Backlink Domain DR Cao,https://www.sideprojectors.com/user/profile/265545/
143,1,Backlink Domain DR Cao,https://bandori.party/user/1658906/qcminhloi/
144,1,Backlink Domain DR Cao,https://cinderella.pro/user/312559/qcminhloi/
145,1,Backlink Domain DR Cao,https://l2top.co/forum/members/qcminhloi.238194/
146,1,Backlink Domain DR Cao,https://feyenoord.supporters.nl/profiel/176841/qcminhloi
147,1,Backlink Domain DR Cao,https://gifyu.com/qcminhloi
148,1,Backlink Domain DR Cao,https://www.gta5-mods.com/users/qcminhloi
149,1,Backlink Domain DR Cao,https://profiles.delphiforums.com/n/pfx/profile.aspx?webtag=dfpprofile000&userId=1891293803
150,1,Backlink Domain DR Cao,https://www.speedrun.com/users/qcminhloi
151,1,Backlink Domain DR Cao,https://congdongx.com/chu-de/chien-dich-quang-cao-ngoai-troi-voi-bang-ron-va-co-phuon.181037/
152,1,Backlink Domain DR Cao,https://chobaolam.vn/threads/chin-dch-quang-cao-ngoai-troi-voi-bang-ron-va-co-phuon.895641/
153,1,Backlink Domain DR Cao,https://www.webtretho.vn/f/kinh-nghiem-hay-huu-ich/chien-dich-quang-cao-ngoai-troi-voi-bang-ron-va-co-phuon
154,1,Backlink Domain DR Cao,https://tudomuaban.com/chi-tiet-rao-vat/3025276/chien-dich-quang-cao-ngoai-troi-voi-bang-ron-va-co-phuon.html
155,1,Backlink Domain DR Cao,https://chodilinh.com/threads/chien-dich-quang-cao-ngoai-troi-voi-bang-ron-va-co-phuon.665553/
156,1,Backlink Domain DR Cao,https://raovat.nhadat.vn/chien-dich-quang-cao-ngoai-troi-809945.html#post809494
157,1,Backlink Domain DR Cao,https://raovatxunghe.com/threads/chien-dich-quang-cao-ngoai-troi-voi-bang-ron-va-co-phuon.117327.html
158,1,Backlink Domain DR Cao,https://kenhrao.com/tin-dang/chien-dich-quang-cao-ngoai-troi-voi-bang-ron-va-co-phuon.1002485/
159,1,Backlink Domain DR Cao,https://xonline.mn.co/posts/107249221
160,1,Backlink Domain DR Cao,https://jasa-seo.mn.co/posts/107249222
161,1,Backlink Domain DR Cao,https://connect-with-hemp.mn.co/posts/107249225
162,1,Backlink Domain DR Cao,https://mydreamangels-mn-co.mn.co/posts/107249227
163,1,Backlink Domain DR Cao,https://www.intensedebate.com/people/minhloivn
164,1,Backlink Domain DR Cao,https://chevroletforum.com/forum/members/minhloivn-225194/?simple=1#aboutme
165,1,Backlink Domain DR Cao,https://maxima.org/forums/member.php?u=200828&tab=aboutme&simple=1
166,1,Backlink Domain DR Cao,https://montecarloforum.com/forum/members/minhloivn-41239/?simple=1#aboutme
167,1,Backlink Domain DR Cao,https://volvoforums.com/forum/members/minhloivn-191411/?simple=1#aboutme
168,1,Backlink Domain DR Cao,https://www.superhawkforum.com/forums/members/minhloivn-25162/?simple=1#aboutme
169,1,Backlink Domain DR Cao,https://electricvehicleforums.com/forums/members/minhloivn/?simple=1#aboutme
170,1,Backlink Domain DR Cao,https://mercedesforum.com/forum/members/minhloivn-131802/?simple=1#aboutme
171,1,Backlink Domain DR Cao,https://www.minilift.co.th/profile/nguye-nthimailanh93016762/profile
172,1,Backlink Domain DR Cao,https://aboutnursernjobs.com/author/minhloivn/
173,1,Backlink Domain DR Cao,https://www.flyingpepper.in/profile/nguye-nthimailanh93021789/profile
174,1,Backlink Domain DR Cao,https://www.allmyusjobs.com/author/minhloivn/
175,1,Backlink Domain DR Cao,https://rndirectors.com/author/minhloivn/
176,1,Backlink Domain DR Cao,https://www.davidrio.com/profile/nguye-nthimailanh93042727/profile
177,1,Backlink Domain DR Cao,https://jobs.host-panel.com/author/minhloivn/
178,1,Backlink Domain DR Cao,http://forum.modulebazaar.com/forums/user/minhloivn/
179,1,Backlink Domain DR Cao,https://playground.edusoft.co.in/profile/minhloivn
180,1,Backlink Domain DR Cao,http://jobboard.piasd.org/author/minhloivn/
181,1,Backlink Domain DR Cao,https://all4.vip/p/page/view-persons-profile?id=147817
182,1,Backlink Domain DR Cao,https://stepik.org/users/1380291860/profile
183,1,Backlink Domain DR Cao,https://www.sunlitcentrekenya.co.ke/author/minhloivn/
184,1,Backlink Domain DR Cao,https://divisionmidway.org/jobs/author/minhloivn/
185,1,Backlink Domain DR Cao,http://jobs.emiogp.com/author/minhloivn/
186,1,Backlink Domain DR Cao,https://www.theantiracisteducator.com/profile/nguye-nthimailanh93083916/profile
187,1,Backlink Domain DR Cao,https://desksnear.me/users/minhloivn
188,1,Backlink Domain DR Cao,https://www.babkis.com/profile/nguye-nthimailanh93083416/profile
189,1,Backlink Domain DR Cao,https://aboutnurseassistantjobs.com/author/minhloivn/
190,1,Backlink Domain DR Cao,https://rnexecutives.com/author/minhloivn/
191,1,Backlink Domain DR Cao,https://www.martinwongphoto.com/profile/nguye-nthimailanh93038015/profile
192,1,Backlink Domain DR Cao,https://www.pageorama.com/?p=minhloivn
193,1,Backlink Domain DR Cao,https://onlinevetjobs.com/author/minhloivn/
194,1,Backlink Domain DR Cao,https://www.r-users.com/author/minhloivn/
195,1,Backlink Domain DR Cao,https://rnstaffers.com/author/minhloivn/
196,1,Backlink Domain DR Cao,https://www.ukiyoto.com/profile/nguye-nthimailanh93060621/profile
197,1,Backlink Domain DR Cao,https://able2know.org/user/minhloivn/
198,1,Backlink Domain DR Cao,https://forum.epicbrowser.com/profile.php?section=personality&id=184644
199,1,Backlink Domain DR Cao,https://idol.st/user/230944/minhloivn/
200,1,Backlink Domain DR Cao,https://www.seoinpractice.com/viewuser.html?userid=9d12de1332d092144d1e37fb3e57981f
201,1,Backlink Domain DR Cao,https://fabble.cc/minhloivn
202,1,Backlink Domain DR Cao,https://forum.aigato.vn/user/minhloivn
203,1,Backlink Domain DR Cao,https://haybsoskill.com/profile/minhloivn/
204,1,Backlink Domain DR Cao,https://praguemed.co.uk/profile/minhloivn/
205,1,Backlink Domain DR Cao,https://www.iniuria.us/forum/member.php?723558-minhloivn
206,1,Backlink Domain DR Cao,https://connect.gt/user/minhloivn
207,1,Backlink Domain DR Cao,https://leetcode.com/u/minhloivn/
208,1,Backlink Domain DR Cao,https://letterboxd.com/minhloivn/
209,1,Backlink Domain DR Cao,https://stardust.run/user/188349/minhloivn/
210,1,Backlink Domain DR Cao,https://hub.vroid.com/en/users/129362409
211,1,Backlink Domain DR Cao,https://newdayrp.com/members/minhloivn.92926/#about
212,1,Backlink Domain DR Cao,https://coinfolk.net/user/minhloivn
213,1,Backlink Domain DR Cao,https://atatcsurat.com/profile/minhloivn/
214,1,Backlink Domain DR Cao,https://digitaldo.in/profile/minhloivn/
215,1,Backlink Domain DR Cao,https://theelaacademy.com/profile/minhloivn/
216,1,Backlink Domain DR Cao,https://www.globaldemocracy.com/user/58745
217,1,Backlink Domain DR Cao,https://interestpin.com/user/133636/minhloivn
218,1,Backlink Domain DR Cao,https://propterest.com.au/user/103428/minhloivn
219,1,Backlink Domain DR Cao,https://sfx.thelazy.net/users/u/minhloivn/
220,1,Backlink Domain DR Cao,https://boinc.loda-lang.org/loda/show_user.php?userid=71520
221,1,Backlink Domain DR Cao,https://www.designspiration.com/minhloivn
222,1,Backlink Domain DR Cao,http://delphi.larsbo.org/user/minhloivn
223,1,Backlink Domain DR Cao,https://www.wantoask.com/user/minhloivn
224,1,Backlink Domain DR Cao,https://dojour.us/u/minhloivn
225,1,Backlink Domain DR Cao,https://undrtone.com/minhloivn
226,1,Backlink Domain DR Cao,https://www.grepmed.com/minhloivn
227,1,Backlink Domain DR Cao,https://wefunder.com/minhloivn
228,1,Backlink Domain DR Cao,https://experiment.com/users/mminhloivn
229,1,Backlink Domain DR Cao,http://freestyler.ws/user/700065/minhloivn
230,1,Backlink Domain DR Cao,https://www.speedrun.com/users/minhloivn
231,1,Backlink Domain DR Cao,https://www.checkli.com/minhloivn
232,1,Backlink Domain DR Cao,https://land-book.com/minhloivn
233,1,Backlink Domain DR Cao,https://findpenguins.com/6bug6qn0ehnyx
234,1,Backlink Domain DR Cao,https://schoolido.lu/user/minhloivn/
235,1,Backlink Domain DR Cao,https://pledgeme.co.nz/profiles/368912/
236,1,Backlink Domain DR Cao,https://onespotsocial.com/minhloivn
237,1,Backlink Domain DR Cao,https://unsplash.com/@minhloivn
238,1,Backlink Domain DR Cao,https://peatix.com/user/30513518/view
239,1,Backlink Domain DR Cao,https://paladinscounter.com/users/minhloivn
240,1,Backlink Domain DR Cao,https://wemakeit.com/users/minhloivn
241,1,Backlink Domain DR Cao,https://cinderella.pro/user/314952/minhloivn
242,1,Backlink Domain DR Cao,https://app.talkshoe.com/user/minhloivn
243,1,Backlink Domain DR Cao,https://bandori.party/user/1691994/minhloivn/
244,1,Backlink Domain DR Cao,https://sciencemission.com/profile/minhloivn
245,1,Backlink Domain DR Cao,https://protospielsouth.com/user/174502
246,1,Backlink Domain DR Cao,https://www.sideprojectors.com/user/profile/268512/
247,1,Backlink Domain DR Cao,https://gifyu.com/minhloivn
248,1,Backlink Domain DR Cao,https://profiles.delphiforums.com/n/pfx/profile.aspx?webtag=dfpprofile000&userId=1891294232
249,1,Backlink Domain DR Cao,https://l2top.co/forum/members/minhloivn.241207/
250,1,Backlink Domain DR Cao,https://www.gta5-mods.com/users/minhloivn
251,1,Backlink Domain DR Cao,https://myword.mn.co/posts/106950756
252,1,Backlink Domain DR Cao,https://mylinh2411.mn.co/posts/106950757
253,1,Backlink Domain DR Cao,https://maybeline-products.mn.co/posts/106950750
254,1,Backlink Domain DR Cao,https://nesttea.mn.co/posts/106950754
255,1,Backlink Domain DR Cao,https://rongbay.com/Ba-Ria-Vung-Tau/Moi-hinh-thuc-phu-hop-voi-mot-cach-truyen-tai-c100-raovat-34579856.html
256,1,Backlink Domain DR Cao,https://jasa-seo.mn.co/posts/106950749
257,1,Backlink Domain DR Cao,https://network-316491.mn.co/posts/106950746
258,1,Backlink Domain DR Cao,https://sites.google.com/view/thanhphuong2018-quangcaoaphid/trang-ch%E1%BB%A7
259,1,Backlink Domain DR Cao,https://friendtalk.mn.co/posts/106950745
260,1,Backlink Domain DR Cao,https://raovatsaigon.forum-viet.com/t16695-moi-hinh-thuc-phu-hop-voi-mot-cach-truyen-tai#16791
261,1,Backlink Domain DR Cao,https://tudomuaban.com/chi-tiet-rao-vat/3018615/moi-hinh-thuc-phu-hop-voi-mot-cach-truyen-tai.html
262,1,Backlink Domain DR Cao,https://allabout-jenifer.mn.co/posts/106950761
263,1,Backlink Domain DR Cao,https://forums.siliconera.com/threads/m%E1%BB%97i-h%C3%ACnh-th%E1%BB%A9c-ph%C3%B9-h%E1%BB%A3p-v%E1%BB%9Bi-m%E1%BB%99t-c%C3%A1ch-truy%E1%BB%81n-t%E1%BA%A3i.188489/
264,1,Backlink Domain DR Cao,https://band.us/band/92323908/post/1595
265,1,Backlink Domain DR Cao,https://vi.anotepad.com/note/read/959n2mkq
266,1,Backlink Domain DR Cao,https://www.diigo.com/item/note/bc3zy/ag87?k=0194e131ee41a9d1ae15d70bd2c7994e
267,1,Backlink Domain DR Cao,https://hackmd.io/@Jennifer2025/SkTuvjK_fg
268,1,Backlink Domain DR Cao,https://tempel.in/view/9u0uB
269,1,Backlink Domain DR Cao,https://band.us/band/92323903/post/1585
270,1,Backlink Domain DR Cao,https://page.brick.do/untitled-zDeJoaB9WEE5
271,1,Backlink Domain DR Cao,https://tudomuaban.com/chi-tiet-rao-vat/3018628/su-dong-bo-giup-thong-diep-de-duoc-ghi-nho.html
272,1,Backlink Domain DR Cao,https://rongbay.com/Ba-Ria-Vung-Tau/Su-dong-bo-giup-thong-diep-de-duoc-ghi-nho-c100-raovat-34579867.html
273,1,Backlink Domain DR Cao,https://friendtalk.mn.co/posts/106951242
274,1,Backlink Domain DR Cao,https://network-316491.mn.co/posts/106951253
275,1,Backlink Domain DR Cao,https://sites.google.com/view/thanhphuong2018-treoquangcd/trang-ch%E1%BB%A7
276,1,Backlink Domain DR Cao,https://jasa-seo.mn.co/posts/106951263
277,1,Backlink Domain DR Cao,https://maybeline-products.mn.co/posts/106951269
278,1,Backlink Domain DR Cao,https://raovatsaigon.forum-viet.com/t16696-su-%C4%91ong-bo-giup-thong-%C4%91iep-de-%C4%91uoc-ghi-nho#16792
279,1,Backlink Domain DR Cao,https://nesttea.mn.co/posts/106951272
280,1,Backlink Domain DR Cao,https://myword.mn.co/posts/106951275
281,1,Backlink Domain DR Cao,https://mylinh2411.mn.co/posts/106951278
282,1,Backlink Domain DR Cao,https://allabout-jenifer.mn.co/posts/106951235
283,1,Backlink Domain DR Cao,https://band.us/band/92323903/post/1586
284,1,Backlink Domain DR Cao,https://vi.anotepad.com/note/read/r7sdgadk
285,1,Backlink Domain DR Cao,https://www.diigo.com/item/note/bc3zy/is7w?k=9f2b43b32f1642f54ec2703623ced43f
286,1,Backlink Domain DR Cao,https://hackmd.io/@Jennifer2025/BkWX6otufx
287,1,Backlink Domain DR Cao,https://band.us/band/92323908/post/1596
288,1,Backlink Domain DR Cao,https://page.brick.do/su-dong-bo-giup-thong-diep-de-duoc-ghi-nho-V0eM2G9wexa0
289,1,Backlink Domain DR Cao,https://tempel.in/view/JBN35Vs
290,1,Backlink Domain DR Cao,https://allabout-jenifer.mn.co/posts/106969202
291,1,Backlink Domain DR Cao,https://mylinh2411.mn.co/posts/106969191
292,1,Backlink Domain DR Cao,https://myword.mn.co/posts/106969186
293,1,Backlink Domain DR Cao,https://forums.siliconera.com/threads/thi%E1%BA%BFt-k%E1%BA%BF-n%C3%AAn-%C4%91%C6%B0%E1%BB%A3c-x%C3%A2y-d%E1%BB%B1ng-theo-t%E1%BB%ABng-kho%E1%BA%A3ng-c%C3%A1ch-quan-s%C3%A1t.188560/
294,1,Backlink Domain DR Cao,https://nesttea.mn.co/posts/106969183
295,1,Backlink Domain DR Cao,https://maybeline-products.mn.co/posts/106969175
296,1,Backlink Domain DR Cao,https://network-316491.mn.co/posts/106969161
297,1,Backlink Domain DR Cao,https://jasa-seo.mn.co/posts/106969167
298,1,Backlink Domain DR Cao,https://friendtalk.mn.co/posts/106969158
299,1,Backlink Domain DR Cao,https://sites.google.com/view/thanhphuong2018-thietkekhoangc/trang-ch%E1%BB%A7
300,1,Backlink Domain DR Cao,https://rongbay.com/Ba-Ria-Vung-Tau/Thiet-ke-nen-duoc-xay-dung-theo-tung-khoang-cach-quan-sat-c100-raovat-34580065.html
301,1,Backlink Domain DR Cao,https://tudomuaban.com/chi-tiet-rao-vat/3019182/thiet-ke-nen-duoc-xay-dung-theo-tung-khoang-cach-quan-sat.html
302,1,Backlink Domain DR Cao,https://raovatsaigon.forum-viet.com/t16698-thiet-ke-nen-%C4%91uoc-xay-dung-theo-tung-khoang-cach-quan-sat#16794
303,1,Backlink Domain DR Cao,https://band.us/band/92323908/post/1597
304,1,Backlink Domain DR Cao,https://vi.anotepad.com/note/read/5y55t4xt
305,1,Backlink Domain DR Cao,https://www.diigo.com/item/note/bc3zy/hdi2?k=0a9927f0c96d16f0fe7746d5f3ffe92a
306,1,Backlink Domain DR Cao,https://page.brick.do/thiet-ke-nen-duoc-xay-dung-theo-tung-khoang-cach-quan-sat-A8JwgBqrKnO7
307,1,Backlink Domain DR Cao,https://tempel.in/view/4TuNU
308,1,Backlink Domain DR Cao,https://band.us/band/92323903/post/1587
309,1,Backlink Domain DR Cao,https://hackmd.io/@Jennifer2025/S11u3ysOMl
310,1,Backlink Domain DR Cao,https://allabout-jenifer.mn.co/posts/106969662
311,1,Backlink Domain DR Cao,https://sites.google.com/view/thanhphuong2018-chiengdihtreh/trang-ch%E1%BB%A7
312,1,Backlink Domain DR Cao,https://band.us/band/92323903/post/1588
313,1,Backlink Domain DR Cao,https://friendtalk.mn.co/posts/106969671
314,1,Backlink Domain DR Cao,https://jasa-seo.mn.co/posts/106969684
315,1,Backlink Domain DR Cao,https://tudomuaban.com/chi-tiet-rao-vat/3019203/thoi-gian-trien-khai-cung-can-duoc-tinh-nhu-mot-phan-cua-chien-dich.html
316,1,Backlink Domain DR Cao,https://maybeline-products.mn.co/posts/106969691
317,1,Backlink Domain DR Cao,https://rongbay.com/Ba-Ria-Vung-Tau/Thoi-gian-trien-khai-cung-can-duoc-tinh-nhu-mot-phan-cua-chien-dich-c100-raovat-34580089.html
318,1,Backlink Domain DR Cao,https://nesttea.mn.co/posts/106969693
319,1,Backlink Domain DR Cao,https://raovatsaigon.forum-viet.com/t16699-thoi-gian-trien-khai-cung-can-%C4%91uoc-tinh-nhu-mot-phan-cua-chien-dich#16795
320,1,Backlink Domain DR Cao,https://myword.mn.co/posts/106969695
321,1,Backlink Domain DR Cao,https://band.us/band/92323908/post/1598
322,1,Backlink Domain DR Cao,https://network-316491.mn.co/posts/106969680
323,1,Backlink Domain DR Cao,https://mylinh2411.mn.co/posts/106969697
324,1,Backlink Domain DR Cao,https://tempel.in/view/Rt30ga
325,1,Backlink Domain DR Cao,https://vi.anotepad.com/note/read/g8pyw5mc
326,1,Backlink Domain DR Cao,https://www.diigo.com/item/note/bc3zy/5htc?k=36487aed18c9eff1cb6437db3133d793
327,1,Backlink Domain DR Cao,https://hackmd.io/@Jennifer2025/SJBymgoOMg
328,1,Backlink Domain DR Cao,https://page.brick.do/thoi-gian-trien-khai-cung-can-duoc-tinh-nhu-mot-phan-cua-chien-dich-n9xwgm31vWj7
329,1,Backlink Domain DR Cao,https://friendtalk.mn.co/posts/106970275
330,1,Backlink Domain DR Cao,https://allabout-jenifer.mn.co/posts/106970284
331,1,Backlink Domain DR Cao,https://raovatsaigon.forum-viet.com/t16700-co-phuon-tao-hieu-ung-dan-huong-tu-nhien#16796
332,1,Backlink Domain DR Cao,https://network-316491.mn.co/posts/106970276
333,1,Backlink Domain DR Cao,https://jasa-seo.mn.co/posts/106970277
334,1,Backlink Domain DR Cao,https://maybeline-products.mn.co/posts/106970280
335,1,Backlink Domain DR Cao,https://nesttea.mn.co/posts/106970282
336,1,Backlink Domain DR Cao,https://sites.google.com/view/a-ch-chuyn-thit-k-bng-rn-c-phn/trang-ch%E1%BB%A7
337,1,Backlink Domain DR Cao,https://raovat49.com/s/dia-chi-chuyen-thiet-ke-bang-ron-co-phuon-chuyen-nghiep-uy-tin-6546707
338,1,Backlink Domain DR Cao,https://allabout-jenifer.mn.co/posts/106729709
339,1,Backlink Domain DR Cao,https://tudomuaban.com/chi-tiet-rao-vat/3014611/dia-chi-chuyen-thiet-ke-bang-ron-co-phuon-chuyen-nghiep-uy-tin.html
340,1,Backlink Domain DR Cao,https://forums.siliconera.com/threads/%C4%90%E1%BB%8Ba-ch%E1%BB%89-chuy%C3%AAn-thi%E1%BA%BFt-k%E1%BA%BF-b%C4%83ng-r%C3%B4n-c%E1%BB%9D-ph%C6%B0%E1%BB%9Bn-chuy%C3%AAn-nghi%E1%BB%87p-uy-t%C3%ADn.187436/
341,1,Backlink Domain DR Cao,https://network-316491.mn.co/posts/106729720
342,1,Backlink Domain DR Cao,https://chobaolam.vn/threads/da-ch-chuyen-thit-k-bang-ron-co-phuon-chuyen-nghip-uy-tin.894766/
343,1,Backlink Domain DR Cao,https://hsph.forum.st/t26252-topic#32531
344,1,Backlink Domain DR Cao,https://kenhtonghop.forumvi.com/t3247-%C4%90ia-chi-chuyen-thiet-ke-bang-ron-co-phuon-chuyen-nghiep-uy-tin#3251
345,1,Backlink Domain DR Cao,https://jasa-seo.mn.co/posts/106729734
346,1,Backlink Domain DR Cao,https://silvery-parrot-10d2nb6.mystrikingly.com/
347,1,Backlink Domain DR Cao,https://writexo.com/share/9912c496bd93
348,1,Backlink Domain DR Cao,https://maybeline-products.mn.co/posts/106729756
349,1,Backlink Domain DR Cao,https://raovatsaigon.forum-viet.com/t16652-%C4%90ia-chi-chuyen-thiet-ke-bang-ron-co-phuon-chuyen-nghiep-uy-tin#16748
350,1,Backlink Domain DR Cao,https://raovat.nhadat.vn/dia-chi-chuyen-thiet-ke-bang-809658.html#post809207
351,1,Backlink Domain DR Cao,https://band.us/band/101973599/post/178
352,1,Backlink Domain DR Cao,https://rongbay.com/TP-HCM/Dia-chi-chuyen-thiet-ke-bang-ron-co-phuon-chuyen-nghiep-uy-tin-c100-raovat-34577951.html
353,1,Backlink Domain DR Cao,https://penzu.com/public/1f2a2bde8e5ba0c2
354,1,Backlink Domain DR Cao,https://diendannhansu.com/threads/dia-chi-chuyen-thiet-ke-bang-ron-co-phuon-chuyen-nghiep-uy-tin.998794/
355,1,Backlink Domain DR Cao,https://nesttea.mn.co/posts/106892767
356,1,Backlink Domain DR Cao,https://padlet.com/nguyenminhgiang12121968/my-fancy-padlet-za6vf2kry9e48tlr/wish/pRxDZ4MrePXMW183
357,1,Backlink Domain DR Cao,https://telescope.ac/hhjjhj/a-ch-chuyn-thit-k-bng-rn-c-phn-chuyn-nghip-uy-tn
358,1,Backlink Domain DR Cao,https://mylinh2411.mn.co/posts/106892797
359,1,Backlink Domain DR Cao,https://www.webtretho.vn/p/tao-bai-viet
360,1,Backlink Domain DR Cao,https://ndgjqlnh1gn3.blog.fc2.com/blog-entry-2038.html
361,1,Backlink Domain DR Cao,https://friendtalk.mn.co/posts/106892854
362,1,Backlink Domain DR Cao,https://www.pageorama.com/?p=chuy%C3%AAn-thi%E1%BA%BFt-k%E1%BA%BF-b%C4%83ng-r%C3%B4n-c%E1%BB%9D-ph%C6%B0%E1%BB%9Bn-chuy%C3%AAn-nghi%E1%BB%87p-uy-t%C3%ADn
363,1,Backlink Domain DR Cao,https://wefunder.com/feed/380022-d-a-ch-chuyen-thi-t-k-bang-ron-c-ph-n-chuyen-nghi-p-uy-tin
364,1,Backlink Domain DR Cao,https://myword.mn.co/posts/106893169
365,1,Backlink Domain DR Cao,https://doc.clickup.com/90181205712/d/h/2kzkfzpg-16238/86da1618644b712
366,1,Backlink Domain DR Cao,https://muabantonghop.amebaownd.com/posts/59199892
367,1,Backlink Domain DR Cao,https://sites.google.com/view/minhli-cungcpdchvtreobngrncphn/trang-ch%E1%BB%A7
368,1,Backlink Domain DR Cao,https://raovat49.com/s/minh-loi-cung-cap-dich-vu-treo-bang-ron-co-phuon-tren-pham-vi-toan-quoc-6550141
369,1,Backlink Domain DR Cao,https://rongbay.com/TP-HCM/Minh-Loi-cung-cap-dich-vu-treo-bang-ron-co-phuon-tren-pham-vi-toan-quoc-c100-raovat-34579275.html
370,1,Backlink Domain DR Cao,https://allabout-jenifer.mn.co/posts/106896636
371,1,Backlink Domain DR Cao,https://tudomuaban.com/chi-tiet-rao-vat/3017350/minh-loi---cung-cap-dich-vu-treo-bang-ron-co-phuon-tren-pham-vi-toan-quoc.html
372,1,Backlink Domain DR Cao,https://forums.siliconera.com/threads/minh-l%E1%BB%A3i-cung-c%E1%BA%A5p-d%E1%BB%8Bch-v%E1%BB%A5-treo-b%C4%83ng-r%C3%B4n-c%E1%BB%9D-ph%C6%B0%E1%BB%9Bn-tr%C3%AAn-ph%E1%BA%A1m-vi-to%C3%A0n-qu%E1%BB%91c.188216/
373,1,Backlink Domain DR Cao,https://hsph.forum.st/t26256-minh-l%E1%BB%A3i-cung-c%E1%BA%A5p-d%E1%BB%8Bch-v%E1%BB%A5-treo-b%C4%83ng-r%C3%B4n-c%E1%BB%9D-ph%C6%B0%E1%BB%9Bn-tr%C3%AAn-ph%E1%BA%A1m-vi-to%C3%A0n-qu%E1%BB%91c#32535
374,1,Backlink Domain DR Cao,https://kenhtonghop.forumvi.com/t3251-minh-loi-cung-cap-dich-vu-treo-bang-ron-co-phuon-tren-pham-vi-toan-quoc#3255
375,1,Backlink Domain DR Cao,https://network-316491.mn.co/posts/106896644
376,1,Backlink Domain DR Cao,https://auburn-iris-10d2nb6.mystrikingly.com/
377,1,Backlink Domain DR Cao,https://writexo.com/share/3399721d7904
378,1,Backlink Domain DR Cao,https://raovatsaigon.forum-viet.com/t16675-minh-loi-cung-cap-dich-vu-treo-bang-ron-co-phuon-tren-pham-vi-toan-quoc#16771
379,1,Backlink Domain DR Cao,https://raovat.nhadat.vn/minh-loi-cung-cap-dich-vu-809713.html#post809262
380,1,Backlink Domain DR Cao,https://jasa-seo.mn.co/posts/106896650
381,1,Backlink Domain DR Cao,https://hackmd.okfn.de/s/r1FaHb_dGx
382,1,Backlink Domain DR Cao,https://band.us/band/101973599/post/181
383,1,Backlink Domain DR Cao,https://maybeline-products.mn.co/posts/106896847
384,1,Backlink Domain DR Cao,https://www.pageorama.com/?p=minh-l%E1%BB%A3i-cung-c%E1%BA%A5p-d%E1%BB%8Bch-v%E1%BB%A5-treo-b%C4%83ng-r%C3%B4n-c%E1%BB%9D-ph%C6%B0%E1%BB%9Bn-tr%C3%AAn-ph%E1%BA%A1m-vi-to%C3%A0n-qu%E1%BB%91c
385,1,Backlink Domain DR Cao,https://chobaolam.vn/threads/minh-li-cung-cap-dch-vu-treo-bang-ron-co-phuon-tren-pham-vi-toan-quc.895025/
386,1,Backlink Domain DR Cao,https://dongnairaovat.com/threads/minh-loi-cung-cap-dich-vu-treo-bang-ron-co-phuon-tren-pham-vi-toan-quoc.249631.html
387,1,Backlink Domain DR Cao,https://doc.clickup.com/90181205712/d/h/2kzkfzpg-16278/d10845167d8e585
388,1,Backlink Domain DR Cao,https://diendan.clbmarketing.com/d/293009-minh-loi-cung-cap-dich-vu-treo-bang-ron-co-phuon-tren-pham-vi-toan-quoc
389,1,Backlink Domain DR Cao,https://penzu.com/public/02ccdedade31b0d3
390,1,Backlink Domain DR Cao,https://diendannhansu.com/threads/minh-loi-cung-cap-dich-vu-treo-bang-ron-co-phuon-tren-pham-vi-toan-quoc.999363/
391,1,Backlink Domain DR Cao,https://nesttea.mn.co/posts/106897026
392,1,Backlink Domain DR Cao,https://padlet.com/nguyenminhgiang12121968/my-fancy-padlet-za6vf2kry9e48tlr/wish/MbejW1AlR9YoWNkG
393,1,Backlink Domain DR Cao,https://wefunder.com/feed/380180-minh-l-i-cung-c-p-d-ch-v-treo-bang-ron-c-ph-n-tren-ph-m-vi-toan-qu-c
394,1,Backlink Domain DR Cao,https://gitlab.vuhdo.io/-/snippets/24313
395,1,Backlink Domain DR Cao,https://mylinh2411.mn.co/posts/106897029
396,1,Backlink Domain DR Cao,https://quechi1212.blogspot.com/2026/09/minh-loi-cung-cap-dich-vu-treo-bang-ron.html
397,1,Backlink Domain DR Cao,https://muabantonghop.amebaownd.com/posts/59200902
398,1,Backlink Domain DR Cao,https://leetcode.com/discuss/post/8501754/minh-loi-cung-cap-dich-vu-treo-bang-ron-ggesk/
399,1,Backlink Domain DR Cao,https://friendtalk.mn.co/posts/106897032
400,1,Backlink Domain DR Cao,https://tempel.in/view/88W6pWK8
401,1,Backlink Domain DR Cao,https://ndgjqlnh1gn3.blog.fc2.com/blog-entry-2043.html
402,1,Backlink Domain DR Cao,https://myword.mn.co/posts/106897035
403,1,Backlink Domain DR Cao,https://telescope.ac/hhjjhj/Minh-Li---cung-cp-dch-v-treo-bng-rn-c-phn-trn-phm-vi-ton-quc
404,1,Backlink Domain DR Cao,https://www.webtretho.vn/f/kinh-nghiem-hay-huu-ich/minh-loi-cung-cap-dich-vu-treo-bang-ron-co-phuon-tren-pham-vi-toan-quoc
405,1,Backlink Domain DR Cao,https://www.linkedin.com/pulse/minh-l%25E1%25BB%25A3i-cung-c%25E1%25BA%25A5p-d%25E1%25BB%258Bch-v%25E1%25BB%25A5-treo-b%25C4%2583ng-r%25C3%25B4n-c%25E1%25BB%259D-ph%25C6%25B0%25E1%25BB%259Bn-tr%25C3%25AAn-ngo-iefdc/
406,1,Backlink Domain DR Cao,https://sites.google.com/view/nhngkinhnghimhaychncchthitktre/trang-ch%E1%BB%A7
407,1,Backlink Domain DR Cao,https://raovat49.com/s/nhung-kinh-nghiem-hay-de-chon-cach-thiet-ke-treo-bang-ron-co-phuong-huu-dung-6550206
408,1,Backlink Domain DR Cao,https://rongbay.com/TP-HCM/Nhung-kinh-nghiem-hay-de-chon-cach-thiet-ke-treo-bang-ron-co-phuong-huu-dung-c100-raovat-34579440.html
409,1,Backlink Domain DR Cao,https://allabout-jenifer.mn.co/posts/106915416
410,1,Backlink Domain DR Cao,https://tudomuaban.com/chi-tiet-rao-vat/3017781/nhung-kinh-nghiem-hay-de-chon-cach-thiet-ke-treo-bang-ron-co-phuong-huu-dung.html
411,1,Backlink Domain DR Cao,https://forums.siliconera.com/threads/nh%E1%BB%AFng-kinh-nghi%E1%BB%87m-hay-%C4%91%E1%BB%83-ch%E1%BB%8Dn-c%C3%A1ch-thi%E1%BA%BFt-k%E1%BA%BF-treo-b%C4%83ng-r%C3%B4n-c%E1%BB%9D-ph%C6%B0%E1%BB%9Bng-h%E1%BB%AFu-d%E1%BB%A5ng.188340/
412,1,Backlink Domain DR Cao,https://chobaolam.vn/threads/nhng-kinh-nghim-hay-d-chn-cach-thit-k-treo-bang-ron-co-phuong-hu-dung.895063/
413,1,Backlink Domain DR Cao,https://network-316491.mn.co/posts/106915423
414,1,Backlink Domain DR Cao,https://hsph.forum.st/t26259-topic#32538
415,1,Backlink Domain DR Cao,https://kenhtonghop.forumvi.com/t3254-nhung-kinh-nghiem-hay-%C4%91e-chon-cach-thiet-ke-treo-bang-ron-co-phuong-huu-dung#3258
416,1,Backlink Domain DR Cao,https://jasa-seo.mn.co/posts/106915625
417,1,Backlink Domain DR Cao,https://industrious-alligator-10d2nbw.mystrikingly.com/
418,1,Backlink Domain DR Cao,https://writexo.com/share/517d82819ffa
419,1,Backlink Domain DR Cao,https://maybeline-products.mn.co/posts/106915640
420,1,Backlink Domain DR Cao,https://raovatsaigon.forum-viet.com/t16685-nhung-kinh-nghiem-hay-%C4%91e-chon-cach-thiet-ke-treo-bang-ron-co-phuong-huu-dung#16781
421,1,Backlink Domain DR Cao,https://raovat.nhadat.vn/nhung-kinh-nghiem-hay-de-chon-809726.html#post809275
422,1,Backlink Domain DR Cao,https://band.us/band/101973599/post/183
423,1,Backlink Domain DR Cao,https://www.pageorama.com/?p=nh%E1%BB%AFng-kinh-nghi%E1%BB%87m-hay-%C4%91%E1%BB%83-ch%E1%BB%8Dn-c%C3%A1ch-thi%E1%BA%BFt-k%E1%BA%BF-treo-b%C4%83ng-r%C3%B4n-c%E1%BB%9D-ph%C6%B0%E1%BB%9Bng-h%E1%BB%AFu-d%E1%BB%A5ng
424,1,Backlink Domain DR Cao,https://hackmd.okfn.de/s/rJgba5DuOMx
425,1,Backlink Domain DR Cao,https://quechi1212.blogspot.com/2026/09/nhung-kinh-nghiem-hay-e-chon-cach-thiet.html
426,1,Backlink Domain DR Cao,https://sites.google.com/view/achuytnchuyncungcpdchvtreobngr/trang-ch%E1%BB%A7
427,1,Backlink Domain DR Cao,https://raovat49.com/s/dia-chi-uy-tin-chuyen-cung-cap-dich-vu-treo-bang-ron-tren-pham-vi-toan-quoc-6552593
428,1,Backlink Domain DR Cao,https://rongbay.com/TP-HCM/Dia-chi-uy-tin-chuyen-cung-cap-dich-vu-treo-bang-ron-tren-pham-vi-toan-quoc-c100-raovat-34580606.html
429,1,Backlink Domain DR Cao,https://allabout-jenifer.mn.co/posts/106999290
430,1,Backlink Domain DR Cao,https://tudomuaban.com/chi-tiet-rao-vat/3019829/dia-chi-uy-tin-chuyen-cung-cap-dich-vu-treo-bang-ron-tren-pham-vi-toan-quoc.html
431,1,Backlink Domain DR Cao,https://forums.siliconera.com/threads/%C4%90%E1%BB%8Ba-ch%E1%BB%89-uy-t%C3%ADn-chuy%C3%AAn-cung-c%E1%BA%A5p-d%E1%BB%8Bch-v%E1%BB%A5-treo-b%C4%83ng-r%C3%B4n-tr%C3%AAn-ph%E1%BA%A1m-vi-to%C3%A0n-qu%E1%BB%91c.188690/
432,1,Backlink Domain DR Cao,https://network-316491.mn.co/posts/106999299
433,1,Backlink Domain DR Cao,https://hsph.forum.st/t26274-%C4%90%E1%BB%8Ba-ch%E1%BB%89-uy-t%C3%ADn-chuy%C3%AAn-cung-c%E1%BA%A5p-d%E1%BB%8Bch-v%E1%BB%A5-treo-b%C4%83ng-r%C3%B4n-tr%C3%AAn-ph%E1%BA%A1m-vi-to%C3%A0n-qu%E1%BB%91c#32553
434,1,Backlink Domain DR Cao,https://kenhtonghop.forumvi.com/t3262-%C4%90ia-chi-uy-tin-chuyen-cung-cap-dich-vu-treo-bang-ron-tren-pham-vi-toan-quoc#3266
435,1,Backlink Domain DR Cao,https://jasa-seo.mn.co/posts/106999308
436,1,Backlink Domain DR Cao,https://transparent-coconut-10d2nbk.mystrikingly.com/
437,1,Backlink Domain DR Cao,https://writexo.com/share/9bfbb4073921
438,1,Backlink Domain DR Cao,https://maybeline-products.mn.co/posts/106999337
439,1,Backlink Domain DR Cao,https://raovatsaigon.forum-viet.com/t16718-%C4%90ia-chi-uy-tin-chuyen-cung-cap-dich-vu-treo-bang-ron-tren-pham-vi-toan-quoc#16814
440,1,Backlink Domain DR Cao,https://raovat.nhadat.vn/newthread.php?do=postthread&f=87
441,1,Backlink Domain DR Cao,https://penzu.com/public/ef53c8af30c6929f
442,1,Backlink Domain DR Cao,https://diendannhansu.com/threads/dia-chi-uy-tin-chuyen-cung-cap-dich-vu-treo-bang-ron-tren-pham-vi-toan-quoc.1000000/
443,1,Backlink Domain DR Cao,https://nesttea.mn.co/posts/107006490
444,1,Backlink Domain DR Cao,https://www.pageorama.com/?p=%C4%90%E1%BB%8Ba-ch%E1%BB%89-uy-t%C3%ADn-chuy%C3%AAn-cung-c%E1%BA%A5p-d%E1%BB%8Bch-v%E1%BB%A5-treo-b%C4%83ng-r%C3%B4n-tr%C3%AAn-ph%E1%BA%A1m-vi-to%C3%A0n-qu%E1%BB%91c
445,1,Backlink Domain DR Cao,https://chobaolam.vn/threads/da-ch-uy-tin-chuyen-cung-cap-dch-vu-treo-bang-ron-tren-pham-vi-toan-quc.895222/
446,1,Backlink Domain DR Cao,https://wefunder.com/feed/381303-d-a-ch-uy-tin-chuyen-cung-c-p-d-ch-v-treo-bang-ron-tren-ph-m-vi-toan-qu-c
447,1,Backlink Domain DR Cao,https://mylinh2411.mn.co/posts/107006546
448,1,Backlink Domain DR Cao,https://page.brick.do/dia-chi-uy-tin-chuyen-cung-cap-dich-vu-treo-bang-ron-tren-pham-vi-toan-quoc-j9KvyNvRQMvL
449,1,Backlink Domain DR Cao,https://padlet.com/nguyenminhgiang12121968/my-fancy-padlet-za6vf2kry9e48tlr/wish/lDK1ZRzkPE5oZJ9z
450,1,Backlink Domain DR Cao,https://friendtalk.mn.co/posts/107006596
451,1,Backlink Domain DR Cao,https://telescope.ac/hhjjhj/a-ch-uy-tn-chuyn-cung-cp-dch-v-treo-bng-rn-trn-phm-vi-ton-quc
452,1,Backlink Domain DR Cao,https://www.webtretho.vn/f/kinh-nghiem-hay-huu-ich/dia-chi-uy-tin-chuyen-cung-cap-dich-vu-treo-bang-ron-tren-pham-vi-toan-quoc
453,1,Backlink Domain DR Cao,https://myword.mn.co/posts/107006648
454,1,Backlink Domain DR Cao,https://ndgjqlnh1gn3.blog.fc2.com/blog-entry-2052.html
455,1,Backlink Domain DR Cao,https://doc.clickup.com/90181205712/d/h/2kzkfzpg-16498/4e727354fc40e62
456,1,Backlink Domain DR Cao,https://sites.google.com/view/treo-bng-rn-treo-c-phn-cch-xy-/trang-ch%E1%BB%A7
457,1,Backlink Domain DR Cao,https://raovat49.com/s/treo-bang-ron-treo-co-phuon-cach-xay-dung-su-hien-dien-truc-tiep-cua-thuong-hieu-6552652
458,1,Backlink Domain DR Cao,https://rongbay.com/TP-HCM/Treo-bang-ron-treo-co-phuon-cach-xay-dung-su-hien-dien-truc-tiep-cua-thuong-hieu-c100-raovat-34580734.html
459,1,Backlink Domain DR Cao,https://network-316491.mn.co/posts/107015483
460,1,Backlink Domain DR Cao,https://tudomuaban.com/chi-tiet-rao-vat/3020191/treo-bang-ron-treo-co-phuon---cach-xay-dung-su-hien-dien-truc-tiep-cua-thuong-hieu.html
461,1,Backlink Domain DR Cao,https://forums.siliconera.com/threads/treo-b%C4%83ng-r%C3%B4n-treo-c%E1%BB%9D-ph%C6%B0%E1%BB%9Bn-c%C3%A1ch-x%C3%A2y-d%E1%BB%B1ng-s%E1%BB%B1-hi%E1%BB%87n-di%E1%BB%87n-tr%E1%BB%B1c-ti%E1%BA%BFp-c%E1%BB%A7a-th%C6%B0%C6%A1ng-hi%E1%BB%87u.188833/
462,1,Backlink Domain DR Cao,https://nesttea.mn.co/posts/107015503
463,1,Backlink Domain DR Cao,https://kenhrao.com/tin-dang/treo-bang-ron-treo-co-phuon-cach-xay-dung-su-hien-dien-truc-tiep-cua-thuong-hieu.1000900/
464,1,Backlink Domain DR Cao,https://forum.dmec.vn/index.php?threads/treo-b%C4%83ng-r%C3%B4n-treo-c%E1%BB%9D-ph%C6%B0%E1%BB%9Bn-c%C3%A1ch-x%C3%A2y-d%E1%BB%B1ng-s%E1%BB%B1-hi%E1%BB%87n-di%E1%BB%87n-tr%E1%BB%B1c-ti%E1%BA%BFp-c%E1%BB%A7a-th%C6%B0%C6%A1ng-hi%E1%BB%87u.1658440/
465,1,Backlink Domain DR Cao,https://jasa-seo.mn.co/posts/107015516
466,1,Backlink Domain DR Cao,https://persuasive-raccoon-10cjhbx.mystrikingly.com/
467,1,Backlink Domain DR Cao,https://writexo.com/share/3aedd36da760
468,1,Backlink Domain DR Cao,https://maybeline-products.mn.co/posts/107015582
469,1,Backlink Domain DR Cao,https://band.us/band/98633036/post/1081
470,1,Backlink Domain DR Cao,https://penzu.com/public/6e4e25ef37ed4e3f
471,1,Backlink Domain DR Cao,https://diendannhansu.com/threads/treo-bang-ron-treo-co-phuon-cach-xay-dung-su-hien-dien-truc-tiep-cua-thuong-hieu.1000074/
472,1,Backlink Domain DR Cao,https://www.pageorama.com/?p=treo-b%C4%83ng-r%C3%B4n-treo-c%E1%BB%9D-ph%C6%B0%E1%BB%9Bn-c%C3%A1ch-x%C3%A2y-d%E1%BB%B1ng-s%E1%BB%B1-hi%E1%BB%87n-di%E1%BB%87n-tr%E1%BB%B1c-ti%E1%BA%BFp-c%E1%BB%A7a-th%C6%B0%C6%A1ng-hi%E1%BB%87u
473,1,Backlink Domain DR Cao,https://mylinh2411.mn.co/posts/107017787
474,1,Backlink Domain DR Cao,https://page.brick.do/treo-bang-ron-treo-co-phuon-cach-xay-dung-su-hien-dien-truc-tiep-cua-thuong-hieu-bv1qv8g38Bo8
475,1,Backlink Domain DR Cao,https://wefunder.com/feed/381427-treo-bang-ron-treo-c-ph-n-cach-xay-d-ng-s-hi-n-di-n-tr-c-ti-p-c-a-th-ng-hi-u
476,1,Backlink Domain DR Cao,https://friendtalk.mn.co/posts/107017811
477,1,Backlink Domain DR Cao,https://telescope.ac/raovat/Treo-bng-rn-treo-c-phn---cch-xy-dng-s-hin-din-trc-tip-ca-thng-hiu
478,1,Backlink Domain DR Cao,https://www.webtretho.vn/f/kinh-nghiem-hay-huu-ich/treo-bang-ron-treo-co-phuon-cach-xay-dung-su-hien-dien-truc-tiep-cua-thuong-hieu
479,1,Backlink Domain DR Cao,https://myword.mn.co/posts/107017828
480,1,Backlink Domain DR Cao,https://hackmd.okfn.de/s/rkcQE82uzx
481,1,Backlink Domain DR Cao,https://allabout-jenifer.mn.co/posts/107017837
482,1,Backlink Domain DR Cao,https://ndgjqlnh1gn3.blog.fc2.com/blog-entry-2054.html
483,1,Backlink Domain DR Cao,https://doc.clickup.com/90181312164/d/h/2kzkk7n4-3918/7dad314efd010f3
484,1,Backlink Domain DR Cao,https://quechi2020.blogspot.com/2026/09/treo-bang-ron-treo-co-phuon-cach-xay.html
485,1,Backlink Domain DR Cao,https://sites.google.com/view/qungcominhli-achchuynthitkbngr/trang-ch%E1%BB%A7
486,1,Backlink Domain DR Cao,https://raovat49.com/s/quang-cao-minh-loi-dia-chi-chuyen-thiet-ke-bang-ron-co-phuon-chuyen-nghiep-uy-tin-6552664
487,1,Backlink Domain DR Cao,https://rongbay.com/TP-HCM/Quang-cao-Minh-Loi-Dia-chi-chuyen-thiet-ke-bang-ron-co-phuon-chuyen-nghiep-uy-tin-c100-raovat-34580785.html
488,1,Backlink Domain DR Cao,https://network-316491.mn.co/posts/107021764
489,1,Backlink Domain DR Cao,https://tudomuaban.com/chi-tiet-rao-vat/3020321/quang-cao-minh-loi---dia-chi-chuyen-thiet-ke-bang-ron-co-phuon-chuyen-nghiep-uy-tin.html
490,1,Backlink Domain DR Cao,https://forums.siliconera.com/threads/qu%E1%BA%A3ng-c%C3%A1o-minh-l%E1%BB%A3i-%C4%90%E1%BB%8Ba-ch%E1%BB%89-chuy%C3%AAn-thi%E1%BA%BFt-k%E1%BA%BF-b%C4%83ng-r%C3%B4n-c%E1%BB%9D-ph%C6%B0%E1%BB%9Bn-chuy%C3%AAn-nghi%E1%BB%87p-uy-t%C3%ADn.188851/
491,1,Backlink Domain DR Cao,https://nesttea.mn.co/posts/107021768
492,1,Backlink Domain DR Cao,https://kenhrao.com/tin-dang/quang-cao-minh-loi-dia-chi-chuyen-thiet-ke-bang-ron-co-phuon-chuyen-nghiep-uy-tin.1000929/
493,1,Backlink Domain DR Cao,https://forum.dmec.vn/index.php?threads/qu%E1%BA%A3ng-c%C3%A1o-minh-l%E1%BB%A3i-%C4%90%E1%BB%8Ba-ch%E1%BB%89-chuy%C3%AAn-thi%E1%BA%BFt-k%E1%BA%BF-b%C4%83ng-r%C3%B4n-c%E1%BB%9D-ph%C6%B0%E1%BB%9Bn-chuy%C3%AAn-nghi%E1%BB%87p-uy-t%C3%ADn.1658469/
494,1,Backlink Domain DR Cao,https://jasa-seo.mn.co/posts/107021773
495,1,Backlink Domain DR Cao,https://purplish-iris-10cjhbs.mystrikingly.com/
496,1,Backlink Domain DR Cao,https://writexo.com/share/a30bdb080210
497,1,Backlink Domain DR Cao,https://maybeline-products.mn.co/posts/107021784
498,1,Backlink Domain DR Cao,https://band.us/band/98633036/post/1084
499,1,Backlink Domain DR Cao,https://doc.clickup.com/90181312164/d/h/2kzkk7n4-3938/6944809ce7fea65
500,1,Backlink Domain DR Cao,https://penzu.com/public/1555e59a32881066
501,1,Backlink Domain DR Cao,https://diendannhansu.com/threads/quang-cao-minh-loi-dia-chi-chuyen-thiet-ke-bang-ron-co-phuon-chuyen-nghiep-uy-tin.1000089/
502,1,Backlink Domain DR Cao,https://www.pageorama.com/?p=qu%E1%BA%A3ng-c%C3%A1o-minh-l%E1%BB%A3i-%C4%90%E1%BB%8Ba-ch%E1%BB%89-chuy%C3%AAn-thi%E1%BA%BFt-k%E1%BA%BF-b%C4%83ng-r%C3%B4n-c%E1%BB%9D-ph%C6%B0%E1%BB%9Bn-chuy%C3%AAn-nghi%E1%BB%87p-uy-t%C3%ADn
503,1,Backlink Domain DR Cao,https://mylinh2411.mn.co/posts/107021317
504,1,Backlink Domain DR Cao,https://page.brick.do/quang-cao-minh-loi-dia-chi-chuyen-thiet-ke-bang-ron-co-phuon-chuyen-nghiep-uy-tin-Q5m2WOAl8d71
505,1,Backlink Domain DR Cao,https://wefunder.com/feed/381453-qu-ng-cao-minh-l-i-d-a-ch-chuyen-thi-t-k-bang-ron-c-ph-n-chuyen-nghi-p-uy-tin
506,1,Backlink Domain DR Cao,https://padlet.com/baolongnguyen166/my-grand-padlet-tij6ogzi9asnnv7w/wish/lkROZPwkXLEXQjMg
507,1,Backlink Domain DR Cao,https://friendtalk.mn.co/posts/107021300
508,1,Backlink Domain DR Cao,https://telescope.ac/raovat/Qung-co-Minh-Li---a-ch-chuyn-thit-k-bng-rn-c-phn-chuyn-nghip-uy-tn
509,1,Backlink Domain DR Cao,https://www.webtretho.vn/f/kinh-nghiem-hay-huu-ich/quang-cao-minh-loi-dia-chi-chuyen-thiet-ke-bang-ron-co-phuon-chuyen-nghiep-uy-tin
510,1,Backlink Domain DR Cao,https://myword.mn.co/posts/107021273
511,1,Backlink Domain DR Cao,https://hackmd.okfn.de/s/SkyThP3_Me
512,1,Backlink Domain DR Cao,https://allabout-jenifer.mn.co/posts/107021489
513,1,Backlink Domain DR Cao,https://ndgjqlnh1gn3.blog.fc2.com/blog-entry-2057.html
514,1,Backlink Domain DR Cao,https://quechi2020.blogspot.com/2026/09/quang-cao-minh-loi-ia-chi-chuyen-thiet.html
515,1,Backlink Domain DR Cao,https://raovat49.com/s/voi-quang-cao-ngoai-troi-dia-diem-trien-khai-co-vai-tro-dac-biet-quan-trong-6553830
516,1,Backlink Domain DR Cao,https://sites.google.com/view/mt0926-qcnt1/trang-ch%E1%BB%A7
517,1,Backlink Domain DR Cao,https://tudomuaban.com/chi-tiet-rao-vat/3021127/voi-quang-cao-ngoai-troi-dia-diem-trien-khai-co-vai-tro-dac-biet-quan-trong.html
518,1,Backlink Domain DR Cao,https://logical-bison-fmtj4b.mystrikingly.com/blog/v-i-qu-ng-cao-ngoai-tr-i-d-a-di-m-tri-n-khai-co-vai-tro-d-c-bi-t-quan-tr-ng
519,1,Backlink Domain DR Cao,https://jasa-seo.mn.co/posts/107057481
520,1,Backlink Domain DR Cao,https://network-316491.mn.co/posts/107057482
521,1,Backlink Domain DR Cao,https://nesttea.mn.co/posts/v%E1%BB%9Bi-qu%E1%BA%A3ng-cao-ngoai-tr%E1%BB%9Di-d%E1%BB%8Ba-di%E1%BB%83m-tri%E1%BB%83n-khai-co-vai-tro-d%E1%BA%B7c-bi%E1%BB%87t-quan-tr%E1%BB%8Dng
522,1,Backlink Domain DR Cao,https://maybeline-products.mn.co/posts/v%E1%BB%9Bi-qu%E1%BA%A3ng-cao-ngoai-tr%E1%BB%9Di-d%E1%BB%8Ba-di%E1%BB%83m-tri%E1%BB%83n-khai-co-vai-tro-d%E1%BA%B7c-bi%E1%BB%87t-quan-tr%E1%BB%8Dng
523,1,Backlink Domain DR Cao,https://mylinh2411.mn.co/posts/v%E1%BB%9Bi-qu%E1%BA%A3ng-cao-ngoai-tr%E1%BB%9Di-d%E1%BB%8Ba-di%E1%BB%83m-tri%E1%BB%83n-khai-co-vai-tro-d%E1%BA%B7c-bi%E1%BB%87t-quan-tr%E1%BB%8Dng
524,1,Backlink Domain DR Cao,https://myword.mn.co/posts/v%E1%BB%9Bi-qu%E1%BA%A3ng-cao-ngoai-tr%E1%BB%9Di-d%E1%BB%8Ba-di%E1%BB%83m-tri%E1%BB%83n-khai-co-vai-tro-d%E1%BA%B7c-bi%E1%BB%87t-quan-tr%E1%BB%8Dng
525,1,Backlink Domain DR Cao,https://tempel.in/view/4HtW
526,1,Backlink Domain DR Cao,https://hsph.forum.st/t26290-v%E1%BB%9Bi-qu%E1%BA%A3ng-c%C3%A1o-ngo%C3%A0i-tr%E1%BB%9Di-%C4%91%E1%BB%8Ba-%C4%91i%E1%BB%83m-tri%E1%BB%83n-khai-c%C3%B3-vai-tr%C3%B2-%C4%91%E1%BA%B7c-bi%E1%BB%87t-quan-tr%E1%BB%8Dng#32569
527,1,Backlink Domain DR Cao,https://raovatsaigon.forum-viet.com/t16739-voi-quang-cao-ngoai-troi-%C4%91ia-%C4%91iem-trien-khai-co-vai-tro-%C4%91ac-biet-quan-trong#16835
528,1,Backlink Domain DR Cao,https://padlet.com/tup57046/blog-lop-hoc-pi5d5mkz8jc1unpg/wish/zV61Q6nbM06PQO98
529,1,Backlink Domain DR Cao,https://raovat49.com/s/mot-mau-thiet-ke-dep-se-kho-phat-huy-hieu-qua-neu-duoc-dat-tai-vi-tri-it-nguoi-quan-sat-6553831
530,1,Backlink Domain DR Cao,https://sites.google.com/view/mt0926-qcnt2/trang-ch%E1%BB%A7
531,1,Backlink Domain DR Cao,https://tudomuaban.com/chi-tiet-rao-vat/3021135/mot-mau-thiet-ke-dep-se-kho-phat-huy-hieu-qua-neu-duoc-dat-tai-vi-tri-it-nguoi-quan-sat.html
532,1,Backlink Domain DR Cao,https://logical-bison-fmtj4b.mystrikingly.com/blog/m-t-m-u-thi-t-k-d-p-s-kho-phat-huy-hi-u-qu-n-u-d-c-d-t-t-i-v-tri-it
533,1,Backlink Domain DR Cao,https://jasa-seo.mn.co/posts/107057804
534,1,Backlink Domain DR Cao,https://network-316491.mn.co/posts/107057805
535,1,Backlink Domain DR Cao,https://nesttea.mn.co/posts/m%E1%BB%99t-m%E1%BA%ABu-thi%E1%BA%BFt-k%E1%BA%BF-d%E1%BA%B9p-s%E1%BA%BD-kho-phat-huy-hi%E1%BB%87u-qu%E1%BA%A3-n%E1%BA%BFu-d%C6%B0%E1%BB%A3c-d%E1%BA%B7t-t%E1%BA%A1i-v%E1%BB%8B-tri-it-ng%C6%B0%E1%BB%9Di-quan-sat
536,1,Backlink Domain DR Cao,https://maybeline-products.mn.co/posts/m%E1%BB%99t-m%E1%BA%ABu-thi%E1%BA%BFt-k%E1%BA%BF-d%E1%BA%B9p-s%E1%BA%BD-kho-phat-huy-hi%E1%BB%87u-qu%E1%BA%A3-n%E1%BA%BFu-d%C6%B0%E1%BB%A3c-d%E1%BA%B7t-t%E1%BA%A1i-v%E1%BB%8B-tri-it-ng%C6%B0%E1%BB%9Di-quan-sat
537,1,Backlink Domain DR Cao,https://mylinh2411.mn.co/posts/m%E1%BB%99t-m%E1%BA%ABu-thi%E1%BA%BFt-k%E1%BA%BF-d%E1%BA%B9p-s%E1%BA%BD-kho-phat-huy-hi%E1%BB%87u-qu%E1%BA%A3-n%E1%BA%BFu-d%C6%B0%E1%BB%A3c-d%E1%BA%B7t-t%E1%BA%A1i-v%E1%BB%8B-tri-it-ng%C6%B0%E1%BB%9Di-quan-sat
538,1,Backlink Domain DR Cao,https://myword.mn.co/posts/m%E1%BB%99t-m%E1%BA%ABu-thi%E1%BA%BFt-k%E1%BA%BF-d%E1%BA%B9p-s%E1%BA%BD-kho-phat-huy-hi%E1%BB%87u-qu%E1%BA%A3-n%E1%BA%BFu-d%C6%B0%E1%BB%A3c-d%E1%BA%B7t-t%E1%BA%A1i-v%E1%BB%8B-tri-it-ng%C6%B0%E1%BB%9Di-quan-sat
539,1,Backlink Domain DR Cao,https://tempel.in/view/D8DI
540,1,Backlink Domain DR Cao,https://hsph.forum.st/t26291-topic#32570
541,1,Backlink Domain DR Cao,https://padlet.com/tup57046/blog-lop-hoc-pi5d5mkz8jc1unpg/wish/KxJvagr91DokWAg0
542,1,Backlink Domain DR Cao,https://raovatsaigon.forum-viet.com/t16740-mot-mau-thiet-ke-%C4%91ep-se-kho-phat-huy-hieu-qua-neu-%C4%91uoc-%C4%91at-tai-vi-tri-it-nguoi-quan-sat#16836
543,1,Backlink Domain DR Cao,https://raovat49.com/s/mot-day-co-cung-mau-sac-hinh-anh-va-thong-diep-giup-nguoi-di-duong-nhan-ra-mot-chuong-trinh-6553833
544,1,Backlink Domain DR Cao,https://sites.google.com/view/mt0926-qcnt3/trang-ch%E1%BB%A7
545,1,Backlink Domain DR Cao,https://tudomuaban.com/chi-tiet-rao-vat/3021139/mot-day-co-cung-mau-sac-hinh-anh-va-thong-diep-giup-nguoi-di-duong-nhan-ra-mot-chuong-trinh.html
546,1,Backlink Domain DR Cao,https://logical-bison-fmtj4b.mystrikingly.com/blog/m-t-day-c-cung-mau-s-c-hinh-nh-va-thong-di-p-giup-ng-i-di-d-ng-nh-n-ra
547,1,Backlink Domain DR Cao,https://jasa-seo.mn.co/posts/107058356
548,1,Backlink Domain DR Cao,https://network-316491.mn.co/posts/107058357
549,1,Backlink Domain DR Cao,https://nesttea.mn.co/posts/m%E1%BB%99t-day-c%E1%BB%9D-cung-mau-s%E1%BA%AFc-hinh-%E1%BA%A3nh-va-thong-di%E1%BB%87p-giup-ng%C6%B0%E1%BB%9Di-di-d%C6%B0%E1%BB%9Dng-nh%E1%BA%ADn-ra-m%E1%BB%99t-ch%C6%B0%C6%A1ng-trinh
550,1,Backlink Domain DR Cao,https://maybeline-products.mn.co/posts/m%E1%BB%99t-day-c%E1%BB%9D-cung-mau-s%E1%BA%AFc-hinh-%E1%BA%A3nh-va-thong-di%E1%BB%87p-giup-ng%C6%B0%E1%BB%9Di-di-d%C6%B0%E1%BB%9Dng-nh%E1%BA%ADn-ra-m%E1%BB%99t-ch%C6%B0%C6%A1ng-trinh
551,1,Backlink Domain DR Cao,https://mylinh2411.mn.co/posts/m%E1%BB%99t-day-c%E1%BB%9D-cung-mau-s%E1%BA%AFc-hinh-%E1%BA%A3nh-va-thong-di%E1%BB%87p-giup-ng%C6%B0%E1%BB%9Di-di-d%C6%B0%E1%BB%9Dng-nh%E1%BA%ADn-ra-m%E1%BB%99t-ch%C6%B0%C6%A1ng-trinh
552,1,Backlink Domain DR Cao,https://myword.mn.co/posts/m%E1%BB%99t-day-c%E1%BB%9D-cung-mau-s%E1%BA%AFc-hinh-%E1%BA%A3nh-va-thong-di%E1%BB%87p-giup-ng%C6%B0%E1%BB%9Di-di-d%C6%B0%E1%BB%9Dng-nh%E1%BA%ADn-ra-m%E1%BB%99t-ch%C6%B0%C6%A1ng-trinh
553,1,Backlink Domain DR Cao,https://tempel.in/view/krgO2nU
554,1,Backlink Domain DR Cao,https://hsph.forum.st/t26292-m%E1%BB%99t-d%C3%A3y-c%E1%BB%9D-c%C3%B9ng-m%C3%A0u-s%E1%BA%AFc-h%C3%ACnh-%E1%BA%A3nh-v%C3%A0-th%C3%B4ng-%C4%91i%E1%BB%87p-gi%C3%BAp-ng%C6%B0%E1%BB%9Di-%C4%91i-%C4%91%C6%B0%E1%BB%9Dng-nh%E1%BA%ADn-ra-m%E1%BB%99t-ch%C6%B0%C6%A1ng-tr%C3%ACnh#32571
555,1,Backlink Domain DR Cao,https://raovatsaigon.forum-viet.com/t16741-mot-day-co-cung-mau-sac-hinh-anh-va-thong-%C4%91iep-giup-nguoi-%C4%91i-%C4%91uong-nhan-ra-mot-chuong-trinh#16837
556,1,Backlink Domain DR Cao,https://padlet.com/tup57046/blog-lop-hoc-pi5d5mkz8jc1unpg/wish/9kmlZV51ezwyQpgV
557,1,Backlink Domain DR Cao,https://raovat49.com/s/diem-dang-chu-y-la-hieu-qua-khong-chi-nam-o-tung-tam-bang-ron-6553835
558,1,Backlink Domain DR Cao,https://sites.google.com/view/mt0926-qcnt4/trang-ch%E1%BB%A7
559,1,Backlink Domain DR Cao,https://tudomuaban.com/chi-tiet-rao-vat/3021147/diem-dang-chu-y-la-hieu-qua-khong-chi-nam-o-tung-tam-bang-ron.html
560,1,Backlink Domain DR Cao,https://logical-bison-fmtj4b.mystrikingly.com/blog/di-m-dang-chu-y-la-hi-u-qu-khong-ch-n-m-t-ng-t-m-bang-ron
561,1,Backlink Domain DR Cao,https://jasa-seo.mn.co/posts/107058757
562,1,Backlink Domain DR Cao,https://network-316491.mn.co/posts/107058759
563,1,Backlink Domain DR Cao,https://nesttea.mn.co/posts/di%E1%BB%83m-dang-chu-y-la-hi%E1%BB%87u-qu%E1%BA%A3-khong-ch%E1%BB%89-n%E1%BA%B1m-%E1%BB%9F-t%E1%BB%ABng-t%E1%BA%A5m-bang-ron
564,1,Backlink Domain DR Cao,https://maybeline-products.mn.co/posts/di%E1%BB%83m-dang-chu-y-la-hi%E1%BB%87u-qu%E1%BA%A3-khong-ch%E1%BB%89-n%E1%BA%B1m-%E1%BB%9F-t%E1%BB%ABng-t%E1%BA%A5m-bang-ron
565,1,Backlink Domain DR Cao,https://mylinh2411.mn.co/posts/di%E1%BB%83m-dang-chu-y-la-hi%E1%BB%87u-qu%E1%BA%A3-khong-ch%E1%BB%89-n%E1%BA%B1m-%E1%BB%9F-t%E1%BB%ABng-t%E1%BA%A5m-bang-ron
566,1,Backlink Domain DR Cao,https://myword.mn.co/posts/di%E1%BB%83m-dang-chu-y-la-hi%E1%BB%87u-qu%E1%BA%A3-khong-ch%E1%BB%89-n%E1%BA%B1m-%E1%BB%9F-t%E1%BB%ABng-t%E1%BA%A5m-bang-ron
567,1,Backlink Domain DR Cao,https://tempel.in/view/YLgw
568,1,Backlink Domain DR Cao,https://hsph.forum.st/t26293-topic#32572
569,1,Backlink Domain DR Cao,https://raovatsaigon.forum-viet.com/t16742-%C4%90iem-%C4%91ang-chu-y-la-hieu-qua-khong-chi-nam-o-tung-tam-bang-ron#16838
570,1,Backlink Domain DR Cao,https://padlet.com/tup57046/blog-lop-hoc-pi5d5mkz8jc1unpg/wish/j40PQD6n9q2eWvXB
571,1,Backlink Domain DR Cao,https://band.us/band/92324224/post/3188
572,1,Backlink Domain DR Cao,https://raovat49.com/s/doanh-nghiep-can-theo-doi-tung-khu-vuc-so-luong-an-pham-vi-tri-du-kien-6553836
573,1,Backlink Domain DR Cao,https://sites.google.com/view/mt0926-qcnt5/trang-ch%E1%BB%A7
574,1,Backlink Domain DR Cao,https://tudomuaban.com/chi-tiet-rao-vat/3021155/doanh-nghiep-can-theo-doi-tung-khu-vuc-so-luong-an-pham-vi-tri-du-kien.html
575,1,Backlink Domain DR Cao,https://logical-bison-fmtj4b.mystrikingly.com/blog/doanh-nghi-p-c-n-theo-doi-t-ng-khu-v-c-s-l-ng-n-ph-m-v-tri-d-ki-n
576,1,Backlink Domain DR Cao,https://jasa-seo.mn.co/posts/107059367
577,1,Backlink Domain DR Cao,https://network-316491.mn.co/posts/107059368
578,1,Backlink Domain DR Cao,https://nesttea.mn.co/posts/doanh-nghi%E1%BB%87p-c%E1%BA%A7n-theo-doi-t%E1%BB%ABng-khu-v%E1%BB%B1c-s%E1%BB%91-l%C6%B0%E1%BB%A3ng-%E1%BA%A5n-ph%E1%BA%A9m-v%E1%BB%8B-tri-d%E1%BB%B1-ki%E1%BA%BFn
579,1,Backlink Domain DR Cao,https://maybeline-products.mn.co/posts/doanh-nghi%E1%BB%87p-c%E1%BA%A7n-theo-doi-t%E1%BB%ABng-khu-v%E1%BB%B1c-s%E1%BB%91-l%C6%B0%E1%BB%A3ng-%E1%BA%A5n-ph%E1%BA%A9m-v%E1%BB%8B-tri-d%E1%BB%B1-ki%E1%BA%BFn
580,1,Backlink Domain DR Cao,https://mylinh2411.mn.co/posts/doanh-nghi%E1%BB%87p-c%E1%BA%A7n-theo-doi-t%E1%BB%ABng-khu-v%E1%BB%B1c-s%E1%BB%91-l%C6%B0%E1%BB%A3ng-%E1%BA%A5n-ph%E1%BA%A9m-v%E1%BB%8B-tri-d%E1%BB%B1-ki%E1%BA%BFn
581,1,Backlink Domain DR Cao,https://myword.mn.co/posts/doanh-nghi%E1%BB%87p-c%E1%BA%A7n-theo-doi-t%E1%BB%ABng-khu-v%E1%BB%B1c-s%E1%BB%91-l%C6%B0%E1%BB%A3ng-%E1%BA%A5n-ph%E1%BA%A9m-v%E1%BB%8B-tri-d%E1%BB%B1-ki%E1%BA%BFn
582,1,Backlink Domain DR Cao,https://tempel.in/view/y51
583,1,Backlink Domain DR Cao,https://hsph.forum.st/t26294-topic#32573
584,1,Backlink Domain DR Cao,https://raovatsaigon.forum-viet.com/t16743-doanh-nghiep-can-theo-doi-tung-khu-vuc-so-luong-an-pham-vi-tri-du-kien#16839
585,1,Backlink Domain DR Cao,https://padlet.com/tup57046/blog-lop-hoc-pi5d5mkz8jc1unpg/wish/LNV1Q7rdmN5oamq3
586,1,Backlink Domain DR Cao,https://raovat49.com/s/treo-co-phuon-theo-chuoi-co-the-tao-cam-giac-nhu-mot-dau-hieu-dan-duong-6553837
587,1,Backlink Domain DR Cao,https://sites.google.com/view/mt0926-qcnt6/trang-ch%E1%BB%A7
588,1,Backlink Domain DR Cao,https://tudomuaban.com/chi-tiet-rao-vat/3021180/treo-co-phuon-theo-chuoi-co-the-tao-cam-giac-nhu-mot-dau-hieu-dan-duong.html
589,1,Backlink Domain DR Cao,https://logical-bison-fmtj4b.mystrikingly.com/blog/treo-c-ph-n-theo-chu-i-co-th-t-o-c-m-giac-nh-m-t-d-u-hi-u-d-n-d-ng
590,1,Backlink Domain DR Cao,https://jasa-seo.mn.co/posts/107059658
591,1,Backlink Domain DR Cao,https://network-316491.mn.co/posts/107059659
592,1,Backlink Domain DR Cao,https://nesttea.mn.co/posts/treo-c%E1%BB%9D-ph%C6%B0%E1%BB%9Bn-theo-chu%E1%BB%97i-co-th%E1%BB%83-t%E1%BA%A1o-c%E1%BA%A3m-giac-nh%C6%B0-m%E1%BB%99t-d%E1%BA%A5u-hi%E1%BB%87u-d%E1%BA%ABn-d%C6%B0%E1%BB%9Dng
593,1,Backlink Domain DR Cao,https://maybeline-products.mn.co/posts/treo-c%E1%BB%9D-ph%C6%B0%E1%BB%9Bn-theo-chu%E1%BB%97i-co-th%E1%BB%83-t%E1%BA%A1o-c%E1%BA%A3m-giac-nh%C6%B0-m%E1%BB%99t-d%E1%BA%A5u-hi%E1%BB%87u-d%E1%BA%ABn-d%C6%B0%E1%BB%9Dng
594,1,Backlink Domain DR Cao,https://mylinh2411.mn.co/posts/treo-c%E1%BB%9D-ph%C6%B0%E1%BB%9Bn-theo-chu%E1%BB%97i-co-th%E1%BB%83-t%E1%BA%A1o-c%E1%BA%A3m-giac-nh%C6%B0-m%E1%BB%99t-d%E1%BA%A5u-hi%E1%BB%87u-d%E1%BA%ABn-d%C6%B0%E1%BB%9Dng
595,1,Backlink Domain DR Cao,https://myword.mn.co/posts/treo-c%E1%BB%9D-ph%C6%B0%E1%BB%9Bn-theo-chu%E1%BB%97i-co-th%E1%BB%83-t%E1%BA%A1o-c%E1%BA%A3m-giac-nh%C6%B0-m%E1%BB%99t-d%E1%BA%A5u-hi%E1%BB%87u-d%E1%BA%ABn-d%C6%B0%E1%BB%9Dng
596,1,Backlink Domain DR Cao,https://tempel.in/view/KDH
597,1,Backlink Domain DR Cao,https://hsph.forum.st/t26295-treo-c%E1%BB%9D-ph%C6%B0%E1%BB%9Bn-theo-chu%E1%BB%97i-c%C3%B3-th%E1%BB%83-t%E1%BA%A1o-c%E1%BA%A3m-gi%C3%A1c-nh%C6%B0-m%E1%BB%99t-d%E1%BA%A5u-hi%E1%BB%87u-d%E1%BA%ABn-%C4%91%C6%B0%E1%BB%9Dng#32574
598,1,Backlink Domain DR Cao,https://raovatsaigon.forum-viet.com/t16744-treo-co-phuon-theo-chuoi-co-the-tao-cam-giac-nhu-mot-dau-hieu-dan-%C4%91uong#16840
599,1,Backlink Domain DR Cao,https://padlet.com/tup57046/blog-lop-hoc-pi5d5mkz8jc1unpg/wish/PR3NWxqgV0Lkab0O
600,1,Link Page rank cao,https://able2know.org/user/minhloicp/
601,1,Link Page rank cao,https://www.tripadvisor.com/Profile/minhloicp
602,1,Link Page rank cao,https://boinc.loda-lang.org/loda/show_user.php?userid=72035
603,1,Link Page rank cao,https://www.intensedebate.com/people/minhloicp
604,1,Link Page rank cao,https://www.checkli.com/minhloicp
605,1,Link Page rank cao,https://leetcode.com/u/minhloicp/
606,1,Link Page rank cao,https://hub.docker.com/u/minhloicp
607,1,Link Page rank cao,https://experiment.com/users/mminhloicp
608,1,Link Page rank cao,https://hub.vroid.com/en/users/129590443
609,1,Link Page rank cao,https://www.seoinpractice.com/viewuser.html?userid=8d1fd9f9fd77e50ee7111bb0fb25fcd0
610,1,Link Page rank cao,https://www.gta5-mods.com/users/minhloicp
611,1,Link Page rank cao,https://www.zazzle.com/mbr/238947644188840561
612,1,Link Page rank cao,https://backloggery.com/minhloicp
613,1,Link Page rank cao,https://www.spigotmc.org/members/minhloicp.2612855/
614,1,Link Page rank cao,https://fabble.cc/minhloicp
615,1,Link Page rank cao,https://gp.worldpuzzle.org/content/treo-c%E1%BB%9D-ph%C6%B0%E1%BB%9Bn
616,1,Link Page rank cao,https://www.designspiration.com/minhloicp
617,1,Link Page rank cao,https://freeicons.io/profile/985481
618,1,Link Page rank cao,https://www.wantoask.com/user/minhloicp
619,1,Link Page rank cao,https://wemakeit.com/users/minhloicp
620,1,Link Page rank cao,https://www.speedrun.com/users/minhloicp
621,1,Link Page rank cao,https://matkafasi.com/user/minhloicp
622,1,Link Page rank cao,https://undrtone.com/minhloicp
623,1,Link Page rank cao,https://pxhere.com/en/photographer/5140314
624,1,Link Page rank cao,https://gifyu.com/minhloicp
625,1,Link Page rank cao,http://mooc.esil.edu.kz/profile/minhloicp
626,1,Link Page rank cao,https://propterest.com.au/user/104993/minhloicp
627,1,Link Page rank cao,https://institutocrecer.edu.co/profile/minhloicp/
628,1,Link Page rank cao,https://ncon.edu.sa/profile/minhloicp/
629,1,Link Page rank cao,http://www.stes.tyc.edu.tw/xoops/modules/profile/userinfo.php?uid=4055838
630,1,Link Page rank cao,https://space.edu.au/members/41797378
631,1,Link Page rank cao,https://www.twitch.tv/minhloicp/about
632,1,Link Page rank cao,https://l2top.co/forum/members/minhloicp.245693/
633,1,Link Page rank cao,http://delphi.larsbo.org/user/minhloicp
634,1,Link Page rank cao,https://www.pearltrees.com/minhloicp
635,1,Link Page rank cao,https://www.inkitt.com/minhloicp
636,1,Link Page rank cao,https://speakerdeck.com/minhloicp
637,1,Link Page rank cao,https://letterboxd.com/minhloicp/
638,1,Link Page rank cao,https://atatcsurat.com/profile/minhloicp
639,1,Link Page rank cao,https://dojour.us/u/minhloicp
640,1,Link Page rank cao,https://independent.academia.edu/minhloicpminhloicp
641,1,Link Page rank cao,https://sciencemission.com/profile/minhloicp
642,1,Link Page rank cao,https://giphy.com/channel/minhloicp
643,1,Link Page rank cao,https://www.grepmed.com/minhloicp
644,1,Link Page rank cao,https://land-book.com/minhloicp
645,1,Link Page rank cao,https://www.globaldemocracy.com/user/59401
646,1,Link Page rank cao,https://coinfolk.net/user/minhloicp
647,1,Link Page rank cao,https://findpenguins.com/2afuqagfxn4ll
648,1,Link Page rank cao,https://paladinscounter.com/users/minhloicp
649,1,Link Page rank cao,https://peatix.com/user/30579932/view
650,1,Link bài viết trên Blog,https://penzu.com/p/474c6acc63acb1d2
651,1,Link bài viết trên Blog,https://penzu.com/p/9299830e897e29ab
652,1,Link bài viết trên Blog,https://sites.google.com/view/intreoquangcao
653,1,Link bài viết trên Blog,https://sites.google.com/view/quangcaongoaitroitreo/
654,1,Link bài viết trên Blog,https://wakelet.com/wake/PgXVavUZxOU2_R2vac1yE
655,1,Link bài viết trên Blog,https://wakelet.com/wake/lp7iSmSuNmvqyRoRuO6tl
656,1,Link bài viết trên Blog,https://hoamai90.blogspot.com/2026/09/hoat-ong-in-va-treo-quang-cao.html
657,1,Link bài viết trên Blog,https://hoamai90.blogspot.com/2026/09/chien-dich-quang-cao-ngoai-troi.html
658,1,Link bài viết trên Blog,https://www.notebook.ai/documents/2802112
659,1,Link bài viết trên Blog,https://www.notebook.ai/documents/2802114
660,1,Link bài viết trên Blog,https://olive-turquoise-6c4.notion.site/Ho-t-ng-in-v-treo-qu-ng-c-o-3e40fe9911f78094a69ad19a7e3240fd
661,1,Link bài viết trên Blog,https://olive-turquoise-6c4.notion.site/Chi-n-d-ch-qu-ng-c-o-ngo-i-tr-i-3e40fe9911f7806fa3a8da2f05de907b
662,1,Link bài viết trên Blog,https://ofuse.me/e/410822
663,1,Link bài viết trên Blog,https://ofuse.me/e/410821
664,1,Link bài viết trên Blog,https://www.pearltrees.com/minhloitc/item825311673
665,1,Link bài viết trên Blog,https://www.pearltrees.com/minhloitc/item825311699
666,1,Link bài viết trên Blog,https://share.evernote.com/note/a8861397-445a-09e6-b481-f04c8e83e52b
667,1,Link bài viết trên Blog,https://share.evernote.com/note/4145be67-02f3-047f-af93-156f188b5ae8
668,1,Link bài viết trên Blog,https://magicly.bio/minhloitc/Hoat-djong-in-va-treo-quang-cao
669,1,Link bài viết trên Blog,https://magicly.bio/minhloitc/Chien-dich-quang-cao-ngoai-troi
670,1,URL con,https://justpaste.it/hih0b
671,1,URL con,https://forums.siliconera.com/threads/b%E1%BA%A3ng-hi%E1%BB%87u-c%E1%BB%ADa-h%C3%A0ng.187181/
672,1,URL con,https://www.metooo.io/e/bang-hieu-cua-hang
673,1,URL con,https://bluish-seal-ftkctn.mystrikingly.com/
674,1,URL con,https://linkmate.mn.co/posts/106678834
675,1,URL con,https://raovatgbbn.jigsy.com/entries/general/b%E1%BA%A3ng-hi%E1%BB%87u-c%E1%BB%ADa-h%C3%A0ng
676,1,URL con,https://sites.google.com/view/bnghiucahng/trang-ch%E1%BB%A7
677,1,URL con,https://wellbeing-matters-365.mn.co/posts/106678907
678,1,URL con,https://raovat.nhadat.vn/bang-hieu-cua-hang-809635.html#post809184
679,1,URL con,https://the-snapped.mn.co/posts/106678905
680,1,URL con,https://diendannhansu.com/threads/bang-hieu-cua-hang.998391/
681,1,URL con,https://diendan.clbmarketing.com/d/292879-bang-hieu-cua-hang
682,1,URL con,https://mydreamangels-mn-co.mn.co/posts/107047058
683,1,URL con,https://maybeline-products.mn.co/posts/107047052
684,1,URL con,https://phannu.mn.co/posts/107047056
685,1,URL con,https://class-collective.mn.co/posts/107047049
686,1,URL con,https://tinhte.vn/thread/bang-hieu-cua-hang.4175539/
687,1,URL con,https://myword.mn.co/posts/107047036
688,1,URL con,https://phan-s-community.mn.co/posts/107047157
689,1,URL con,https://kenhrao.com/tin-dang/bang-hieu-cua-hang.1001170/
690,1,URL con,https://forum.dmec.vn/index.php?threads/b%E1%BA%A3ng-hi%E1%BB%87u-c%E1%BB%ADa-h%C3%A0ng.1658613/
691,1,URL con,https://chobaolam.vn/threads/bang-hiu-ca-hang.895318/
692,1,URL con,https://www.linkedin.com/pulse/b%25E1%25BA%25A3ng-hi%25E1%25BB%2587u-c%25E1%25BB%25ADa-h%25C3%25A0ng-nu-phan-h66qc/
693,1,URL con,https://lxgonlinemnco.mn.co/posts/107047241
694,1,URL con,https://jasa-seo.mn.co/posts/107047228
695,1,URL con,https://allabout-jenifer.mn.co/posts/106862963
696,1,URL con,https://sites.google.com/view/thanhphuong2018-banghieughdg/trang-ch%E1%BB%A7
697,1,URL con,https://rongbay.com/Ba-Ria-Vung-Tau/Bang-hieu-cua-hang-co-nhiem-vu-gi-c100-raovat-34578825.html
698,1,URL con,https://friendtalk.mn.co/posts/106862862
699,1,URL con,https://network-316491.mn.co/posts/106862870
700,1,URL con,https://nesttea.mn.co/posts/106862883
701,1,URL con,https://jasa-seo.mn.co/posts/106862874
702,1,URL con,https://maybeline-products.mn.co/posts/106862878
703,1,URL con,https://tudomuaban.com/chi-tiet-rao-vat/3016700/bang-hieu-cua-hang-co-nhiem-vu-gi.html
704,1,URL con,https://myword.mn.co/posts/106862888
705,1,URL con,https://mylinh2411.mn.co/posts/106862893
706,1,URL con,https://raovatsaigon.forum-viet.com/t16665-bang-hieu-cua-hang-co-nhiem-vu-gi#16761
707,1,URL con,https://forums.siliconera.com/threads/b%E1%BA%A3ng-hi%E1%BB%87u-c%E1%BB%ADa-h%C3%A0ng-c%C3%B3-nhi%E1%BB%87m-v%E1%BB%A5-g%C3%AC.188051/
708,1,URL con,https://band.us/band/92323908/post/1583
709,1,URL con,https://vi.anotepad.com/note/read/9x92ppm3
710,1,URL con,https://www.diigo.com/item/note/bc3zy/7q3y?k=55d52fe9ddc8f19e9d1b9f370aeb37b2
711,1,URL con,https://band.us/band/92323903/post/1572
712,1,URL con,https://hackmd.io/@Jennifer2025/rk37rgwdGg
713,1,URL con,https://tempel.in/view/En676
714,1,URL con,https://mylinh2411.mn.co/posts/106863715
715,1,URL con,https://nesttea.mn.co/posts/106863698
716,1,URL con,https://network-316491.mn.co/posts/106863686
717,1,URL con,https://maybeline-products.mn.co/posts/106863693
718,1,URL con,https://jasa-seo.mn.co/posts/106863689
719,1,URL con,https://myword.mn.co/posts/106863708
720,1,URL con,https://rongbay.com/Ba-Ria-Vung-Tau/Bang-hieu-cua-hang-hien-dai-va-phu-hop-voi-tung-nganh-nghe-c100-raovat-34578827.html
721,1,URL con,https://friendtalk.mn.co/posts/106863677
722,1,URL con,https://sites.google.com/view/thanhphuong2018-banghieucuagan/trang-ch%E1%BB%A7
723,1,URL con,https://raovatsaigon.forum-viet.com/t16666-bang-hieu-cua-hang-hien-%C4%91ai-va-phu-hop-voi-tung-nganh-nghe#16762
724,1,URL con,https://tudomuaban.com/chi-tiet-rao-vat/3016709/bang-hieu-cua-hang-hien-dai-va-phu-hop-voi-tung-nganh-nghe.html
725,1,URL con,https://band.us/band/92323903/post/1573
726,1,URL con,https://allabout-jenifer.mn.co/posts/106863717
727,1,URL con,https://forums.siliconera.com/threads/b%E1%BA%A3ng-hi%E1%BB%87u-c%E1%BB%ADa-h%C3%A0ng-hi%E1%BB%87n-%C4%91%E1%BA%A1i-v%C3%A0-ph%C3%B9-h%E1%BB%A3p-v%E1%BB%9Bi-t%E1%BB%ABng-ng%C3%A0nh-ngh%E1%BB%81.188054/
728,1,URL con,https://vi.anotepad.com/note/read/ywh8qmta
729,1,URL con,https://hackmd.io/@Jennifer2025/HyOzFlwuze
730,1,URL con,https://band.us/band/92323908/post/1584
731,1,URL con,https://tempel.in/view/V0lHC
732,1,URL con,https://www.diigo.com/item/note/bc3zy/5woa?k=0b85b4975a319c2699da8a04ca61b995
733,1,URL con,https://myword.mn.co/posts/106864356
734,1,URL con,https://nesttea.mn.co/posts/106864350
735,1,URL con,https://maybeline-products.mn.co/posts/106864348
736,1,URL con,https://mylinh2411.mn.co/posts/106864359
737,1,URL con,https://jasa-seo.mn.co/posts/106864329
738,1,URL con,https://network-316491.mn.co/posts/106864320
739,1,URL con,https://tudomuaban.com/chi-tiet-rao-vat/3016722/cac-yeu-to-can-xac-dinh-lam-bang-hieu-phu-hop.html
740,1,URL con,https://vi.anotepad.com/note/read/h6fcxcse
741,1,URL con,https://friendtalk.mn.co/posts/106864305
742,1,URL con,https://raovatsaigon.forum-viet.com/t16667-cac-yeu-to-can-xac-%C4%91inh-lam-bang-hieu-phu-hop#16763
743,1,URL con,https://allabout-jenifer.mn.co/posts/106864441
744,1,URL con,https://forums.siliconera.com/threads/c%C3%A1c-y%E1%BA%BFu-t%E1%BB%91-c%E1%BA%A7n-x%C3%A1c-%C4%91%E1%BB%8Bnh-l%C3%A0m-b%E1%BA%A3ng-hi%E1%BB%87u-ph%C3%B9-h%E1%BB%A3p.188061/
745,1,URL con,https://take-phone-your.mn.co/posts/106679065
746,1,URL con,https://life-of-game-de.mn.co/posts/106679068
747,1,URL con,https://friendtalk.mn.co/posts/106679057
748,1,URL con,https://diecast-64-shop.mn.co/posts/106679076
749,1,URL con,https://network-316491.mn.co/posts/106679064
750,1,URL con,https://page.brick.do/to-chuc-roadshow-tphcm-Lldq9l7DyKbl
751,1,URL con,https://padlet.com/ptnu0107/padlet-sang-trong-cua-toi-9wa4ginzaqcnnmtr/wish/Xb8YaLM8GpwJQyn1
752,1,URL con,https://www.diigo.com/item/note/6wktd/usqr?k=62ac6f9fe083e4e937677d73076e0043
753,1,URL con,https://www.notebook.ai/documents/2762281
754,1,URL con,https://hackmd.okfn.de/s/SyU-psfufx
755,1,URL con,https://g0v.hackmd.io/@phanthinu/Sy4W6oGdfx
756,1,URL con,https://cn.anotepad.com/note/read/fd9pg3jk
757,1,URL con,https://xaydunghanoimoi.net/threads/161086-To-chuc-roadshow-TPHCM.html?p=173224#post173224
758,1,URL con,https://maychetao.com/threads/170495-To-chuc-roadshow-TPHCM.html?p=181777#post181777
759,1,URL con,https://suckhoetoday.com/threads/180536-To-chuc-roadshow-TPHCM.html?p=195327#post195327
760,1,URL con,https://mydreamangels-mn-co.mn.co/posts/106901007
761,1,URL con,https://maybeline-products.mn.co/posts/106900996
762,1,URL con,https://phannu.mn.co/posts/106901008
763,1,URL con,https://class-collective.mn.co/posts/106901010
764,1,URL con,https://tinhte.vn/thread/to-chuc-roadshow-tphcm.4174667/
765,1,URL con,https://myword.mn.co/posts/106901002
766,1,URL con,https://www.webtretho.vn/f/cac-san-pham-dich-vu-khac/to-chuc-roadshow-tphcm
767,1,URL con,https://rongbay.com/Ha-Noi/To-chuc-roadshow-TPHCM-c275-raovat-34579357.html
768,1,URL con,https://connect-with-hemp.mn.co/posts/106901091
769,1,URL con,https://phan-s-community.mn.co/posts/106901088
770,1,URL con,https://raovatonline.org/rao-vat/to-chuc-roadshow-tphcm/
771,1,URL con,https://kenhrao.com/tin-dang/to-chuc-roadshow-tphcm.1000080/
772,1,URL con,https://forum.dmec.vn/index.php?threads/t%E1%BB%95-ch%E1%BB%A9c-roadshow-tphcm.1657661/
773,1,URL con,https://chobaolam.vn/threads/t-chc-roadshow-tphcm.895042/
774,1,URL con,https://medium.com/@phannu174/t%E1%BB%95-ch%E1%BB%A9c-roadshow-tphcm-47ff86b7a32b
775,1,URL con,https://www.linkedin.com/pulse/t%25E1%25BB%2595-ch%25E1%25BB%25A9c-roadshow-tphcm-nu-phan-fkfec/
776,1,URL con,https://lxgonlinemnco.mn.co/posts/106901285
777,1,URL con,https://xonline.mn.co/posts/106901274
778,1,URL con,https://jasa-seo.mn.co/posts/106901251
779,1,URL con,https://justpaste.it/g3x06
780,1,URL con,https://forums.siliconera.com/threads/t%E1%BB%95-ch%E1%BB%A9c-roadshow-tphcm.188980/
781,1,URL con,https://www.metooo.io/e/to-chuc-roadshow-tphcm
782,1,URL con,https://salmon-lichee-ftkctg.mystrikingly.com/
783,1,URL con,https://linkmate.mn.co/posts/107046607
784,1,URL con,https://raovatgbbn.jigsy.com/entries/general/t%E1%BB%95-ch%E1%BB%A9c-roadshow-tphcm
785,1,URL con,https://sites.google.com/view/tchcroadshowtphcm/t%E1%BB%95-ch%E1%BB%A9c-roadshow-tphcm
786,1,URL con,https://wellbeing-matters-365.mn.co/posts/107046798
787,1,URL con,https://the-snapped.mn.co/posts/107046800
788,1,URL con,https://raovat.nhadat.vn/chuc-roadshow-tphcm-809870.html#post809419
789,1,URL con,https://diendannhansu.com/threads/to-chuc-roadshow-tphcm.1000257/
790,1,URL con,https://diendan.clbmarketing.com/d/293154-to-chuc-roadshow-tphcm
791,1,URL con,https://mydreamangels-mn-co.mn.co/posts/107046927
792,1,URL con,https://maybeline-products.mn.co/posts/107046918
793,1,URL con,https://phannu.mn.co/posts/107046930
794,1,URL con,https://class-collective.mn.co/posts/107046932
795,1,URL con,https://friendtalk.mn.co/posts/106864926
796,1,URL con,https://network-316491.mn.co/posts/106864931
797,1,URL con,https://nesttea.mn.co/posts/106864940
798,1,URL con,https://jasa-seo.mn.co/posts/106864933
799,1,URL con,https://sites.google.com/view/thanhphuong2018-chuyenongqunag/trang-ch%E1%BB%A7
800,1,URL con,https://maybeline-products.mn.co/posts/106864938
801,1,URL con,https://myword.mn.co/posts/106864946
802,1,URL con,https://mylinh2411.mn.co/posts/106864947
803,1,URL con,https://tudomuaban.com/chi-tiet-rao-vat/3016736/chuyen-dong-tao-nen-su-khac-biet-cho-quang-cao-ngoai-troi.html
804,1,URL con,https://rongbay.com/Ba-Ria-Vung-Tau/Chuyen-dong-tao-nen-su-khac-biet-cho-quang-cao-ngoai-troi-c100-raovat-34578831.html
805,1,URL con,https://allabout-jenifer.mn.co/posts/106864948
806,1,URL con,https://raovatsaigon.forum-viet.com/t16668-chuyen-%C4%91ong-tao-nen-su-khac-biet-cho-quang-cao-ngoai-troi#16764
807,1,URL con,https://forums.siliconera.com/threads/chuy%E1%BB%83n-%C4%91%E1%BB%99ng-t%E1%BA%A1o-n%C3%AAn-s%E1%BB%B1-kh%C3%A1c-bi%E1%BB%87t-cho-qu%E1%BA%A3ng-c%C3%A1o-ngo%C3%A0i-tr%E1%BB%9Di.188063/
808,1,URL con,https://band.us/band/92323908/post/1585
809,1,URL con,https://vi.anotepad.com/note/read/4rwf7xkd
810,1,URL con,https://hackmd.io/@Jennifer2025/HkZUkWwdGl
811,1,URL con,https://www.diigo.com/item/note/bc3zy/h6yn?k=107310e97b8039572accef36cfa616b2
812,1,URL con,https://tempel.in/view/W2alp28Z
813,1,URL con,https://band.us/band/92323903/post/1574
814,1,URL con,https://myword.mn.co/posts/106865265
815,1,URL con,https://nesttea.mn.co/posts/106865263
816,1,URL con,https://maybeline-products.mn.co/posts/106865262
817,1,URL con,https://friendtalk.mn.co/posts/106865257
818,1,URL con,https://jasa-seo.mn.co/posts/106865260
819,1,URL con,https://network-316491.mn.co/posts/106865259
820,2,Web 2.0,https://penzu.com/p/7a0fbc372732c3ec
821,2,Web 2.0,https://sites.google.com/view/treobangroncophuon/
822,2,Web 2.0,https://wakelet.com/wake/kP_mLLgQFPmWHPyAz_oNZ
823,2,Web 2.0,https://hoamai90.blogspot.com/2026/09/treo-bang-ron-va-treo-co-phuon.html
824,2,Web 2.0,https://www.notebook.ai/documents/2802109
825,2,Web 2.0,https://olive-turquoise-6c4.notion.site/Treo-b-ng-r-n-v-treo-c-ph-n-3e40fe9911f780328487dd4d7a04bf8b
826,2,Web 2.0,https://ofuse.me/e/410823
827,2,Web 2.0,https://www.pearltrees.com/minhloitc/item825311633
828,2,Web 2.0,https://share.evernote.com/note/0ebfc4e2-9ced-f600-fa23-044aa1b06d5e
829,2,Web 2.0,https://magicly.bio/minhloitc/Treo-bang-ron-va-treo-co-phuon
830,3,Social Bookmarks DA cao tầng 3,https://directoryrelt.com/listings1331745/dựng-băng-rôn-cờ-phướn-cách-thức-chi-tiết-Ý-tưởng-Độc-Đáo
831,3,Social Bookmarks DA cao tầng 3,https://socdirectory.com/listings1288603/treo-băng-rôn-cờ-phướn-cách-thức-chi-tiết-Ý-tưởng-sáng-tạo
832,3,Social Bookmarks DA cao tầng 3,https://limawebdirectory.com/listings1332912/dựng-băng-rôn-cờ-phướn-hướng-dẫn-dễ-hiểu-giải-pháp-Độc-Đáo
833,3,Social Bookmarks DA cao tầng 3,https://webdirectorytalk.com/listings1274445/treo-pa-nen-cờ-phướn-hướng-dẫn-chi-tiết-Ý-tưởng-sáng-tạo
834,3,Social Bookmarks DA cao tầng 3,https://card-directory.com/listings1323398/treo-băng-rôn-cờ-phướn-hướng-dẫn-chi-tiết-giải-pháp-sáng-tạo
835,3,Social Bookmarks DA cao tầng 3,https://myindexdirectory.com/listings1301003/treo-pa-nen-cờ-phướn-hướng-dẫn-dễ-hiểu-Ý-tưởng-Độc-Đáo
836,3,Social Bookmarks DA cao tầng 3,https://directoryecho.com/listings1338521/treo-pa-nen-cờ-phướn-hướng-dẫn-dễ-hiểu-Ý-tưởng-Độc-Đáo
837,3,Social Bookmarks DA cao tầng 3,https://bomadirectory.com/listings1281986/treo-băng-rôn-cờ-phướn-cách-thức-chi-tiết-giải-pháp-Độc-Đáo
838,3,Social Bookmarks DA cao tầng 3,https://victorydirectory.com/listings1313559/dựng-băng-rôn-cờ-phướn-hướng-dẫn-dễ-hiểu-Ý-tưởng-sáng-tạo
839,3,Social Bookmarks DA cao tầng 3,https://swiss-directory.com/listings1255631/treo-băng-rôn-cờ-phướn-cách-thức-dễ-hiểu-giải-pháp-sáng-tạo
840,3,Social Bookmarks DA cao tầng 3,https://directory-boom.com/listings13833194/treo-băng-rôn-cờ-phướn-hướng-dẫn-chi-tiết-giải-pháp-sáng-tạo
841,3,Social Bookmarks DA cao tầng 3,https://hotbizdirectory.com/listings13781079/dựng-băng-rôn-cờ-phướn-cách-thức-chi-tiết-Ý-tưởng-Độc-Đáo
842,3,Social Bookmarks DA cao tầng 3,https://linkdirectory101.com/listings1288477/treo-pa-nen-cờ-phướn-cách-thức-dễ-hiểu-Ý-tưởng-Độc-Đáo
843,3,Social Bookmarks DA cao tầng 3,https://zopedirectory.com/listings1292593/dựng-băng-rôn-cờ-phướn-cách-thức-dễ-hiểu-Ý-tưởng-sáng-tạo
844,3,Social Bookmarks DA cao tầng 3,https://exceeddirectory.com/listings1329445/dựng-băng-rôn-lăng-Động-phướn-cách-thức-dễ-hiểu-Ý-tưởng-sáng-tạo
845,3,Social Bookmarks DA cao tầng 3,https://ebiz-directory.com/listings1285530/treo-băng-rôn-cờ-phướn-cách-thức-dễ-hiểu-giải-pháp-Độc-Đáo
846,3,Social Bookmarks DA cao tầng 3,https://princedirectory.com/listings13806646/treo-băng-rôn-cờ-phướn-hướng-dẫn-dễ-hiểu-Ý-tưởng-sáng-tạo
847,3,Social Bookmarks DA cao tầng 3,https://ajax-directory.com/listings1310655/dựng-băng-rôn-cờ-phướn-cách-thức-dễ-hiểu-Ý-tưởng-Độc-Đáo
848,3,Social Bookmarks DA cao tầng 3,https://immensedirectory.com/listings1335024/dựng-băng-rôn-cờ-phướn-cách-thức-dễ-hiểu-giải-pháp-Độc-Đáo
849,3,Social Bookmarks DA cao tầng 3,https://directory-2020.com/listings1269292/treo-pa-nen-lăng-Động-phướn-cách-thức-chi-tiết-giải-pháp-sáng-tạo
850,3,Submiss Web 2.0 tầng 3,https://your-directory.com/listings119742/dựng-băng-rôn-cờ-phướn-hướng-dẫn-chi-tiết-giải-pháp-Độc-Đáo
851,3,Submiss Web 2.0 tầng 3,https://worlds-directory.com/listings14628187/dựng-băng-rôn-cờ-phướn-hướng-dẫn-dễ-hiểu-Ý-tưởng-sáng-tạo
852,3,Submiss Web 2.0 tầng 3,https://directory-nation.com/listings14650169/treo-pa-nen-lăng-Động-phướn-cách-thức-chi-tiết-giải-pháp-Độc-Đáo
853,3,Submiss Web 2.0 tầng 3,https://directory-fast.com/listings2128292/dựng-băng-rôn-cờ-phướn-cách-thức-chi-tiết-giải-pháp-sáng-tạo
854,3,Submiss Web 2.0 tầng 3,https://directoryholiday.com/listings14628051/treo-pa-nen-cờ-phướn-hướng-dẫn-dễ-hiểu-giải-pháp-Độc-Đáo
855,3,Submiss Web 2.0 tầng 3,https://directoryio.com/listings2121663/treo-pa-nen-cờ-phướn-cách-thức-dễ-hiểu-giải-pháp-Độc-Đáo
856,3,Submiss Web 2.0 tầng 3,https://webdirectory11.com/listings2112798/treo-băng-rôn-lăng-Động-phướn-hướng-dẫn-chi-tiết-giải-pháp-Độc-Đáo
857,3,Submiss Web 2.0 tầng 3,https://robustdirectory.com/listings2116475/treo-pa-nen-lăng-Động-phướn-cách-thức-chi-tiết-giải-pháp-sáng-tạo
858,3,Submiss Web 2.0 tầng 3,https://legit-directory.com/listings14632599/treo-pa-nen-lăng-Động-phướn-hướng-dẫn-chi-tiết-Ý-tưởng-Độc-Đáo
859,3,Submiss Web 2.0 tầng 3,https://omg-directory.com/listings14636926/treo-băng-rôn-cờ-phướn-cách-thức-dễ-hiểu-Ý-tưởng-Độc-Đáo
860,3,Submiss Web 2.0 tầng 3,https://slimdirectory.com/listings1450856/treo-băng-rôn-lăng-Động-phướn-cách-thức-chi-tiết-Ý-tưởng-sáng-tạo
861,3,Tang 3 profile_Blog Comments,https://treobngrn276154.pointblog.net/dựng-băng-rôn-cờ-phướn-cách-thức-chi-tiết-giải-pháp-Độc-Đáo-97557806
862,3,Tang 3 profile_Blog Comments,https://treo-c-phn925630.pages10.com/dựng-băng-rôn-cờ-phướn-cách-thức-dễ-hiểu-giải-pháp-Độc-Đáo-78602524
863,3,Tang 3 profile_Blog Comments,https://treocphn956258.full-design.com/treo-băng-rôn-cờ-phướn-cách-thức-dễ-hiểu-Ý-tưởng-Độc-Đáo-85794653
864,3,Tang 3 profile_Blog Comments,https://treo-c-phn983421.ampedpages.com/treo-băng-rôn-cờ-phướn-cách-thức-chi-tiết-giải-pháp-sáng-tạo-70187538
865,3,Tang 3 profile_Blog Comments,https://treobngrn988609.tinyblogging.com/treo-pa-nen-cờ-phướn-cách-thức-chi-tiết-giải-pháp-Độc-Đáo-87424419
866,3,Tang 3 profile_Blog Comments,https://treo-c-phn027518.onesmablog.com/treo-pa-nen-lăng-Động-phướn-hướng-dẫn-dễ-hiểu-giải-pháp-sáng-tạo-84698336
867,3,Tang 3 profile_Blog Comments,https://treobngrn352751.blogolize.com/treo-băng-rôn-lăng-Động-phướn-cách-thức-chi-tiết-giải-pháp-sáng-tạo-82355478
868,3,Tang 3 profile_Blog Comments,https://treocphn275260.blogocial.com/treo-pa-nen-cờ-phướn-cách-thức-chi-tiết-giải-pháp-Độc-Đáo-79269657
869,3,Tang 3 profile_Blog Comments,https://treo-c-phn533379.thezenweb.com/dựng-băng-rôn-cờ-phướn-cách-thức-chi-tiết-Ý-tưởng-Độc-Đáo-81991988
870,3,Tang 3 profile_Blog Comments,https://treo-c-phn522616.bloguetechno.com/dựng-băng-rôn-cờ-phướn-cách-thức-chi-tiết-Ý-tưởng-Độc-Đáo-79941202
871,3,Tang 3 profile_Blog Comments,https://treo-bng-rn947482.ampblogs.com/dựng-băng-rôn-cờ-phướn-cách-thức-chi-tiết-Ý-tưởng-Độc-Đáo-80124080
872,3,Tang 3 profile_Blog Comments,https://treocphn225617.blogdigy.com/treo-pa-nen-cờ-phướn-hướng-dẫn-chi-tiết-giải-pháp-Độc-Đáo-70766655
873,3,Tang 3 profile_Blog Comments,https://treo-c-phn153587.blogminds.com/treo-băng-rôn-cờ-phướn-hướng-dẫn-chi-tiết-giải-pháp-sáng-tạo-39999320
874,3,Tang 3 profile_Blog Comments,https://treobngrn688056.isblog.net/dựng-băng-rôn-lăng-Động-phướn-hướng-dẫn-chi-tiết-giải-pháp-sáng-tạo-60564078
875,3,Tang 3 profile_Blog Comments,https://treo-bng-rn089192.blogdon.net/treo-pa-nen-lăng-Động-phướn-cách-thức-dễ-hiểu-giải-pháp-Độc-Đáo-59333862
876,3,Tang 3 profile_Blog Comments,https://treo-bng-rn276445.blogkoo.com/dựng-băng-rôn-cờ-phướn-hướng-dẫn-chi-tiết-giải-pháp-sáng-tạo-62921446
877,3,Tang 3 profile_Blog Comments,https://treo-bng-rn918239.alltdesign.com/dựng-băng-rôn-lăng-Động-phướn-cách-thức-dễ-hiểu-Ý-tưởng-sáng-tạo-61872738
878,3,Tang 3 profile_Blog Comments,https://treo-c-phn274615.mybjjblog.com/dựng-băng-rôn-cờ-phướn-hướng-dẫn-chi-tiết-giải-pháp-sáng-tạo-55298488
879,3,Tang 3 profile_Blog Comments,https://treo-c-phn405297.total-blog.com/dựng-băng-rôn-lăng-Động-phướn-cách-thức-dễ-hiểu-giải-pháp-Độc-Đáo-68759200
880,3,Tang 3 profile_Blog Comments,https://treo-c-phn990697.amoblog.com/treo-băng-rôn-cờ-phướn-cách-thức-chi-tiết-Ý-tưởng-sáng-tạo-65317421
881,3,Tang 3 profile_Blog Comments,https://treo-c-phn886104.tblogz.com/treo-băng-rôn-lăng-Động-phướn-cách-thức-dễ-hiểu-giải-pháp-sáng-tạo-56323807
882,3,Tang 3 profile_Blog Comments,https://treobngrn121712.canariblogs.com/treo-băng-rôn-cờ-phướn-hướng-dẫn-dễ-hiểu-giải-pháp-sáng-tạo-58109257
883,3,Tang 3 profile_Blog Comments,https://treo-c-phn444409.blogzet.com/treo-băng-rôn-cờ-phướn-cách-thức-dễ-hiểu-Ý-tưởng-Độc-Đáo-58283413
884,3,Tang 3 profile_Blog Comments,https://treo-bng-rn514318.suomiblog.com/treo-băng-rôn-lăng-Động-phướn-cách-thức-dễ-hiểu-giải-pháp-sáng-tạo-59020811
885,3,Tang 3 profile_Blog Comments,https://treobngrn619759.tribunablog.com/treo-băng-rôn-cờ-phướn-hướng-dẫn-dễ-hiểu-giải-pháp-sáng-tạo-57892303
886,3,Tang 3 profile_Blog Comments,https://treo-bng-rn975504.shotblogs.com/treo-pa-nen-cờ-phướn-hướng-dẫn-chi-tiết-Ý-tưởng-Độc-Đáo-57310767
887,3,Tang 3 profile_Blog Comments,https://treo-c-phn532518.uzblog.net/treo-băng-rôn-lăng-Động-phướn-cách-thức-chi-tiết-Ý-tưởng-sáng-tạo-56806507
888,3,Tang 3 profile_Blog Comments,https://treo-bng-rn524379.blog5.net/97494801/treo-băng-rôn-lăng-Động-phướn-cách-thức-dễ-hiểu-giải-pháp-sáng-tạo
889,3,Tang 3 profile_Blog Comments,https://treobngrn409389.ezblogz.com/75018202/dựng-băng-rôn-cờ-phướn-hướng-dẫn-chi-tiết-Ý-tưởng-Độc-Đáo
890,3,Tang 3 profile_Blog Comments,https://treo-bng-rn662170.designertoblog.com/74647040/treo-pa-nen-lăng-Động-phướn-cách-thức-chi-tiết-Ý-tưởng-Độc-Đáo
891,3,Tang 3 profile_Blog Comments,https://treo-bng-rn851555.blogs-service.com/74285471/treo-băng-rôn-cờ-phướn-hướng-dẫn-dễ-hiểu-Ý-tưởng-Độc-Đáo
892,3,Tang 3 profile_Blog Comments,https://treo-c-phn971986.bluxeblog.com/75635015/treo-pa-nen-cờ-phướn-cách-thức-dễ-hiểu-giải-pháp-sáng-tạo
893,3,Tang 3 profile_Blog Comments,https://treo-bng-rn347400.getblogs.net/75819435/dựng-băng-rôn-cờ-phướn-cách-thức-chi-tiết-Ý-tưởng-sáng-tạo
894,3,Tang 3 profile_Blog Comments,https://treo-c-phn316550.dsiblogger.com/76303990/treo-pa-nen-cờ-phướn-hướng-dẫn-dễ-hiểu-Ý-tưởng-Độc-Đáo
895,3,Tang 3 profile_Blog Comments,https://treobngrn068323.blogofoto.com/74677678/treo-băng-rôn-lăng-Động-phướn-hướng-dẫn-dễ-hiểu-giải-pháp-Độc-Đáo
896,3,Tang 3 profile_Blog Comments,https://treo-c-phn172837.acidblog.net/74448681/treo-băng-rôn-cờ-phướn-cách-thức-dễ-hiểu-Ý-tưởng-Độc-Đáo
897,3,Tang 3 profile_Blog Comments,https://treocphn610292.fireblogz.com/74766855/treo-pa-nen-lăng-Động-phướn-hướng-dẫn-dễ-hiểu-Ý-tưởng-Độc-Đáo
898,3,Tang 3 profile_Blog Comments,https://treo-c-phn450462.digiblogbox.com/67506953/treo-pa-nen-cờ-phướn-hướng-dẫn-chi-tiết-Ý-tưởng-sáng-tạo
899,3,Tang 3 profile_Blog Comments,https://treo-c-phn703015.jaiblogs.com/70241392/treo-băng-rôn-cờ-phướn-hướng-dẫn-chi-tiết-Ý-tưởng-Độc-Đáo
900,3,Tang 3 profile_Blog Comments,https://treobngrn634832.dbblog.net/16502920/treo-băng-rôn-cờ-phướn-cách-thức-dễ-hiểu-Ý-tưởng-sáng-tạo
901,3,Tang 3 profile_Blog Comments,https://treo-c-phn558476.blog2learn.com/90761244/treo-pa-nen-cờ-phướn-cách-thức-dễ-hiểu-giải-pháp-Độc-Đáo
902,3,Tang 3 profile_Blog Comments,https://treocphn674833.look4blog.com/80939692/treo-băng-rôn-cờ-phướn-hướng-dẫn-dễ-hiểu-Ý-tưởng-sáng-tạo
903,3,Tang 3 profile_Blog Comments,https://treobngrn195142.imblogs.net/93026406/treo-băng-rôn-cờ-phướn-hướng-dẫn-dễ-hiểu-Ý-tưởng-Độc-Đáo
904,3,Tang 3 profile_Blog Comments,https://treo-c-phn991487.xzblogs.com/83509029/treo-băng-rôn-cờ-phướn-cách-thức-dễ-hiểu-giải-pháp-sáng-tạo
905,3,Tang 3 profile_Blog Comments,https://treo-bng-rn547572.qowap.com/102197310/treo-pa-nen-lăng-Động-phướn-hướng-dẫn-dễ-hiểu-giải-pháp-Độc-Đáo
906,3,Tang 3 profile_Blog Comments,https://treobngrn379076.timeblog.net/79051313/treo-pa-nen-cờ-phướn-hướng-dẫn-dễ-hiểu-Ý-tưởng-sáng-tạo
907,3,Tang 3 profile_Blog Comments,https://treo-bng-rn397793.blogzag.com/86494769/treo-băng-rôn-cờ-phướn-cách-thức-dễ-hiểu-giải-pháp-sáng-tạo
908,3,Tang 3 profile_Blog Comments,https://treobngrn118266.widblog.com/98070912/dựng-băng-rôn-cờ-phướn-hướng-dẫn-dễ-hiểu-giải-pháp-Độc-Đáo
909,3,Tang 3 profile_Blog Comments,https://treo-bng-rn075571.affiliatblogger.com/95613709/treo-pa-nen-cờ-phướn-cách-thức-chi-tiết-giải-pháp-Độc-Đáo
910,3,Tang 3 profile_Blog Comments,https://treo-bng-rn925017.bloginwi.com/77014564/dựng-băng-rôn-cờ-phướn-hướng-dẫn-chi-tiết-giải-pháp-Độc-Đáo
911,3,Tang 3 profile_Blog Comments,https://treocphn325528.fitnell.com/84287412/treo-pa-nen-cờ-phướn-cách-thức-chi-tiết-Ý-tưởng-Độc-Đáo
912,3,Tang 3 profile_Blog Comments,https://treo-c-phn937558.diowebhost.com/98399468/treo-băng-rôn-lăng-Động-phướn-hướng-dẫn-dễ-hiểu-Ý-tưởng-sáng-tạo
913,3,Tang 3 profile_Blog Comments,https://treo-bng-rn461851.jiliblog.com/99523532/treo-pa-nen-lăng-Động-phướn-hướng-dẫn-chi-tiết-Ý-tưởng-Độc-Đáo
914,3,Tang 3 profile_Blog Comments,https://treo-c-phn802825.ka-blogs.com/96721580/treo-băng-rôn-lăng-Động-phướn-hướng-dẫn-dễ-hiểu-giải-pháp-Độc-Đáo
915,3,Tang 3 profile_Blog Comments,https://treocphn929048.aioblogs.com/95869937/dựng-băng-rôn-cờ-phướn-hướng-dẫn-dễ-hiểu-giải-pháp-Độc-Đáo
916,3,Tang 3 profile_Blog Comments,https://treo-bng-rn678468.free-blogz.com/90809876/dựng-băng-rôn-cờ-phướn-hướng-dẫn-dễ-hiểu-Ý-tưởng-sáng-tạo
917,3,Tang 3 profile_Blog Comments,https://treobngrn349618.collectblogs.com/87804441/treo-băng-rôn-lăng-Động-phướn-hướng-dẫn-chi-tiết-giải-pháp-sáng-tạo
918,3,Tang 3 profile_Blog Comments,https://treo-c-phn462313.mpeblog.com/78855030/treo-pa-nen-cờ-phướn-cách-thức-dễ-hiểu-Ý-tưởng-sáng-tạo
919,3,Tang 3 profile_Blog Comments,https://treobngrn748698.bloggin-ads.com/66324127/treo-pa-nen-cờ-phướn-cách-thức-dễ-hiểu-Ý-tưởng-Độc-Đáo
920,3,Tang 3 profile_Blog Comments,https://treobngrn265723.blogerus.com/65194066/treo-băng-rôn-lăng-Động-phướn-hướng-dẫn-dễ-hiểu-Ý-tưởng-Độc-Đáo
921,3,Tang 3 profile_Blog Comments,https://treo-bng-rn130504.post-blogs.com/64065115/treo-băng-rôn-cờ-phướn-hướng-dẫn-dễ-hiểu-giải-pháp-Độc-Đáo
922,3,Tang 3 profile_Blog Comments,https://treocphn721960.blogstival.com/64790732/dựng-băng-rôn-cờ-phướn-cách-thức-chi-tiết-Ý-tưởng-sáng-tạo
923,3,Tang 3 profile_Blog Comments,https://treo-c-phn166134.link4blogs.com/63994415/treo-pa-nen-cờ-phướn-cách-thức-chi-tiết-giải-pháp-sáng-tạo
924,3,Tang 3 profile_Blog Comments,https://treo-c-phn489575.blogpostie.com/64399868/treo-pa-nen-lăng-Động-phướn-cách-thức-chi-tiết-giải-pháp-Độc-Đáo
925,3,Tang 3 profile_Blog Comments,https://treo-c-phn632028.mybloglicious.com/63068193/dựng-băng-rôn-lăng-Động-phướn-hướng-dẫn-dễ-hiểu-Ý-tưởng-sáng-tạo
926,3,Tang 3 profile_Blog Comments,https://treo-c-phn730860.review-blogger.com/64794392/treo-pa-nen-cờ-phướn-cách-thức-chi-tiết-Ý-tưởng-Độc-Đáo
927,3,Tang 3 profile_Blog Comments,https://treo-c-phn443372.designi1.com/63858330/treo-pa-nen-cờ-phướn-cách-thức-dễ-hiểu-Ý-tưởng-Độc-Đáo
928,3,Tang 3 profile_Blog Comments,https://treocphn004084.ivasdesign.com/64313508/treo-băng-rôn-cờ-phướn-hướng-dẫn-chi-tiết-giải-pháp-Độc-Đáo
929,3,Tang 3 profile_Blog Comments,https://treocphn100040.educationalimpactblog.com/64755050/dựng-băng-rôn-cờ-phướn-cách-thức-dễ-hiểu-giải-pháp-sáng-tạo
930,3,Tang 3 profile_Blog Comments,https://treobngrn400833.arwebo.com/65752491/treo-băng-rôn-cờ-phướn-cách-thức-chi-tiết-giải-pháp-sáng-tạo
931,3,Tang 3 profile_Blog Comments,https://treobngrn968625.blogprodesign.com/64606549/treo-băng-rôn-cờ-phướn-cách-thức-dễ-hiểu-Ý-tưởng-sáng-tạo
932,3,Tang 3 profile_Blog Comments,https://treobngrn993685.articlesblogger.com/65575916/treo-pa-nen-cờ-phướn-hướng-dẫn-chi-tiết-Ý-tưởng-Độc-Đáo
933,3,Tang 3 profile_Blog Comments,https://treocphn924163.blognody.com/54525893/treo-băng-rôn-lăng-Động-phướn-cách-thức-chi-tiết-giải-pháp-Độc-Đáo
934,3,Tang 3 profile_Blog Comments,https://treocphn279715.blogsumer.com/41913213/dựng-băng-rôn-lăng-Động-phướn-cách-thức-dễ-hiểu-giải-pháp-sáng-tạo
935,3,Tang 3 profile_Blog Comments,https://treo-bng-rn226721.jts-blog.com/41624107/dựng-băng-rôn-cờ-phướn-hướng-dẫn-chi-tiết-Ý-tưởng-sáng-tạo
936,3,Tang 3 profile_Blog Comments,https://treo-bng-rn143422.rimmablog.com/41748630/dựng-băng-rôn-cờ-phướn-cách-thức-dễ-hiểu-giải-pháp-Độc-Đáo
937,3,Tang 3 profile_Blog Comments,https://treocphn449073.bloggazza.com/41751554/treo-pa-nen-cờ-phướn-hướng-dẫn-dễ-hiểu-giải-pháp-Độc-Đáo
938,3,Tang 3 profile_Blog Comments,https://treo-c-phn957021.blogaritma.com/40882532/dựng-băng-rôn-cờ-phướn-hướng-dẫn-chi-tiết-Ý-tưởng-Độc-Đáo
939,3,Tang 3 profile_Blog Comments,https://treocphn995251.shoutmyblog.com/41767841/dựng-băng-rôn-cờ-phướn-hướng-dẫn-chi-tiết-Ý-tưởng-Độc-Đáo
940,3,Tang 3 profile_Blog Comments,https://treo-bng-rn121243.bcbloggers.com/41799080/treo-băng-rôn-cờ-phướn-hướng-dẫn-chi-tiết-Ý-tưởng-sáng-tạo
941,3,Tang 3 profile_Blog Comments,https://treo-bng-rn066445.blogcudinti.com/43163714/treo-băng-rôn-cờ-phướn-hướng-dẫn-dễ-hiểu-giải-pháp-Độc-Đáo
942,3,Tang 3 profile_Blog Comments,https://treobngrn028720.iyublog.com/41786403/dựng-băng-rôn-cờ-phướn-hướng-dẫn-dễ-hiểu-Ý-tưởng-sáng-tạo
943,3,Tang 3 profile_Blog Comments,https://treo-c-phn534732.blogdiloz.com/41578512/dựng-băng-rôn-lăng-Động-phướn-hướng-dẫn-dễ-hiểu-Ý-tưởng-sáng-tạo
944,3,Tang 3 profile_Blog Comments,https://treo-c-phn719478.verybigblog.com/41830397/dựng-băng-rôn-cờ-phướn-cách-thức-dễ-hiểu-Ý-tưởng-Độc-Đáo
945,3,Tang 3 profile_Blog Comments,https://treo-bng-rn987842.activosblog.com/41622711/treo-băng-rôn-cờ-phướn-hướng-dẫn-dễ-hiểu-giải-pháp-sáng-tạo
946,3,Tang 3 profile_Blog Comments,https://treo-bng-rn843113.p2blogs.com/41378980/dựng-băng-rôn-lăng-Động-phướn-cách-thức-chi-tiết-Ý-tưởng-sáng-tạo
947,3,Tang 3 profile_Blog Comments,https://treocphn418375.bloggactivo.com/42151350/treo-pa-nen-cờ-phướn-hướng-dẫn-dễ-hiểu-giải-pháp-Độc-Đáo
948,3,Tang 3 profile_Blog Comments,https://treocphn665844.theblogfairy.com/41814825/treo-băng-rôn-cờ-phướn-hướng-dẫn-chi-tiết-giải-pháp-Độc-Đáo
949,3,Tang 3 profile_Blog Comments,https://treo-bng-rn416257.vidublog.com/41697605/dựng-băng-rôn-cờ-phướn-hướng-dẫn-dễ-hiểu-giải-pháp-sáng-tạo
950,3,Tang 3 profile_Blog Comments,https://treobngrn975340.oblogation.com/41864575/treo-băng-rôn-lăng-Động-phướn-hướng-dẫn-dễ-hiểu-Ý-tưởng-sáng-tạo
951,3,Tang 3 profile_Blog Comments,https://treo-bng-rn481575.gynoblog.com/41758148/treo-băng-rôn-cờ-phướn-hướng-dẫn-dễ-hiểu-Ý-tưởng-Độc-Đáo
952,3,Tang 3 profile_Blog Comments,https://treo-c-phn430848.laowaiblog.com/41649071/dựng-băng-rôn-lăng-Động-phướn-cách-thức-dễ-hiểu-giải-pháp-sáng-tạo
953,3,Tang 3 profile_Blog Comments,https://treo-c-phn385446.angelinsblog.com/41792233/treo-pa-nen-cờ-phướn-hướng-dẫn-dễ-hiểu-giải-pháp-Độc-Đáo
954,3,Tang 3 profile_Blog Comments,https://treo-c-phn762425.bloggadores.com/41843032/treo-băng-rôn-cờ-phướn-cách-thức-chi-tiết-giải-pháp-sáng-tạo
955,3,Tang 3 profile_Blog Comments,https://treo-c-phn062107.humor-blog.com/41481588/dựng-băng-rôn-lăng-Động-phướn-cách-thức-dễ-hiểu-Ý-tưởng-sáng-tạo
956,3,Tang 3 profile_Blog Comments,https://treo-bng-rn342682.thekatyblog.com/41168726/treo-pa-nen-cờ-phướn-hướng-dẫn-chi-tiết-Ý-tưởng-Độc-Đáo
957,3,Tang 3 profile_Blog Comments,https://treo-bng-rn034959.blogspothub.com/41754578/dựng-băng-rôn-cờ-phướn-cách-thức-chi-tiết-giải-pháp-Độc-Đáo
958,3,Tang 3 profile_Blog Comments,https://treo-bng-rn593288.idblogmaker.com/41738904/treo-băng-rôn-cờ-phướn-hướng-dẫn-dễ-hiểu-Ý-tưởng-sáng-tạo
959,3,Tang 3 profile_Blog Comments,https://treo-c-phn240633.blogdemls.com/42813350/dựng-băng-rôn-cờ-phướn-hướng-dẫn-chi-tiết-giải-pháp-Độc-Đáo
960,3,Tang 3 profile_Blog Comments,https://treocphn861271.ageeksblog.com/41403027/treo-pa-nen-cờ-phướn-hướng-dẫn-chi-tiết-giải-pháp-sáng-tạo
961,3,Tang 3 profile_Blog Comments,https://treocphn764702.blogunteer.com/41719432/dựng-băng-rôn-lăng-Động-phướn-hướng-dẫn-chi-tiết-giải-pháp-Độc-Đáo
962,3,Tang 3 profile_Blog Comments,https://treobngrn191715.life3dblog.com/41424783/dựng-băng-rôn-cờ-phướn-hướng-dẫn-dễ-hiểu-Ý-tưởng-sáng-tạo
963,3,Tang 3 profile_Blog Comments,https://treo-bng-rn409868.therainblog.com/41511927/treo-pa-nen-cờ-phướn-cách-thức-dễ-hiểu-giải-pháp-Độc-Đáo
964,3,Tang 3 profile_Blog Comments,https://treo-bng-rn370996.ltfblog.com/41442214/treo-băng-rôn-lăng-Động-phướn-hướng-dẫn-dễ-hiểu-Ý-tưởng-sáng-tạo
965,3,Tang 3 profile_Blog Comments,https://treo-bng-rn500802.boyblogguide.com/41686246/treo-băng-rôn-cờ-phướn-cách-thức-chi-tiết-Ý-tưởng-sáng-tạo
966,3,Tang 3 profile_Blog Comments,https://treocphn667416.blogmazing.com/41847616/treo-băng-rôn-lăng-Động-phướn-cách-thức-chi-tiết-giải-pháp-sáng-tạo
967,3,Tang 3 profile_Blog Comments,https://treocphn214226.blogars.com/41470310/treo-pa-nen-cờ-phướn-cách-thức-dễ-hiểu-Ý-tưởng-sáng-tạo
968,3,Tang 3 profile_Blog Comments,https://treo-c-phn940575.thechapblog.com/41837614/treo-pa-nen-cờ-phướn-cách-thức-dễ-hiểu-giải-pháp-Độc-Đáo
969,3,Tang 3 profile_Blog Comments,https://treo-c-phn680728.blogsvirals.com/41694772/treo-băng-rôn-cờ-phướn-cách-thức-chi-tiết-Ý-tưởng-sáng-tạo
970,3,Tang 3 profile_Blog Comments,https://treocphn295474.glifeblog.com/41647664/treo-băng-rôn-cờ-phướn-cách-thức-dễ-hiểu-Ý-tưởng-sáng-tạo
971,3,Tang 3 profile_Blog Comments,https://treocphn380130.losblogos.com/41720136/treo-pa-nen-cờ-phướn-cách-thức-chi-tiết-Ý-tưởng-Độc-Đáo
972,3,Tang 3 profile_Blog Comments,https://treobngrn277703.estate-blog.com/41841021/treo-pa-nen-cờ-phướn-hướng-dẫn-chi-tiết-giải-pháp-sáng-tạo
973,3,Tang 3 profile_Blog Comments,https://treobngrn499982.prublogger.com/41862238/treo-pa-nen-cờ-phướn-hướng-dẫn-chi-tiết-giải-pháp-sáng-tạo
974,3,Tang 3 profile_Blog Comments,https://treobngrn578016.blogdomago.com/41497508/treo-pa-nen-cờ-phướn-cách-thức-dễ-hiểu-giải-pháp-sáng-tạo
975,3,Tang 3 profile_Blog Comments,https://treo-c-phn512600.bloguerosa.com/41685229/dựng-băng-rôn-cờ-phướn-cách-thức-chi-tiết-Ý-tưởng-Độc-Đáo
976,3,Tang 3 profile_Blog Comments,https://treobngrn364152.daneblogger.com/41682616/treo-pa-nen-lăng-Động-phướn-hướng-dẫn-chi-tiết-Ý-tưởng-sáng-tạo
977,3,Tang 3 profile_Blog Comments,https://treobngrn530413.goabroadblog.com/41762562/dựng-băng-rôn-cờ-phướn-cách-thức-dễ-hiểu-Ý-tưởng-sáng-tạo
978,3,Tang 3 profile_Blog Comments,https://treobngrn583790.popup-blog.com/41710009/treo-pa-nen-cờ-phướn-cách-thức-dễ-hiểu-Ý-tưởng-sáng-tạo
979,3,Tang 3 profile_Blog Comments,https://treobngrn586695.blogozz.com/41814075/treo-băng-rôn-lăng-Động-phướn-cách-thức-chi-tiết-Ý-tưởng-Độc-Đáo
980,3,Tang 3 profile_Blog Comments,https://treo-c-phn603923.activablog.com/41999276/treo-băng-rôn-cờ-phướn-hướng-dẫn-chi-tiết-Ý-tưởng-sáng-tạo
981,3,Tang 3 profile_Blog Comments,https://treobngrn903736.bloggazzo.com/41733677/dựng-băng-rôn-cờ-phướn-cách-thức-dễ-hiểu-giải-pháp-sáng-tạo
982,3,Tang 3 profile_Blog Comments,https://treo-c-phn797599.ssnblog.com/41629039/treo-pa-nen-lăng-Động-phướn-hướng-dẫn-dễ-hiểu-giải-pháp-Độc-Đáo
983,3,Tang 3 profile_Blog Comments,https://treocphn117779.activoblog.com/721088/treo-băng-rôn-cờ-phướn-hướng-dẫn-dễ-hiểu-giải-pháp-sáng-tạo
984,3,Tang 3 profile_Blog Comments,https://treobngrn213229.blogoxo.com/43177464/treo-pa-nen-cờ-phướn-hướng-dẫn-chi-tiết-giải-pháp-Độc-Đáo
985,3,Tang 3 profile_Blog Comments,https://treo-c-phn993515.elbloglibre.com/43223223/dựng-băng-rôn-cờ-phướn-cách-thức-chi-tiết-Ý-tưởng-sáng-tạo
986,3,Tang 3 profile_Blog Comments,https://treo-bng-rn452397.blog-ezine.com/43400402/treo-băng-rôn-cờ-phướn-cách-thức-chi-tiết-giải-pháp-Độc-Đáo
987,3,Tang 3 profile_Blog Comments,https://treocphn988846.blogscribble.com/43016613/treo-băng-rôn-cờ-phướn-cách-thức-chi-tiết-giải-pháp-Độc-Đáo
988,3,Tang 3 profile_Blog Comments,https://treo-c-phn712921.madmouseblog.com/88680/dựng-băng-rôn-cờ-phướn-hướng-dẫn-chi-tiết-giải-pháp-Độc-Đáo
989,3,Tang 3 profile_Blog Comments,https://treo-c-phn651389.ja-blog.com/43106992/treo-băng-rôn-lăng-Động-phướn-cách-thức-dễ-hiểu-Ý-tưởng-sáng-tạo
990,3,Tang 3 profile_Blog Comments,https://treo-bng-rn613806.blogtov.com/88174/treo-pa-nen-cờ-phướn-cách-thức-dễ-hiểu-Ý-tưởng-sáng-tạo
991,3,Tang 3 profile_Blog Comments,https://treo-c-phn158572.digitollblog.com/42706773/dựng-băng-rôn-cờ-phướn-hướng-dẫn-chi-tiết-Ý-tưởng-Độc-Đáo
992,3,Tang 3 profile_Blog Comments,https://treocphn424714.blazingblog.com/42804853/treo-băng-rôn-cờ-phướn-cách-thức-chi-tiết-Ý-tưởng-sáng-tạo
993,3,Tang 3 profile_Blog Comments,https://treocphn430013.creacionblog.com/42729110/treo-băng-rôn-cờ-phướn-cách-thức-chi-tiết-giải-pháp-sáng-tạo
994,3,Tang 3 profile_Blog Comments,https://treo-bng-rn234667.tusblogos.com/43494345/treo-băng-rôn-cờ-phướn-hướng-dẫn-chi-tiết-giải-pháp-Độc-Đáo
995,3,Tang 3 profile_Blog Comments,https://treo-c-phn329212.blogchaat.com/43082570/treo-băng-rôn-cờ-phướn-cách-thức-dễ-hiểu-Ý-tưởng-Độc-Đáo
996,3,Tang 3 profile_Blog Comments,https://treo-c-phn485805.dm-blog.com/43154901/dựng-băng-rôn-cờ-phướn-hướng-dẫn-chi-tiết-Ý-tưởng-sáng-tạo
997,3,Tang 3 profile_Blog Comments,https://treo-bng-rn575886.smblogsites.com/42863558/treo-băng-rôn-cờ-phướn-cách-thức-chi-tiết-giải-pháp-sáng-tạo
998,3,Tang 3 profile_Blog Comments,https://treocphn393690.weblogco.com/43090620/dựng-băng-rôn-cờ-phướn-cách-thức-chi-tiết-giải-pháp-Độc-Đáo
999,3,Tang 3 profile_Blog Comments,https://treocphn628771.blogdeazar.com/87557/dựng-băng-rôn-lăng-Động-phướn-hướng-dẫn-chi-tiết-giải-pháp-Độc-Đáo
1000,3,Tang 3 profile_Blog Comments,https://treobngrn378371.ourcodeblog.com/43181890/treo-băng-rôn-cờ-phướn-cách-thức-chi-tiết-giải-pháp-Độc-Đáo
1001,3,Tang 3 profile_Blog Comments,https://treobngrn032632.eedblog.com/43049340/dựng-băng-rôn-lăng-Động-phướn-hướng-dẫn-dễ-hiểu-Ý-tưởng-Độc-Đáo
1002,3,Tang 3 profile_Blog Comments,https://treobngrn292436.theisblog.com/43209371/treo-pa-nen-cờ-phướn-hướng-dẫn-chi-tiết-Ý-tưởng-Độc-Đáo
1003,3,Tang 3 profile_Blog Comments,https://treo-bng-rn946595.blog2freedom.com/42870724/treo-băng-rôn-cờ-phướn-hướng-dẫn-dễ-hiểu-Ý-tưởng-sáng-tạo
1004,3,Tang 3 profile_Blog Comments,https://treo-c-phn686417.bloggip.com/43256260/dựng-băng-rôn-cờ-phướn-hướng-dẫn-dễ-hiểu-giải-pháp-Độc-Đáo
1005,3,Tang 3 profile_Blog Comments,https://treobngrn644605.qodsblog.com/42924619/treo-pa-nen-cờ-phướn-hướng-dẫn-chi-tiết-Ý-tưởng-sáng-tạo
1006,3,Tang 3 profile_Blog Comments,https://treo-bng-rn998585.liberty-blog.com/43076168/treo-pa-nen-cờ-phướn-hướng-dẫn-dễ-hiểu-giải-pháp-sáng-tạo
1007,3,Tang 3 profile_Blog Comments,https://treo-bng-rn618516.blogpayz.com/43062176/treo-băng-rôn-cờ-phướn-hướng-dẫn-chi-tiết-Ý-tưởng-sáng-tạo
1008,3,Tang 3 profile_Blog Comments,https://treocphn959674.techionblog.com/43020718/treo-băng-rôn-lăng-Động-phướn-cách-thức-dễ-hiểu-Ý-tưởng-sáng-tạo
1009,3,Tang 3 profile_Blog Comments,https://treo-bng-rn445599.buyoutblog.com/42821787/dựng-băng-rôn-cờ-phướn-cách-thức-chi-tiết-giải-pháp-sáng-tạo
1010,3,Tang 3 profile_Blog Comments,https://treo-c-phn868283.blogitright.com/43119104/treo-băng-rôn-cờ-phướn-hướng-dẫn-chi-tiết-Ý-tưởng-sáng-tạo
1011,3,Tang 3 profile_Blog Comments,https://treobngrn006771.blogunok.com/43026892/treo-băng-rôn-cờ-phướn-hướng-dẫn-dễ-hiểu-Ý-tưởng-sáng-tạo
1012,3,Tang 3 profile_Blog Comments,https://treobngrn962367.blog-eye.com/43123214/treo-băng-rôn-lăng-Động-phướn-cách-thức-dễ-hiểu-giải-pháp-sáng-tạo
1013,3,Tang 3 profile_Blog Comments,https://treo-c-phn553880.blogdosaga.com/42795351/treo-pa-nen-cờ-phướn-hướng-dẫn-dễ-hiểu-Ý-tưởng-sáng-tạo
1014,3,Tang 3 profile_Blog Comments,https://treobngrn271341.blogpixi.com/43132342/dựng-băng-rôn-cờ-phướn-hướng-dẫn-dễ-hiểu-Ý-tưởng-Độc-Đáo
1015,3,Tang 3 profile_Blog Comments,https://treocphn198398.azzablog.com/43232088/treo-pa-nen-cờ-phướn-hướng-dẫn-dễ-hiểu-giải-pháp-sáng-tạo
1016,3,Tang 3 profile_Blog Comments,https://treocphn610091.snack-blog.com/43016390/dựng-băng-rôn-cờ-phướn-cách-thức-dễ-hiểu-giải-pháp-Độc-Đáo
1017,3,Tang 3 profile_Blog Comments,https://treo-bng-rn076767.fare-blog.com/88415/treo-pa-nen-cờ-phướn-cách-thức-chi-tiết-giải-pháp-Độc-Đáo
1018,3,Tang 3 profile_Blog Comments,https://treocphn554065.anchor-blog.com/23167741/treo-pa-nen-cờ-phướn-hướng-dẫn-chi-tiết-Ý-tưởng-sáng-tạo
1019,3,Tang 3 profile_Blog Comments,https://treo-c-phn185073.blogsvila.com/43106535/dựng-băng-rôn-cờ-phướn-cách-thức-chi-tiết-giải-pháp-sáng-tạo
1020,3,Tang 3 profile_Blog Comments,https://treo-c-phn885781.wssblogs.com/42663888/dựng-băng-rôn-cờ-phướn-cách-thức-dễ-hiểu-Ý-tưởng-Độc-Đáo
1021,3,Tang 3 profile_Blog Comments,https://treobngrn774678.blogdanica.com/42957741/treo-băng-rôn-cờ-phướn-hướng-dẫn-dễ-hiểu-Ý-tưởng-Độc-Đáo
1022,3,Tang 3 profile_Blog Comments,https://treobngrn392186.bloggerchest.com/42917244/dựng-băng-rôn-lăng-Động-phướn-hướng-dẫn-chi-tiết-Ý-tưởng-Độc-Đáo
1023,3,Tang 3 profile_Blog Comments,https://treo-c-phn413557.tkzblog.com/42526419/treo-băng-rôn-cờ-phướn-cách-thức-chi-tiết-Ý-tưởng-Độc-Đáo
1024,3,Tang 3 profile_Blog Comments,https://treo-bng-rn620316.like-blogs.com/42623118/treo-pa-nen-lăng-Động-phướn-cách-thức-dễ-hiểu-giải-pháp-Độc-Đáo
1025,3,Tang 3 profile_Blog Comments,https://treo-c-phn990117.onzeblog.com/42967461/treo-pa-nen-cờ-phướn-cách-thức-dễ-hiểu-Ý-tưởng-sáng-tạo
1026,3,Tang 3 profile_Blog Comments,https://treobngrn808622.ziblogs.com/43076583/dựng-băng-rôn-lăng-Động-phướn-cách-thức-dễ-hiểu-Ý-tưởng-Độc-Đáo
1027,3,Tang 3 profile_Blog Comments,https://treocphn882439.blog-kids.com/43188327/treo-pa-nen-lăng-Động-phướn-hướng-dẫn-chi-tiết-giải-pháp-Độc-Đáo
1028,3,Tang 3 profile_Blog Comments,https://treobngrn595015.answerblogs.com/43148911/treo-pa-nen-cờ-phướn-cách-thức-dễ-hiểu-giải-pháp-sáng-tạo
1029,3,Tang 3 profile_Blog Comments,https://treo-bng-rn351602.nizarblog.com/43120245/dựng-băng-rôn-cờ-phướn-hướng-dẫn-dễ-hiểu-Ý-tưởng-Độc-Đáo
1030,3,Tang 3 profile_Blog Comments,https://treo-bng-rn749468.sharebyblog.com/42643039/treo-pa-nen-lăng-Động-phướn-cách-thức-dễ-hiểu-giải-pháp-Độc-Đáo
1031,3,Tang 3 profile_Blog Comments,https://treocphn155353.wizzardsblog.com/42677452/treo-băng-rôn-lăng-Động-phướn-hướng-dẫn-dễ-hiểu-giải-pháp-Độc-Đáo
1032,3,Tang 3 profile_Blog Comments,https://treobngrn607956.tokka-blog.com/43226413/treo-băng-rôn-cờ-phướn-cách-thức-dễ-hiểu-giải-pháp-sáng-tạo
1033,3,Tang 3 profile_Blog Comments,https://treobngrn434038.veronicablog.com/62697530/treo-băng-rôn-lăng-Động-phướn-hướng-dẫn-dễ-hiểu-giải-pháp-Độc-Đáo
1034,3,Tang 3 profile_Blog Comments,https://treobngrn892864.keablog.com/61682667/treo-băng-rôn-lăng-Động-phướn-hướng-dẫn-dễ-hiểu-Ý-tưởng-Độc-Đáo
1035,3,Tang 3 profile_Blog Comments,https://treo-c-phn649875.bloggerszones.com/61682646/dựng-băng-rôn-cờ-phướn-cách-thức-chi-tiết-Ý-tưởng-Độc-Đáo
1036,3,Tang 3 profile_Blog Comments,https://treobngrn956512.velocityblog.com/61682645/treo-băng-rôn-cờ-phướn-hướng-dẫn-chi-tiết-Ý-tưởng-Độc-Đáo
1037,3,Tang 3 profile_Blog Comments,https://treo-c-phn441894.podcastbloggers.com/61682713/dựng-băng-rôn-cờ-phướn-cách-thức-dễ-hiểu-giải-pháp-sáng-tạo
1038,3,Tang 3 profile_Blog Comments,https://treo-bng-rn182239.blog-tecnologia.com/61682682/treo-băng-rôn-cờ-phướn-hướng-dẫn-chi-tiết-giải-pháp-sáng-tạo
1039,3,Tang 3 profile_Blog Comments,https://treobngrn392066.2dayblogger.com/61682782/dựng-băng-rôn-cờ-phướn-cách-thức-chi-tiết-Ý-tưởng-Độc-Đáo
1040,3,Tang 3 profile_Blog Comments,https://treobngrn572895.fiveforblogger.com/61682735/dựng-băng-rôn-cờ-phướn-hướng-dẫn-dễ-hiểu-giải-pháp-sáng-tạo
1041,3,Tang 3 profile_Blog Comments,https://treo-bng-rn897225.mindblogling.com/61682672/treo-pa-nen-lăng-Động-phướn-cách-thức-chi-tiết-giải-pháp-sáng-tạo
1042,3,Tang 3 profile_Blog Comments,https://treo-c-phn925969.thedigiblog.com/61682765/dựng-băng-rôn-lăng-Động-phướn-hướng-dẫn-chi-tiết-giải-pháp-Độc-Đáo
1043,3,Tang 3 profile_Blog Comments,https://treo-c-phn747352.javameblog.com/61682754/treo-pa-nen-cờ-phướn-cách-thức-dễ-hiểu-giải-pháp-Độc-Đáo
1044,3,Tang 3 profile_Blog Comments,https://treo-bng-rn459824.weblognation.com/61682783/dựng-băng-rôn-cờ-phướn-hướng-dẫn-dễ-hiểu-Ý-tưởng-sáng-tạo
1045,3,Tang 3 profile_Blog Comments,https://treobngrn971488.infantblog.com/61699229/treo-pa-nen-cờ-phướn-cách-thức-dễ-hiểu-Ý-tưởng-Độc-Đáo
1046,3,Tang 3 profile_Blog Comments,https://treocphn800868.prudentblogger.com/61682789/treo-pa-nen-cờ-phướn-hướng-dẫn-dễ-hiểu-Ý-tưởng-Độc-Đáo
1047,3,Tang 3 profile_Blog Comments,https://treo-bng-rn193240.blogalite.com/61703688/treo-băng-rôn-cờ-phướn-hướng-dẫn-chi-tiết-Ý-tưởng-sáng-tạo
1048,3,Tang 3 profile_Blog Comments,https://treo-bng-rn441150.gurusblogger.com/61682805/treo-băng-rôn-cờ-phướn-hướng-dẫn-chi-tiết-Ý-tưởng-Độc-Đáo
1049,3,Tang 3 profile_Blog Comments,https://treobngrn793930.designbuildblog.com/61682811/treo-pa-nen-cờ-phướn-hướng-dẫn-chi-tiết-giải-pháp-sáng-tạo
1050,3,Tang 3 profile_Blog Comments,https://treocphn762558.octoberblog.com/61682814/dựng-băng-rôn-cờ-phướn-hướng-dẫn-dễ-hiểu-Ý-tưởng-sáng-tạo
1051,3,Tang 3 profile_Blog Comments,https://treo-bng-rn206610.bloggingcrow.com/61703519/treo-băng-rôn-cờ-phướn-cách-thức-dễ-hiểu-giải-pháp-sáng-tạo
1052,3,Tang 3 profile_Blog Comments,https://treo-bng-rn959403.bloggingvalley.com/61699312/treo-băng-rôn-cờ-phướn-cách-thức-dễ-hiểu-giải-pháp-Độc-Đáo
1053,3,Tang 3 profile_Blog Comments,https://treo-c-phn966463.blogging4ever.com/61682856/treo-băng-rôn-cờ-phướn-hướng-dẫn-chi-tiết-Ý-tưởng-sáng-tạo
1054,3,Tang 3 profile_Blog Comments,https://treocphn487650.blog93.com/61682897/dựng-băng-rôn-cờ-phướn-cách-thức-chi-tiết-Ý-tưởng-Độc-Đáo
1055,3,Tang 3 profile_Blog Comments,https://treocphn576309.favoritblog.com/61682937/treo-băng-rôn-cờ-phướn-cách-thức-chi-tiết-Ý-tưởng-sáng-tạo
1056,3,Tang 3 profile_Blog Comments,https://treobngrn881514.gamesbloggo.com/61682898/dựng-băng-rôn-cờ-phướn-hướng-dẫn-chi-tiết-Ý-tưởng-sáng-tạo
1057,3,Tang 3 profile_Blog Comments,https://treocphn783926.tranceblogger.com/61682930/treo-băng-rôn-cờ-phướn-cách-thức-dễ-hiểu-Ý-tưởng-Độc-Đáo
1058,3,Tang 3 profile_Blog Comments,https://treo-bng-rn547474.icingblog.com/61682986/dựng-băng-rôn-cờ-phướn-hướng-dẫn-chi-tiết-giải-pháp-sáng-tạo
1059,3,Tang 3 profile_Blog Comments,https://treocphn752424.bloggers-hub.com/61703829/dựng-băng-rôn-cờ-phướn-hướng-dẫn-chi-tiết-giải-pháp-Độc-Đáo
1060,3,Tang 3 profile_Blog Comments,https://treo-c-phn269751.deliverblog.com/61682980/treo-pa-nen-cờ-phướn-hướng-dẫn-dễ-hiểu-Ý-tưởng-sáng-tạo
1061,3,Tang 3 profile_Blog Comments,https://treobngrn392306.thatgameblog.com/61682903/treo-băng-rôn-cờ-phướn-cách-thức-chi-tiết-Ý-tưởng-sáng-tạo
1062,3,Tang 3 profile_Blog Comments,https://treo-c-phn822018.judgeblog.com/61699527/treo-pa-nen-cờ-phướn-cách-thức-dễ-hiểu-Ý-tưởng-sáng-tạo
1063,3,Tang 3 profile_Blog Comments,https://treo-c-phn282247.theblogmystery.com/61682916/treo-pa-nen-lăng-Động-phướn-hướng-dẫn-dễ-hiểu-Ý-tưởng-Độc-Đáo
1064,3,Tang 3 profile_Blog Comments,https://treo-c-phn679893.line-blog.com/61682915/treo-pa-nen-lăng-Động-phướn-hướng-dẫn-chi-tiết-giải-pháp-sáng-tạo
1065,3,Tang 3 profile_Blog Comments,https://treo-c-phn798176.meteoriteblog.com/61682927/dựng-băng-rôn-lăng-Động-phướn-hướng-dẫn-dễ-hiểu-Ý-tưởng-Độc-Đáo
1066,3,Tang 3 profile_Blog Comments,https://treo-c-phn757948.blog-avenue.com/61682933/dựng-băng-rôn-cờ-phướn-cách-thức-chi-tiết-giải-pháp-Độc-Đáo
1067,3,Tang 3 profile_Blog Comments,https://treocphn563587.25blog.com/61682973/treo-băng-rôn-lăng-Động-phướn-cách-thức-dễ-hiểu-Ý-tưởng-sáng-tạo
1068,3,Tang 3 profile_Blog Comments,https://treo-c-phn388261.robobloggo.com/61682941/treo-băng-rôn-cờ-phướn-cách-thức-dễ-hiểu-Ý-tưởng-sáng-tạo
1069,3,Tang 3 profile_Blog Comments,https://treocphn329258.bloggingpiece.com/61682975/dựng-băng-rôn-cờ-phướn-hướng-dẫn-dễ-hiểu-giải-pháp-Độc-Đáo
1070,3,Tang 3 profile_Blog Comments,https://treo-c-phn063240.119blog.com/61682978/treo-băng-rôn-lăng-Động-phướn-cách-thức-chi-tiết-giải-pháp-sáng-tạo
1071,3,Tang 3 profile_Blog Comments,https://treocphn501210.blog-center.com/61683018/treo-băng-rôn-cờ-phướn-cách-thức-chi-tiết-giải-pháp-Độc-Đáo
1072,3,Tang 3 profile_Blog Comments,https://treocphn813534.brainyblogger.com/61682965/treo-băng-rôn-cờ-phướn-cách-thức-dễ-hiểu-Ý-tưởng-Độc-Đáo
1073,3,Tang 3 profile_Blog Comments,https://treobngrn749495.seowebsiteblog.com/61699889/treo-pa-nen-lăng-Động-phướn-cách-thức-chi-tiết-Ý-tưởng-sáng-tạo
1074,3,Tang 3 profile_Blog Comments,https://treobngrn650720.thebailblog.com/61683010/treo-pa-nen-cờ-phướn-hướng-dẫn-dễ-hiểu-Ý-tưởng-sáng-tạo
1075,3,Tang 3 profile_Blog Comments,https://treocphn783481.1blogtheme.com/61683006/treo-pa-nen-cờ-phướn-hướng-dẫn-chi-tiết-giải-pháp-Độc-Đáo
1076,3,Tang 3 profile_Blog Comments,https://treo-bng-rn899748.boxmoneyblog.com/61683012/treo-băng-rôn-cờ-phướn-hướng-dẫn-dễ-hiểu-Ý-tưởng-sáng-tạo
1077,3,Tang 3 profile_Blog Comments,https://treo-c-phn213337.blogdomination.com/61682951/treo-pa-nen-cờ-phướn-cách-thức-dễ-hiểu-Ý-tưởng-Độc-Đáo
1078,3,Tang 3 profile_Blog Comments,https://treobngrn008785.divisionblog.com/61699436/treo-pa-nen-cờ-phướn-hướng-dẫn-chi-tiết-Ý-tưởng-sáng-tạo
1079,3,Tang 3 profile_Blog Comments,https://treocphn341912.beneficialblog.com/61704046/dựng-băng-rôn-lăng-Động-phướn-cách-thức-dễ-hiểu-Ý-tưởng-Độc-Đáo
1080,3,Tang 3 profile_Blog Comments,https://treobngrn047268.opentechblog.com/61683011/treo-băng-rôn-cờ-phướn-hướng-dẫn-chi-tiết-Ý-tưởng-sáng-tạo
1081,3,Tang 3 profile_Blog Comments,https://treobngrn708705.zeeblogger.com/61683022/treo-băng-rôn-cờ-phướn-cách-thức-chi-tiết-giải-pháp-sáng-tạo
1082,3,Tang 3 profile_Blog Comments,https://treocphn346140.boonblog.com/61682995/dựng-băng-rôn-cờ-phướn-cách-thức-chi-tiết-giải-pháp-sáng-tạo
1083,3,Tang 3 profile_Blog Comments,https://treocphn824633.newsyblog.com/1427134/treo-băng-rôn-cờ-phướn-hướng-dẫn-dễ-hiểu-Ý-tưởng-sáng-tạo
1084,3,Tang 3 profile_Blog Comments,https://treocphn211456.itbloghub.com/517854/treo-băng-rôn-lăng-Động-phướn-hướng-dẫn-dễ-hiểu-Ý-tưởng-sáng-tạo
1085,3,Tang 3 profile_Blog Comments,https://treocphn714766.themartinblog.com/509441/treo-băng-rôn-lăng-Động-phướn-hướng-dẫn-chi-tiết-Ý-tưởng-Độc-Đáo
1086,3,Tang 3 profile_Blog Comments,https://treocphn916176.soro-blog.com/509642/dựng-băng-rôn-cờ-phướn-hướng-dẫn-chi-tiết-Ý-tưởng-sáng-tạo
1087,3,Tang 3 profile_Blog Comments,https://treobngrn017235.blogcheer.com/521623/treo-pa-nen-cờ-phướn-hướng-dẫn-chi-tiết-giải-pháp-sáng-tạo
1088,3,Tang 3 profile_Blog Comments,https://treobngrn284127.stilblogger.com/509826/treo-băng-rôn-cờ-phướn-hướng-dẫn-chi-tiết-giải-pháp-Độc-Đáo
1089,3,Tang 3 profile_Blog Comments,https://treobngrn644704.mybloggertrick.com/518750/treo-băng-rôn-cờ-phướn-hướng-dẫn-dễ-hiểu-Ý-tưởng-Độc-Đáo
1090,3,Tang 3 profile_Blog Comments,https://treo-bng-rn537045.my21blog.com/519041/dựng-băng-rôn-cờ-phướn-hướng-dẫn-dễ-hiểu-Ý-tưởng-Độc-Đáo
1091,3,Tang 3 profile_Blog Comments,https://treo-bng-rn560347.blogfrogs.com/521760/dựng-băng-rôn-cờ-phướn-hướng-dẫn-chi-tiết-giải-pháp-Độc-Đáo
1092,3,Tang 3 profile_Blog Comments,https://treo-bng-rn538677.polarisnewsblog.com/518791/treo-pa-nen-cờ-phướn-hướng-dẫn-dễ-hiểu-giải-pháp-Độc-Đáo
1093,3,Tang 3 profile_Blog Comments,https://treobngrn174068.blogdeport.com/521986/treo-pa-nen-cờ-phướn-hướng-dẫn-dễ-hiểu-giải-pháp-Độc-Đáo
1094,3,Tang 3 profile_Blog Comments,https://treo-c-phn563141.blog226.com/509886/dựng-băng-rôn-cờ-phướn-cách-thức-chi-tiết-Ý-tưởng-Độc-Đáo
1095,3,Tang 3 profile_Blog Comments,https://treobngrn195861.greenviewblog.com/518476/treo-băng-rôn-lăng-Động-phướn-hướng-dẫn-chi-tiết-Ý-tưởng-Độc-Đáo
1096,3,Tang 3 profile_Blog Comments,https://treobngrn860431.2blogspot.com/509951/treo-băng-rôn-cờ-phướn-cách-thức-chi-tiết-giải-pháp-sáng-tạo
1097,3,Tang 3 profile_Blog Comments,https://treocphn104615.bestblogskill.com/521566/treo-pa-nen-cờ-phướn-hướng-dẫn-chi-tiết-Ý-tưởng-sáng-tạo
1098,3,Tang 3 profile_Blog Comments,https://treo-bng-rn681015.thebegoodblog.com/518719/treo-pa-nen-cờ-phướn-hướng-dẫn-dễ-hiểu-giải-pháp-Độc-Đáo
1099,3,Tang 3 profile_Blog Comments,https://treobngrn362303.toki-blog.com/518553/treo-pa-nen-cờ-phướn-hướng-dẫn-dễ-hiểu-Ý-tưởng-sáng-tạo
1100,3,Tang 3 profile_Blog Comments,https://treocphn600192.rider-blog.com/509962/treo-pa-nen-cờ-phướn-cách-thức-chi-tiết-giải-pháp-sáng-tạo
1101,3,Tang 3 profile_Blog Comments,https://treobngrn132336.joblog-life.com/518801/dựng-băng-rôn-cờ-phướn-cách-thức-dễ-hiểu-giải-pháp-sáng-tạo
1102,3,Tang 3 profile_Blog Comments,https://treocphn226301.bloggerpal.com/521774/dựng-băng-rôn-cờ-phướn-hướng-dẫn-dễ-hiểu-giải-pháp-sáng-tạo
1103,3,Tang 3 profile_Blog Comments,https://treocphn952617.attorneysblog.com/521828/dựng-băng-rôn-cờ-phướn-hướng-dẫn-chi-tiết-Ý-tưởng-Độc-Đáo
1104,3,Tang 3 profile_Blog Comments,https://treo-c-phn230709.thehighlifeblog.com/509990/treo-pa-nen-cờ-phướn-hướng-dẫn-chi-tiết-giải-pháp-sáng-tạo
1105,3,Tang 3 profile_Blog Comments,https://treo-bng-rn734367.realstoriesblog.com/518578/dựng-băng-rôn-lăng-Động-phướn-cách-thức-chi-tiết-giải-pháp-Độc-Đáo
1106,3,Tang 3 profile_Blog Comments,https://treobngrn819512.theroseblog.com/518468/treo-băng-rôn-cờ-phướn-cách-thức-chi-tiết-Ý-tưởng-Độc-Đáo
1107,3,Tang 3 profile_Blog Comments,https://treobngrn991898.blogthisthat.com/518979/treo-pa-nen-cờ-phướn-hướng-dẫn-dễ-hiểu-Ý-tưởng-sáng-tạo
1108,3,Tang 3 profile_Blog Comments,https://treobngrn515660.remotelifeblog.com/519040/treo-băng-rôn-lăng-Động-phướn-cách-thức-dễ-hiểu-Ý-tưởng-Độc-Đáo
1109,3,Tang 3 profile_Blog Comments,https://treo-c-phn365151.infoblog24.com/518761/treo-pa-nen-cờ-phướn-hướng-dẫn-chi-tiết-giải-pháp-Độc-Đáo
1110,3,Tang 3 profile_Blog Comments,https://treo-bng-rn010932.blog4game.com/510022/treo-băng-rôn-cờ-phướn-hướng-dẫn-chi-tiết-giải-pháp-Độc-Đáo
1111,3,Tang 3 profile_Blog Comments,https://treo-c-phn603758.blogmomo.com/518994/treo-băng-rôn-cờ-phướn-cách-thức-chi-tiết-giải-pháp-Độc-Đáo
1112,3,Tang 3 profile_Blog Comments,https://treo-c-phn995076.justblogstop.com/510080/treo-băng-rôn-cờ-phướn-cách-thức-chi-tiết-giải-pháp-sáng-tạo
1113,3,Tang 3 profile_Blog Comments,https://treo-bng-rn780522.kisa-blog.com/518848/treo-pa-nen-lăng-Động-phướn-hướng-dẫn-dễ-hiểu-Ý-tưởng-Độc-Đáo
1114,3,Tang 3 profile_Blog Comments,https://treo-bng-rn988459.taletrueblog.com/518777/dựng-băng-rôn-lăng-Động-phướn-cách-thức-chi-tiết-Ý-tưởng-sáng-tạo
1115,3,Tang 3 profile_Blog Comments,https://treo-c-phn969322.keepwritingblog.com/510088/dựng-băng-rôn-lăng-Động-phướn-cách-thức-chi-tiết-giải-pháp-Độc-Đáo
1116,3,Tang 3 profile_Blog Comments,https://treo-bng-rn660707.toto-blog.com/510109/dựng-băng-rôn-cờ-phướn-cách-thức-dễ-hiểu-Ý-tưởng-Độc-Đáo
1117,3,Tang 3 profile_Blog Comments,https://treobngrn696637.mansionsblog.com/510045/treo-pa-nen-cờ-phướn-hướng-dẫn-dễ-hiểu-giải-pháp-sáng-tạo
1118,3,Tang 3 profile_Blog Comments,https://treo-c-phn181723.thunkblog.com/518979/dựng-băng-rôn-cờ-phướn-hướng-dẫn-dễ-hiểu-giải-pháp-Độc-Đáo
1119,3,Tang 3 profile_Blog Comments,https://treo-bng-rn068005.realblogstories.com/518963/treo-băng-rôn-cờ-phướn-hướng-dẫn-dễ-hiểu-giải-pháp-Độc-Đáo
1120,3,Tang 3 profile_Blog Comments,https://treo-bng-rn684922.reflectblog.com/518895/treo-băng-rôn-cờ-phướn-hướng-dẫn-chi-tiết-giải-pháp-Độc-Đáo
1121,3,Tang 3 profile_Blog Comments,https://treobngrn743214.blogtecnos.com/519020/dựng-băng-rôn-lăng-Động-phướn-cách-thức-dễ-hiểu-giải-pháp-sáng-tạo
1122,3,Tang 3 profile_Blog Comments,https://treo-bng-rn086576.starsblogger.com/519047/treo-băng-rôn-cờ-phướn-cách-thức-chi-tiết-Ý-tưởng-Độc-Đáo
1123,3,Tang 3 profile_Blog Comments,https://treo-bng-rn055433.pointblog.net/treo-băng-rôn-cờ-phướn-cách-thức-chi-tiết-Ý-tưởng-sáng-tạo-97559171
1124,3,Tang 3 profile_Blog Comments,https://treo-bng-rn847643.pages10.com/dựng-băng-rôn-cờ-phướn-hướng-dẫn-chi-tiết-Ý-tưởng-Độc-Đáo-78602999
1125,3,Tang 3 profile_Blog Comments,https://treobngrn193772.full-design.com/dựng-băng-rôn-lăng-Động-phướn-cách-thức-chi-tiết-Ý-tưởng-sáng-tạo-85795136
1126,3,Tang 3 profile_Blog Comments,https://treo-bng-rn073078.ampedpages.com/treo-băng-rôn-lăng-Động-phướn-hướng-dẫn-dễ-hiểu-Ý-tưởng-Độc-Đáo-70188016
1127,3,Tang 3 profile_Blog Comments,https://treo-bng-rn159712.tinyblogging.com/dựng-băng-rôn-lăng-Động-phướn-hướng-dẫn-chi-tiết-giải-pháp-Độc-Đáo-87424921
1128,3,Tang 3 profile_Blog Comments,https://treobngrn750718.onesmablog.com/treo-pa-nen-cờ-phướn-hướng-dẫn-dễ-hiểu-Ý-tưởng-Độc-Đáo-84698852
1129,3,Tang 3 profile_Blog Comments,https://treo-bng-rn477615.blogolize.com/treo-pa-nen-cờ-phướn-cách-thức-dễ-hiểu-giải-pháp-sáng-tạo-82355951
1130,3,Tang 3 profile_Blog Comments,https://treocphn378847.blogocial.com/treo-băng-rôn-lăng-Động-phướn-hướng-dẫn-dễ-hiểu-giải-pháp-sáng-tạo-79270135
1131,3,Tang 3 profile_Blog Comments,https://treo-c-phn922336.thezenweb.com/dựng-băng-rôn-lăng-Động-phướn-hướng-dẫn-dễ-hiểu-giải-pháp-Độc-Đáo-81992527
1132,3,Tang 3 profile_Blog Comments,https://treo-c-phn945901.bloguetechno.com/treo-pa-nen-lăng-Động-phướn-hướng-dẫn-dễ-hiểu-Ý-tưởng-Độc-Đáo-79941676
1133,3,Tang 3 profile_Blog Comments,https://treobngrn991860.ampblogs.com/dựng-băng-rôn-cờ-phướn-cách-thức-dễ-hiểu-Ý-tưởng-sáng-tạo-80124566
1134,3,Tang 3 profile_Blog Comments,https://treo-c-phn189869.blogdigy.com/treo-pa-nen-cờ-phướn-cách-thức-dễ-hiểu-Ý-tưởng-sáng-tạo-70768013
1135,3,Tang 3 profile_Blog Comments,https://treocphn027852.blogminds.com/treo-băng-rôn-cờ-phướn-cách-thức-dễ-hiểu-Ý-tưởng-Độc-Đáo-39999797
1136,3,Tang 3 profile_Blog Comments,https://treo-c-phn178754.isblog.net/treo-pa-nen-cờ-phướn-hướng-dẫn-dễ-hiểu-giải-pháp-Độc-Đáo-60564576
1137,3,Tang 3 profile_Blog Comments,https://treocphn729187.blogdon.net/treo-băng-rôn-lăng-Động-phướn-hướng-dẫn-chi-tiết-giải-pháp-Độc-Đáo-59334368
1138,3,Tang 3 profile_Blog Comments,https://treobngrn040252.blogkoo.com/treo-băng-rôn-cờ-phướn-hướng-dẫn-dễ-hiểu-Ý-tưởng-Độc-Đáo-62921948
1139,3,Tang 3 profile_Blog Comments,https://treo-bng-rn617695.alltdesign.com/treo-băng-rôn-cờ-phướn-hướng-dẫn-dễ-hiểu-giải-pháp-Độc-Đáo-61873207
1140,3,Tang 3 profile_Blog Comments,https://treobngrn769999.mybjjblog.com/treo-băng-rôn-cờ-phướn-cách-thức-dễ-hiểu-Ý-tưởng-sáng-tạo-55298963
1141,3,Tang 3 profile_Blog Comments,https://treo-c-phn639356.total-blog.com/treo-pa-nen-cờ-phướn-hướng-dẫn-dễ-hiểu-giải-pháp-Độc-Đáo-68759695
1142,3,Tang 3 profile_Blog Comments,https://treocphn736866.amoblog.com/treo-pa-nen-cờ-phướn-hướng-dẫn-chi-tiết-giải-pháp-sáng-tạo-65317926
1143,3,Tang 3 profile_Blog Comments,https://treocphn425526.tblogz.com/dựng-băng-rôn-cờ-phướn-hướng-dẫn-dễ-hiểu-giải-pháp-Độc-Đáo-56324280
1144,3,Tang 3 profile_Blog Comments,https://treo-c-phn544936.canariblogs.com/treo-pa-nen-cờ-phướn-hướng-dẫn-chi-tiết-Ý-tưởng-sáng-tạo-58109756
1145,3,Tang 3 profile_Blog Comments,https://treo-bng-rn200485.blogzet.com/treo-băng-rôn-cờ-phướn-cách-thức-chi-tiết-Ý-tưởng-sáng-tạo-58283918
1146,3,Tang 3 profile_Blog Comments,https://treobngrn085710.suomiblog.com/dựng-băng-rôn-cờ-phướn-hướng-dẫn-chi-tiết-giải-pháp-Độc-Đáo-59021310
1147,3,Tang 3 profile_Blog Comments,https://treobngrn492993.tribunablog.com/dựng-băng-rôn-cờ-phướn-cách-thức-chi-tiết-giải-pháp-Độc-Đáo-57892802
1148,3,Tang 3 profile_Blog Comments,https://treo-c-phn533292.shotblogs.com/treo-pa-nen-cờ-phướn-cách-thức-chi-tiết-giải-pháp-sáng-tạo-57311263
1149,3,Tang 3 profile_Blog Comments,https://treo-c-phn467462.uzblog.net/treo-pa-nen-cờ-phướn-hướng-dẫn-chi-tiết-giải-pháp-Độc-Đáo-56807014
1150,3,Tang 3 profile_Blog Comments,https://treobngrn663875.blog5.net/97496153/dựng-băng-rôn-cờ-phướn-cách-thức-chi-tiết-Ý-tưởng-sáng-tạo
1151,3,Tang 3 profile_Blog Comments,https://treocphn203294.ezblogz.com/75018721/treo-băng-rôn-lăng-Động-phướn-hướng-dẫn-chi-tiết-Ý-tưởng-sáng-tạo
1152,3,Tang 3 profile_Blog Comments,https://treo-c-phn467299.designertoblog.com/74647574/treo-pa-nen-lăng-Động-phướn-hướng-dẫn-chi-tiết-Ý-tưởng-Độc-Đáo
1153,3,Tang 3 profile_Blog Comments,https://treocphn150934.blogs-service.com/74285996/treo-băng-rôn-lăng-Động-phướn-cách-thức-chi-tiết-Ý-tưởng-Độc-Đáo
1154,3,Tang 3 profile_Blog Comments,https://treobngrn665330.bluxeblog.com/75635536/dựng-băng-rôn-cờ-phướn-hướng-dẫn-chi-tiết-Ý-tưởng-sáng-tạo
1155,3,Tang 3 profile_Blog Comments,https://treo-bng-rn292741.getblogs.net/75819929/treo-pa-nen-lăng-Động-phướn-hướng-dẫn-dễ-hiểu-giải-pháp-sáng-tạo
1156,3,Tang 3 profile_Blog Comments,https://treo-c-phn940817.dsiblogger.com/76304471/treo-pa-nen-cờ-phướn-hướng-dẫn-dễ-hiểu-giải-pháp-Độc-Đáo
1157,3,Tang 3 profile_Blog Comments,https://treobngrn271349.blogofoto.com/74678195/treo-băng-rôn-cờ-phướn-hướng-dẫn-dễ-hiểu-giải-pháp-sáng-tạo
1158,3,Tang 3 profile_Blog Comments,https://treobngrn856015.acidblog.net/74449189/treo-băng-rôn-cờ-phướn-hướng-dẫn-dễ-hiểu-giải-pháp-sáng-tạo
1159,3,Tang 3 profile_Blog Comments,https://treocphn451860.fireblogz.com/74767357/treo-pa-nen-lăng-Động-phướn-hướng-dẫn-chi-tiết-giải-pháp-sáng-tạo
1160,3,Tang 3 profile_Blog Comments,https://treo-bng-rn366268.digiblogbox.com/67507432/dựng-băng-rôn-lăng-Động-phướn-hướng-dẫn-chi-tiết-Ý-tưởng-Độc-Đáo
1161,3,Tang 3 profile_Blog Comments,https://treo-c-phn926647.jaiblogs.com/70241874/treo-pa-nen-lăng-Động-phướn-cách-thức-dễ-hiểu-giải-pháp-Độc-Đáo
1162,3,Tang 3 profile_Blog Comments,https://treo-c-phn111775.dbblog.net/16503408/dựng-băng-rôn-cờ-phướn-hướng-dẫn-dễ-hiểu-giải-pháp-Độc-Đáo
1163,3,Tang 3 profile_Blog Comments,https://treo-c-phn612913.blog2learn.com/90761721/treo-băng-rôn-lăng-Động-phướn-cách-thức-chi-tiết-giải-pháp-sáng-tạo
1164,3,Tang 3 profile_Blog Comments,https://treobngrn462046.look4blog.com/80940168/dựng-băng-rôn-cờ-phướn-hướng-dẫn-dễ-hiểu-giải-pháp-Độc-Đáo
1165,3,Tang 3 profile_Blog Comments,https://treocphn818850.imblogs.net/93026927/treo-băng-rôn-cờ-phướn-hướng-dẫn-dễ-hiểu-giải-pháp-Độc-Đáo
1166,3,Tang 3 profile_Blog Comments,https://treo-bng-rn201446.xzblogs.com/83509746/dựng-băng-rôn-cờ-phướn-hướng-dẫn-dễ-hiểu-giải-pháp-sáng-tạo
1167,3,Tang 3 profile_Blog Comments,https://treo-c-phn890932.qowap.com/102197824/treo-pa-nen-lăng-Động-phướn-hướng-dẫn-chi-tiết-giải-pháp-sáng-tạo
1168,3,Tang 3 profile_Blog Comments,https://treo-c-phn975194.timeblog.net/79051832/dựng-băng-rôn-cờ-phướn-cách-thức-dễ-hiểu-giải-pháp-Độc-Đáo
1169,3,Tang 3 profile_Blog Comments,https://treo-c-phn746145.blogzag.com/86495250/dựng-băng-rôn-cờ-phướn-hướng-dẫn-chi-tiết-Ý-tưởng-sáng-tạo
1170,3,Tang 3 profile_Blog Comments,https://treobngrn039264.widblog.com/98071430/treo-pa-nen-cờ-phướn-cách-thức-chi-tiết-giải-pháp-sáng-tạo
1171,3,Tang 3 profile_Blog Comments,https://treocphn166307.affiliatblogger.com/95614226/treo-pa-nen-cờ-phướn-hướng-dẫn-chi-tiết-giải-pháp-sáng-tạo
1172,3,Tang 3 profile_Blog Comments,https://treocphn449428.bloginwi.com/77015071/dựng-băng-rôn-cờ-phướn-cách-thức-dễ-hiểu-giải-pháp-Độc-Đáo
1173,3,Tang 3 profile_Blog Comments,https://treo-c-phn233632.fitnell.com/84287931/dựng-băng-rôn-cờ-phướn-hướng-dẫn-chi-tiết-giải-pháp-sáng-tạo
1174,3,Tang 3 profile_Blog Comments,https://treobngrn003740.diowebhost.com/98399989/dựng-băng-rôn-cờ-phướn-cách-thức-dễ-hiểu-giải-pháp-sáng-tạo
1175,3,Tang 3 profile_Blog Comments,https://treo-bng-rn071751.jiliblog.com/99524007/treo-băng-rôn-cờ-phướn-cách-thức-dễ-hiểu-giải-pháp-Độc-Đáo
1176,3,Tang 3 profile_Blog Comments,https://treo-bng-rn961337.ka-blogs.com/96722099/treo-băng-rôn-cờ-phướn-hướng-dẫn-dễ-hiểu-Ý-tưởng-Độc-Đáo
1177,3,Tang 3 profile_Blog Comments,https://treobngrn769543.aioblogs.com/95870408/treo-pa-nen-cờ-phướn-hướng-dẫn-dễ-hiểu-Ý-tưởng-sáng-tạo
1178,3,Tang 3 profile_Blog Comments,https://treocphn856128.free-blogz.com/90810386/dựng-băng-rôn-cờ-phướn-cách-thức-chi-tiết-Ý-tưởng-Độc-Đáo
1179,3,Tang 3 profile_Blog Comments,https://treocphn351093.collectblogs.com/87804919/treo-băng-rôn-lăng-Động-phướn-cách-thức-dễ-hiểu-giải-pháp-sáng-tạo
1180,3,Tang 3 profile_Blog Comments,https://treobngrn595046.mpeblog.com/78856385/treo-băng-rôn-cờ-phướn-hướng-dẫn-dễ-hiểu-Ý-tưởng-sáng-tạo
1181,3,Tang 3 profile_Blog Comments,https://treo-bng-rn555274.bloggin-ads.com/66324637/treo-băng-rôn-lăng-Động-phướn-hướng-dẫn-dễ-hiểu-Ý-tưởng-Độc-Đáo
1182,3,Tang 3 profile_Blog Comments,https://treo-c-phn362415.blogerus.com/65194580/dựng-băng-rôn-lăng-Động-phướn-cách-thức-chi-tiết-Ý-tưởng-sáng-tạo
1183,3,Tang 3 profile_Blog Comments,https://treo-bng-rn759873.post-blogs.com/64065619/treo-băng-rôn-cờ-phướn-hướng-dẫn-chi-tiết-giải-pháp-sáng-tạo
1184,3,Tang 3 profile_Blog Comments,https://treo-bng-rn594316.blogstival.com/64791234/treo-pa-nen-cờ-phướn-hướng-dẫn-dễ-hiểu-giải-pháp-Độc-Đáo
1185,3,Tang 3 profile_Blog Comments,https://treobngrn819055.link4blogs.com/63994904/treo-pa-nen-cờ-phướn-hướng-dẫn-chi-tiết-Ý-tưởng-Độc-Đáo
1186,3,Tang 3 profile_Blog Comments,https://treobngrn816218.blogpostie.com/64400378/dựng-băng-rôn-cờ-phướn-hướng-dẫn-chi-tiết-giải-pháp-Độc-Đáo
1187,3,Tang 3 profile_Blog Comments,https://treobngrn264087.mybloglicious.com/63068683/dựng-băng-rôn-cờ-phướn-cách-thức-dễ-hiểu-giải-pháp-sáng-tạo
1188,3,Tang 3 profile_Blog Comments,https://treo-c-phn211988.review-blogger.com/64794905/treo-băng-rôn-cờ-phướn-cách-thức-dễ-hiểu-giải-pháp-sáng-tạo
1189,3,Tang 3 profile_Blog Comments,https://treocphn114374.designi1.com/63858808/treo-pa-nen-lăng-Động-phướn-hướng-dẫn-dễ-hiểu-giải-pháp-sáng-tạo
1190,3,Tang 3 profile_Blog Comments,https://treobngrn622513.ivasdesign.com/64314020/treo-pa-nen-cờ-phướn-cách-thức-chi-tiết-giải-pháp-sáng-tạo
1191,3,Tang 3 profile_Blog Comments,https://treo-c-phn907081.educationalimpactblog.com/64755554/dựng-băng-rôn-lăng-Động-phướn-hướng-dẫn-chi-tiết-giải-pháp-sáng-tạo
1192,3,Tang 3 profile_Blog Comments,https://treobngrn883363.arwebo.com/65753010/treo-băng-rôn-cờ-phướn-cách-thức-dễ-hiểu-Ý-tưởng-sáng-tạo
1193,3,Tang 3 profile_Blog Comments,https://treocphn248407.blogprodesign.com/64607053/dựng-băng-rôn-lăng-Động-phướn-hướng-dẫn-dễ-hiểu-Ý-tưởng-Độc-Đáo
1194,3,Tang 3 profile_Blog Comments,https://treocphn217243.articlesblogger.com/65576428/treo-pa-nen-cờ-phướn-cách-thức-dễ-hiểu-giải-pháp-sáng-tạo
1195,3,Tang 3 profile_Blog Comments,https://treo-c-phn953160.blognody.com/54527201/treo-pa-nen-cờ-phướn-cách-thức-dễ-hiểu-giải-pháp-sáng-tạo
1196,3,Tang 3 profile_Blog Comments,https://treocphn069281.blogsumer.com/41913685/treo-băng-rôn-cờ-phướn-cách-thức-chi-tiết-giải-pháp-sáng-tạo
1197,3,Tang 3 profile_Blog Comments,https://treocphn767750.jts-blog.com/41624581/treo-pa-nen-cờ-phướn-hướng-dẫn-chi-tiết-Ý-tưởng-Độc-Đáo
1198,3,Tang 3 profile_Blog Comments,https://treocphn528013.rimmablog.com/41749095/treo-pa-nen-cờ-phướn-hướng-dẫn-dễ-hiểu-giải-pháp-Độc-Đáo
1199,3,Tang 3 profile_Blog Comments,https://treocphn122973.bloggazza.com/41752017/dựng-băng-rôn-cờ-phướn-hướng-dẫn-chi-tiết-giải-pháp-Độc-Đáo
1200,3,Tang 3 profile_Blog Comments,https://treocphn090269.blogaritma.com/40882997/dựng-băng-rôn-cờ-phướn-cách-thức-dễ-hiểu-Ý-tưởng-sáng-tạo
1201,3,Tang 3 profile_Blog Comments,https://treo-c-phn116185.shoutmyblog.com/41768303/treo-pa-nen-cờ-phướn-hướng-dẫn-dễ-hiểu-Ý-tưởng-Độc-Đáo
1202,3,Tang 3 profile_Blog Comments,https://treobngrn792701.bcbloggers.com/41799541/dựng-băng-rôn-lăng-Động-phướn-hướng-dẫn-dễ-hiểu-giải-pháp-Độc-Đáo
1203,3,Tang 3 profile_Blog Comments,https://treobngrn547312.blogcudinti.com/43164210/dựng-băng-rôn-lăng-Động-phướn-hướng-dẫn-chi-tiết-giải-pháp-Độc-Đáo
1204,3,Tang 3 profile_Blog Comments,https://treo-c-phn395212.iyublog.com/41786873/treo-pa-nen-cờ-phướn-cách-thức-dễ-hiểu-Ý-tưởng-Độc-Đáo
1205,3,Tang 3 profile_Blog Comments,https://treo-bng-rn618925.blogdiloz.com/41578977/treo-băng-rôn-cờ-phướn-cách-thức-dễ-hiểu-giải-pháp-Độc-Đáo
1206,3,Tang 3 profile_Blog Comments,https://treocphn794803.verybigblog.com/41830874/treo-pa-nen-cờ-phướn-hướng-dẫn-dễ-hiểu-Ý-tưởng-Độc-Đáo
1207,3,Tang 3 profile_Blog Comments,https://treo-c-phn859097.activosblog.com/41623182/treo-băng-rôn-cờ-phướn-hướng-dẫn-dễ-hiểu-Ý-tưởng-sáng-tạo
1208,3,Tang 3 profile_Blog Comments,https://treo-bng-rn366123.p2blogs.com/41379463/treo-pa-nen-cờ-phướn-cách-thức-chi-tiết-Ý-tưởng-sáng-tạo
1209,3,Tang 3 profile_Blog Comments,https://treocphn269152.bloggactivo.com/42151858/treo-pa-nen-cờ-phướn-cách-thức-chi-tiết-Ý-tưởng-sáng-tạo
1210,3,Tang 3 profile_Blog Comments,https://treo-bng-rn371520.theblogfairy.com/41815287/treo-pa-nen-cờ-phướn-cách-thức-dễ-hiểu-Ý-tưởng-sáng-tạo
1211,3,Tang 3 profile_Blog Comments,https://treobngrn513928.vidublog.com/41698077/treo-pa-nen-cờ-phướn-hướng-dẫn-dễ-hiểu-Ý-tưởng-sáng-tạo
1212,3,Tang 3 profile_Blog Comments,https://treo-c-phn445973.oblogation.com/41865047/treo-pa-nen-cờ-phướn-hướng-dẫn-chi-tiết-Ý-tưởng-Độc-Đáo
1213,3,Tang 3 profile_Blog Comments,https://treocphn716529.gynoblog.com/41758624/treo-pa-nen-cờ-phướn-hướng-dẫn-dễ-hiểu-Ý-tưởng-sáng-tạo
1214,3,Tang 3 profile_Blog Comments,https://treobngrn022462.laowaiblog.com/41649538/dựng-băng-rôn-lăng-Động-phướn-cách-thức-chi-tiết-giải-pháp-Độc-Đáo
1215,3,Tang 3 profile_Blog Comments,https://treo-c-phn731252.angelinsblog.com/41792694/treo-băng-rôn-lăng-Động-phướn-hướng-dẫn-dễ-hiểu-giải-pháp-sáng-tạo
1216,3,Tang 3 profile_Blog Comments,https://treocphn841700.bloggadores.com/41843500/treo-pa-nen-lăng-Động-phướn-cách-thức-dễ-hiểu-giải-pháp-Độc-Đáo
1217,3,Tang 3 profile_Blog Comments,https://treo-c-phn974978.humor-blog.com/41482045/treo-pa-nen-cờ-phướn-hướng-dẫn-chi-tiết-Ý-tưởng-sáng-tạo
1218,3,Tang 3 profile_Blog Comments,https://treobngrn449501.thekatyblog.com/41169189/dựng-băng-rôn-cờ-phướn-hướng-dẫn-chi-tiết-Ý-tưởng-Độc-Đáo
1219,3,Tang 3 profile_Blog Comments,https://treo-c-phn520642.blogspothub.com/41755055/treo-băng-rôn-cờ-phướn-cách-thức-chi-tiết-Ý-tưởng-Độc-Đáo
1220,3,Tang 3 profile_Blog Comments,https://treocphn199612.idblogmaker.com/41739378/treo-pa-nen-cờ-phướn-hướng-dẫn-chi-tiết-giải-pháp-Độc-Đáo
1221,3,Tang 3 profile_Blog Comments,https://treo-bng-rn284524.blogdemls.com/42813845/treo-pa-nen-lăng-Động-phướn-hướng-dẫn-chi-tiết-Ý-tưởng-sáng-tạo
1222,3,Tang 3 profile_Blog Comments,https://treo-bng-rn176941.ageeksblog.com/41403486/treo-băng-rôn-cờ-phướn-hướng-dẫn-chi-tiết-giải-pháp-sáng-tạo
1223,3,Tang 3 profile_Blog Comments,https://treo-c-phn959396.blogunteer.com/41719903/treo-pa-nen-cờ-phướn-hướng-dẫn-chi-tiết-Ý-tưởng-Độc-Đáo
1224,3,Tang 3 profile_Blog Comments,https://treo-c-phn969851.life3dblog.com/41425250/dựng-băng-rôn-lăng-Động-phướn-cách-thức-chi-tiết-giải-pháp-Độc-Đáo
1225,3,Tang 3 profile_Blog Comments,https://treo-c-phn728974.therainblog.com/41512388/dựng-băng-rôn-lăng-Động-phướn-cách-thức-dễ-hiểu-giải-pháp-sáng-tạo
1226,3,Tang 3 profile_Blog Comments,https://treo-c-phn133475.ltfblog.com/41442679/dựng-băng-rôn-lăng-Động-phướn-cách-thức-chi-tiết-giải-pháp-Độc-Đáo
1227,3,Tang 3 profile_Blog Comments,https://treocphn567817.boyblogguide.com/41686712/treo-băng-rôn-lăng-Động-phướn-hướng-dẫn-dễ-hiểu-giải-pháp-sáng-tạo
1228,3,Tang 3 profile_Blog Comments,https://treo-bng-rn256491.blogmazing.com/41848109/treo-pa-nen-cờ-phướn-hướng-dẫn-dễ-hiểu-Ý-tưởng-Độc-Đáo
1229,3,Tang 3 profile_Blog Comments,https://treobngrn834183.blogars.com/41470770/treo-pa-nen-lăng-Động-phướn-cách-thức-chi-tiết-Ý-tưởng-Độc-Đáo
1230,3,Tang 3 profile_Blog Comments,https://treobngrn907734.thechapblog.com/41838075/treo-pa-nen-cờ-phướn-hướng-dẫn-chi-tiết-Ý-tưởng-sáng-tạo
1231,3,Tang 3 profile_Blog Comments,https://treo-bng-rn297589.blogsvirals.com/41695237/treo-pa-nen-cờ-phướn-hướng-dẫn-dễ-hiểu-giải-pháp-Độc-Đáo
1232,3,Tang 3 profile_Blog Comments,https://treo-bng-rn718575.glifeblog.com/41648126/treo-băng-rôn-cờ-phướn-cách-thức-dễ-hiểu-giải-pháp-sáng-tạo
1233,3,Tang 3 profile_Blog Comments,https://treobngrn315500.losblogos.com/41720597/treo-pa-nen-lăng-Động-phướn-cách-thức-dễ-hiểu-Ý-tưởng-Độc-Đáo
1234,3,Tang 3 profile_Blog Comments,https://treocphn181499.estate-blog.com/41841476/dựng-băng-rôn-lăng-Động-phướn-hướng-dẫn-dễ-hiểu-giải-pháp-Độc-Đáo
1235,3,Tang 3 profile_Blog Comments,https://treo-c-phn826692.prublogger.com/41862703/dựng-băng-rôn-cờ-phướn-hướng-dẫn-chi-tiết-Ý-tưởng-sáng-tạo
1236,3,Tang 3 profile_Blog Comments,https://treocphn089373.blogdomago.com/41497968/treo-băng-rôn-cờ-phướn-cách-thức-dễ-hiểu-Ý-tưởng-sáng-tạo
1237,3,Tang 3 profile_Blog Comments,https://treobngrn063007.bloguerosa.com/41685694/treo-băng-rôn-cờ-phướn-hướng-dẫn-dễ-hiểu-giải-pháp-sáng-tạo
1238,3,Tang 3 profile_Blog Comments,https://treo-bng-rn423302.daneblogger.com/41683075/treo-pa-nen-cờ-phướn-cách-thức-dễ-hiểu-Ý-tưởng-Độc-Đáo
1239,3,Tang 3 profile_Blog Comments,https://treocphn707602.goabroadblog.com/41763016/treo-pa-nen-cờ-phướn-cách-thức-chi-tiết-giải-pháp-Độc-Đáo
1240,3,Tang 3 profile_Blog Comments,https://treo-bng-rn116200.popup-blog.com/41710462/treo-pa-nen-cờ-phướn-cách-thức-dễ-hiểu-giải-pháp-sáng-tạo
1241,3,Tang 3 profile_Blog Comments,https://treo-bng-rn125535.blogozz.com/41814527/treo-băng-rôn-lăng-Động-phướn-cách-thức-dễ-hiểu-Ý-tưởng-sáng-tạo
1242,3,Tang 3 profile_Blog Comments,https://treocphn800050.activablog.com/41999731/treo-băng-rôn-lăng-Động-phướn-cách-thức-chi-tiết-giải-pháp-sáng-tạo
1243,3,Tang 3 profile_Blog Comments,https://treocphn559922.bloggazzo.com/41734143/treo-pa-nen-cờ-phướn-cách-thức-chi-tiết-Ý-tưởng-sáng-tạo
1244,3,Tang 3 profile_Blog Comments,https://treocphn756309.ssnblog.com/41629501/treo-băng-rôn-cờ-phướn-hướng-dẫn-chi-tiết-giải-pháp-sáng-tạo
1245,3,Tang 3 profile_Blog Comments,https://treo-bng-rn992698.activoblog.com/722395/treo-băng-rôn-cờ-phướn-hướng-dẫn-dễ-hiểu-Ý-tưởng-Độc-Đáo
1246,3,Tang 3 profile_Blog Comments,https://treobngrn552605.blogoxo.com/43177932/treo-pa-nen-cờ-phướn-hướng-dẫn-chi-tiết-Ý-tưởng-sáng-tạo
1247,3,Tang 3 profile_Blog Comments,https://treobngrn747409.elbloglibre.com/43223685/treo-băng-rôn-cờ-phướn-cách-thức-chi-tiết-Ý-tưởng-sáng-tạo
1248,3,Tang 3 profile_Blog Comments,https://treobngrn285752.blog-ezine.com/43400869/treo-pa-nen-cờ-phướn-hướng-dẫn-dễ-hiểu-Ý-tưởng-Độc-Đáo
1249,3,Tang 3 profile_Blog Comments,https://treocphn196527.blogscribble.com/43017086/dựng-băng-rôn-cờ-phướn-cách-thức-dễ-hiểu-Ý-tưởng-Độc-Đáo
1250,3,Tang 3 profile_Blog Comments,https://treocphn249740.madmouseblog.com/89154/treo-băng-rôn-lăng-Động-phướn-hướng-dẫn-chi-tiết-Ý-tưởng-sáng-tạo
1251,3,Tang 3 profile_Blog Comments,https://treo-bng-rn328152.ja-blog.com/43107470/dựng-băng-rôn-cờ-phướn-cách-thức-dễ-hiểu-giải-pháp-sáng-tạo
1252,3,Tang 3 profile_Blog Comments,https://treocphn027033.blogtov.com/88662/treo-pa-nen-cờ-phướn-hướng-dẫn-chi-tiết-Ý-tưởng-sáng-tạo
1253,3,Tang 3 profile_Blog Comments,https://treobngrn323944.digitollblog.com/42707250/treo-pa-nen-cờ-phướn-cách-thức-dễ-hiểu-giải-pháp-sáng-tạo
1254,3,Tang 3 profile_Blog Comments,https://treocphn664882.blazingblog.com/42805332/treo-pa-nen-cờ-phướn-hướng-dẫn-chi-tiết-Ý-tưởng-sáng-tạo
1255,3,Tang 3 profile_Blog Comments,https://treo-bng-rn651959.creacionblog.com/42729581/treo-băng-rôn-lăng-Động-phướn-hướng-dẫn-chi-tiết-Ý-tưởng-Độc-Đáo
1256,3,Tang 3 profile_Blog Comments,https://treocphn280369.tusblogos.com/43494823/treo-băng-rôn-lăng-Động-phướn-hướng-dẫn-chi-tiết-giải-pháp-Độc-Đáo
1257,3,Tang 3 profile_Blog Comments,https://treobngrn520040.blogchaat.com/43083040/treo-pa-nen-lăng-Động-phướn-cách-thức-chi-tiết-giải-pháp-sáng-tạo
1258,3,Tang 3 profile_Blog Comments,https://treo-c-phn701880.dm-blog.com/43155373/treo-pa-nen-cờ-phướn-hướng-dẫn-dễ-hiểu-Ý-tưởng-Độc-Đáo
1259,3,Tang 3 profile_Blog Comments,https://treobngrn482221.smblogsites.com/42864024/treo-pa-nen-cờ-phướn-hướng-dẫn-dễ-hiểu-Ý-tưởng-Độc-Đáo
1260,3,Tang 3 profile_Blog Comments,https://treobngrn454028.weblogco.com/43091086/dựng-băng-rôn-lăng-Động-phướn-hướng-dẫn-chi-tiết-Ý-tưởng-Độc-Đáo
1261,3,Tang 3 profile_Blog Comments,https://treo-bng-rn239237.blogdeazar.com/88022/treo-pa-nen-cờ-phướn-cách-thức-chi-tiết-Ý-tưởng-sáng-tạo
1262,3,Tang 3 profile_Blog Comments,https://treobngrn867147.ourcodeblog.com/43182363/treo-băng-rôn-cờ-phướn-hướng-dẫn-dễ-hiểu-giải-pháp-sáng-tạo
1263,3,Tang 3 profile_Blog Comments,https://treo-c-phn936764.eedblog.com/43049818/treo-pa-nen-cờ-phướn-hướng-dẫn-chi-tiết-Ý-tưởng-Độc-Đáo
1264,3,Tang 3 profile_Blog Comments,https://treobngrn219031.theisblog.com/43209851/treo-pa-nen-lăng-Động-phướn-cách-thức-dễ-hiểu-giải-pháp-sáng-tạo
1265,3,Tang 3 profile_Blog Comments,https://treocphn221221.blog2freedom.com/42871206/treo-băng-rôn-cờ-phướn-hướng-dẫn-dễ-hiểu-giải-pháp-Độc-Đáo
1266,3,Tang 3 profile_Blog Comments,https://treo-bng-rn617677.bloggip.com/43256738/treo-pa-nen-cờ-phướn-cách-thức-chi-tiết-Ý-tưởng-Độc-Đáo
1267,3,Tang 3 profile_Blog Comments,https://treo-bng-rn270609.qodsblog.com/42925097/treo-băng-rôn-cờ-phướn-cách-thức-dễ-hiểu-giải-pháp-Độc-Đáo
1268,3,Tang 3 profile_Blog Comments,https://treo-c-phn327667.liberty-blog.com/43076642/treo-băng-rôn-lăng-Động-phướn-cách-thức-chi-tiết-giải-pháp-sáng-tạo
1269,3,Tang 3 profile_Blog Comments,https://treo-bng-rn535536.blogpayz.com/43062647/dựng-băng-rôn-lăng-Động-phướn-hướng-dẫn-chi-tiết-Ý-tưởng-Độc-Đáo
1270,3,Tang 3 profile_Blog Comments,https://treobngrn497787.techionblog.com/43021180/treo-băng-rôn-cờ-phướn-hướng-dẫn-chi-tiết-giải-pháp-sáng-tạo
1271,3,Tang 3 profile_Blog Comments,https://treo-bng-rn428589.buyoutblog.com/42822252/treo-băng-rôn-cờ-phướn-hướng-dẫn-chi-tiết-giải-pháp-Độc-Đáo
1272,3,Tang 3 profile_Blog Comments,https://treocphn424818.blogitright.com/43119567/treo-băng-rôn-cờ-phướn-cách-thức-chi-tiết-Ý-tưởng-Độc-Đáo
1273,3,Tang 3 profile_Blog Comments,https://treo-c-phn660935.blogunok.com/43027357/treo-băng-rôn-cờ-phướn-hướng-dẫn-chi-tiết-giải-pháp-sáng-tạo
1274,3,Tang 3 profile_Blog Comments,https://treo-bng-rn676398.blog-eye.com/43123678/treo-pa-nen-cờ-phướn-hướng-dẫn-chi-tiết-Ý-tưởng-Độc-Đáo
1275,3,Tang 3 profile_Blog Comments,https://treobngrn820173.blogdosaga.com/42795826/treo-pa-nen-cờ-phướn-cách-thức-chi-tiết-giải-pháp-Độc-Đáo
1276,3,Tang 3 profile_Blog Comments,https://treo-c-phn725636.blogpixi.com/43132819/treo-băng-rôn-lăng-Động-phướn-cách-thức-chi-tiết-giải-pháp-Độc-Đáo
1277,3,Tang 3 profile_Blog Comments,https://treobngrn734623.azzablog.com/43232559/treo-băng-rôn-cờ-phướn-hướng-dẫn-chi-tiết-Ý-tưởng-Độc-Đáo
1278,3,Tang 3 profile_Blog Comments,https://treobngrn754148.snack-blog.com/43016864/dựng-băng-rôn-cờ-phướn-cách-thức-chi-tiết-giải-pháp-sáng-tạo
1279,3,Tang 3 profile_Blog Comments,https://treo-c-phn584837.fare-blog.com/88888/treo-băng-rôn-cờ-phướn-cách-thức-dễ-hiểu-giải-pháp-sáng-tạo
1280,3,Tang 3 profile_Blog Comments,https://treo-c-phn518506.anchor-blog.com/23168215/dựng-băng-rôn-cờ-phướn-hướng-dẫn-chi-tiết-giải-pháp-Độc-Đáo
1281,3,Tang 3 profile_Blog Comments,https://treocphn172067.blogsvila.com/43107003/treo-băng-rôn-cờ-phướn-hướng-dẫn-chi-tiết-giải-pháp-sáng-tạo
1282,3,Tang 3 profile_Blog Comments,https://treo-c-phn669447.wssblogs.com/42664352/dựng-băng-rôn-lăng-Động-phướn-cách-thức-dễ-hiểu-giải-pháp-Độc-Đáo
1283,3,Tang 3 profile_Blog Comments,https://treo-c-phn642332.blogdanica.com/42958206/dựng-băng-rôn-cờ-phướn-hướng-dẫn-chi-tiết-Ý-tưởng-Độc-Đáo
1284,3,Tang 3 profile_Blog Comments,https://treo-c-phn654824.bloggerchest.com/42917705/treo-băng-rôn-cờ-phướn-cách-thức-dễ-hiểu-Ý-tưởng-sáng-tạo
1285,3,Tang 3 profile_Blog Comments,https://treo-c-phn635487.tkzblog.com/42526881/treo-băng-rôn-lăng-Động-phướn-cách-thức-dễ-hiểu-giải-pháp-Độc-Đáo
1286,3,Tang 3 profile_Blog Comments,https://treo-c-phn766627.like-blogs.com/42623588/dựng-băng-rôn-lăng-Động-phướn-hướng-dẫn-dễ-hiểu-giải-pháp-sáng-tạo
1287,3,Tang 3 profile_Blog Comments,https://treo-c-phn512667.onzeblog.com/42967926/treo-pa-nen-cờ-phướn-hướng-dẫn-chi-tiết-Ý-tưởng-Độc-Đáo
1288,3,Tang 3 profile_Blog Comments,https://treocphn520875.ziblogs.com/43077058/treo-băng-rôn-cờ-phướn-hướng-dẫn-dễ-hiểu-giải-pháp-sáng-tạo
1289,3,Tang 3 profile_Blog Comments,https://treocphn645388.blog-kids.com/43188806/treo-pa-nen-lăng-Động-phướn-cách-thức-dễ-hiểu-Ý-tưởng-Độc-Đáo
1290,3,Tang 3 profile_Blog Comments,https://treo-c-phn878720.answerblogs.com/43149386/dựng-băng-rôn-cờ-phướn-hướng-dẫn-chi-tiết-Ý-tưởng-Độc-Đáo
1291,3,Tang 3 profile_Blog Comments,https://treo-c-phn223512.nizarblog.com/43120715/treo-pa-nen-cờ-phướn-cách-thức-dễ-hiểu-Ý-tưởng-Độc-Đáo
1292,3,Tang 3 profile_Blog Comments,https://treocphn282428.sharebyblog.com/42643514/treo-pa-nen-cờ-phướn-cách-thức-chi-tiết-Ý-tưởng-sáng-tạo
1293,3,Tang 3 profile_Blog Comments,https://treocphn704342.wizzardsblog.com/42677921/treo-băng-rôn-cờ-phướn-hướng-dẫn-chi-tiết-giải-pháp-Độc-Đáo
1294,3,Tang 3 profile_Blog Comments,https://treo-c-phn478019.tokka-blog.com/43226889/dựng-băng-rôn-cờ-phướn-cách-thức-dễ-hiểu-giải-pháp-sáng-tạo
1295,3,Tang 3 profile_Blog Comments,https://treocphn564615.veronicablog.com/62698702/treo-pa-nen-cờ-phướn-hướng-dẫn-dễ-hiểu-giải-pháp-sáng-tạo
1296,3,Tang 3 profile_Blog Comments,https://treocphn843145.keablog.com/61682994/treo-pa-nen-cờ-phướn-hướng-dẫn-chi-tiết-Ý-tưởng-sáng-tạo
1297,3,Tang 3 profile_Blog Comments,https://treocphn881971.bloggerszones.com/61682973/treo-băng-rôn-cờ-phướn-hướng-dẫn-dễ-hiểu-Ý-tưởng-Độc-Đáo
1298,3,Tang 3 profile_Blog Comments,https://treo-bng-rn237128.velocityblog.com/61682972/treo-băng-rôn-cờ-phướn-cách-thức-dễ-hiểu-giải-pháp-Độc-Đáo
1299,3,Tang 3 profile_Blog Comments,https://treo-c-phn720086.podcastbloggers.com/61683040/dựng-băng-rôn-lăng-Động-phướn-hướng-dẫn-dễ-hiểu-giải-pháp-Độc-Đáo
1300,3,Tang 3 profile_Blog Comments,https://treobngrn940819.blog-tecnologia.com/61683009/treo-pa-nen-cờ-phướn-cách-thức-chi-tiết-Ý-tưởng-sáng-tạo
1301,3,Tang 3 profile_Blog Comments,https://treocphn881331.2dayblogger.com/61683109/treo-băng-rôn-cờ-phướn-hướng-dẫn-dễ-hiểu-giải-pháp-Độc-Đáo
1302,3,Tang 3 profile_Blog Comments,https://treo-c-phn442082.fiveforblogger.com/61683062/treo-băng-rôn-cờ-phướn-cách-thức-chi-tiết-giải-pháp-sáng-tạo
1303,3,Tang 3 profile_Blog Comments,https://treobngrn310909.mindblogling.com/61682999/treo-pa-nen-cờ-phướn-cách-thức-dễ-hiểu-Ý-tưởng-sáng-tạo
1304,3,Tang 3 profile_Blog Comments,https://treo-c-phn639974.thedigiblog.com/61683092/treo-băng-rôn-lăng-Động-phướn-cách-thức-dễ-hiểu-giải-pháp-Độc-Đáo
1305,3,Tang 3 profile_Blog Comments,https://treo-c-phn103902.javameblog.com/61683081/treo-pa-nen-lăng-Động-phướn-cách-thức-dễ-hiểu-Ý-tưởng-Độc-Đáo
1306,3,Tang 3 profile_Blog Comments,https://treo-bng-rn594015.weblognation.com/61683110/treo-pa-nen-cờ-phướn-hướng-dẫn-dễ-hiểu-giải-pháp-sáng-tạo
1307,3,Tang 3 profile_Blog Comments,https://treobngrn858206.infantblog.com/61699556/treo-băng-rôn-cờ-phướn-cách-thức-chi-tiết-giải-pháp-sáng-tạo
1308,3,Tang 3 profile_Blog Comments,https://treocphn387814.prudentblogger.com/61683116/treo-băng-rôn-lăng-Động-phướn-hướng-dẫn-chi-tiết-Ý-tưởng-sáng-tạo
1309,3,Tang 3 profile_Blog Comments,https://treo-c-phn747230.blogalite.com/61704015/treo-băng-rôn-cờ-phướn-cách-thức-chi-tiết-Ý-tưởng-Độc-Đáo
1310,3,Tang 3 profile_Blog Comments,https://treo-c-phn475266.gurusblogger.com/61683131/treo-băng-rôn-lăng-Động-phướn-cách-thức-chi-tiết-giải-pháp-sáng-tạo
1311,3,Tang 3 profile_Blog Comments,https://treocphn660446.designbuildblog.com/61683138/treo-pa-nen-lăng-Động-phướn-hướng-dẫn-chi-tiết-Ý-tưởng-Độc-Đáo
1312,3,Tang 3 profile_Blog Comments,https://treocphn877366.octoberblog.com/61683140/treo-pa-nen-lăng-Động-phướn-cách-thức-dễ-hiểu-giải-pháp-sáng-tạo
1313,3,Tang 3 profile_Blog Comments,https://treobngrn616279.bloggingcrow.com/61703845/dựng-băng-rôn-cờ-phướn-cách-thức-dễ-hiểu-giải-pháp-Độc-Đáo
1314,3,Tang 3 profile_Blog Comments,https://treocphn020638.bloggingvalley.com/61699638/treo-băng-rôn-cờ-phướn-cách-thức-dễ-hiểu-giải-pháp-Độc-Đáo
1315,3,Tang 3 profile_Blog Comments,https://treocphn270919.blogging4ever.com/61683182/dựng-băng-rôn-lăng-Động-phướn-cách-thức-chi-tiết-Ý-tưởng-Độc-Đáo
1316,3,Tang 3 profile_Blog Comments,https://treobngrn104858.blog93.com/61683223/treo-băng-rôn-cờ-phướn-hướng-dẫn-dễ-hiểu-Ý-tưởng-Độc-Đáo
1317,3,Tang 3 profile_Blog Comments,https://treobngrn033384.favoritblog.com/61683264/treo-băng-rôn-cờ-phướn-hướng-dẫn-chi-tiết-giải-pháp-sáng-tạo
1318,3,Tang 3 profile_Blog Comments,https://treocphn700595.gamesbloggo.com/61683225/treo-băng-rôn-lăng-Động-phướn-hướng-dẫn-dễ-hiểu-giải-pháp-sáng-tạo
1319,3,Tang 3 profile_Blog Comments,https://treo-bng-rn018416.tranceblogger.com/61683257/dựng-băng-rôn-cờ-phướn-cách-thức-dễ-hiểu-giải-pháp-Độc-Đáo
1320,3,Tang 3 profile_Blog Comments,https://treocphn174143.icingblog.com/61683312/dựng-băng-rôn-lăng-Động-phướn-cách-thức-dễ-hiểu-giải-pháp-Độc-Đáo
1321,3,Tang 3 profile_Blog Comments,https://treo-c-phn933298.bloggers-hub.com/61704156/treo-băng-rôn-lăng-Động-phướn-cách-thức-chi-tiết-Ý-tưởng-sáng-tạo
1322,3,Tang 3 profile_Blog Comments,https://treo-c-phn608424.deliverblog.com/61683307/treo-pa-nen-cờ-phướn-cách-thức-dễ-hiểu-Ý-tưởng-Độc-Đáo
1323,3,Tang 3 profile_Blog Comments,https://treo-bng-rn554660.thatgameblog.com/61683230/dựng-băng-rôn-cờ-phướn-hướng-dẫn-dễ-hiểu-giải-pháp-Độc-Đáo
1324,3,Tang 3 profile_Blog Comments,https://treo-c-phn851954.judgeblog.com/61699854/treo-pa-nen-lăng-Động-phướn-cách-thức-chi-tiết-Ý-tưởng-sáng-tạo
1325,3,Tang 3 profile_Blog Comments,https://treo-bng-rn916072.theblogmystery.com/61683243/treo-pa-nen-cờ-phướn-hướng-dẫn-dễ-hiểu-giải-pháp-Độc-Đáo
1326,3,Tang 3 profile_Blog Comments,https://treobngrn187003.line-blog.com/61683241/treo-băng-rôn-cờ-phướn-hướng-dẫn-chi-tiết-Ý-tưởng-Độc-Đáo
1327,3,Tang 3 profile_Blog Comments,https://treobngrn935980.meteoriteblog.com/61683254/treo-pa-nen-cờ-phướn-hướng-dẫn-chi-tiết-giải-pháp-Độc-Đáo
1328,3,Tang 3 profile_Blog Comments,https://treo-bng-rn106852.blog-avenue.com/61683260/treo-băng-rôn-cờ-phướn-hướng-dẫn-chi-tiết-Ý-tưởng-Độc-Đáo
1329,3,Tang 3 profile_Blog Comments,https://treobngrn962304.25blog.com/61683300/treo-pa-nen-lăng-Động-phướn-cách-thức-dễ-hiểu-giải-pháp-sáng-tạo
1330,3,Tang 3 profile_Blog Comments,https://treo-c-phn330826.robobloggo.com/61683267/treo-băng-rôn-cờ-phướn-cách-thức-dễ-hiểu-giải-pháp-sáng-tạo
1331,3,Tang 3 profile_Blog Comments,https://treo-bng-rn523964.bloggingpiece.com/61683301/treo-pa-nen-lăng-Động-phướn-hướng-dẫn-chi-tiết-giải-pháp-Độc-Đáo
1332,3,Tang 3 profile_Blog Comments,https://treo-bng-rn165529.119blog.com/61683305/treo-pa-nen-lăng-Động-phướn-hướng-dẫn-dễ-hiểu-giải-pháp-sáng-tạo
1333,3,Tang 3 profile_Blog Comments,https://treocphn782687.blog-center.com/61683344/dựng-băng-rôn-cờ-phướn-cách-thức-chi-tiết-Ý-tưởng-Độc-Đáo
1334,3,Tang 3 profile_Blog Comments,https://treobngrn033420.brainyblogger.com/61683292/treo-pa-nen-cờ-phướn-cách-thức-chi-tiết-Ý-tưởng-sáng-tạo
1335,3,Tang 3 profile_Blog Comments,https://treocphn224476.seowebsiteblog.com/61700216/dựng-băng-rôn-cờ-phướn-cách-thức-dễ-hiểu-Ý-tưởng-sáng-tạo
1336,3,Tang 3 profile_Blog Comments,https://treo-c-phn691349.thebailblog.com/61683337/treo-băng-rôn-cờ-phướn-cách-thức-chi-tiết-giải-pháp-Độc-Đáo
1337,3,Tang 3 profile_Blog Comments,https://treo-bng-rn784888.1blogtheme.com/61683332/treo-băng-rôn-cờ-phướn-cách-thức-chi-tiết-Ý-tưởng-Độc-Đáo
1338,3,Tang 3 profile_Blog Comments,https://treobngrn676304.boxmoneyblog.com/61683339/dựng-băng-rôn-cờ-phướn-hướng-dẫn-dễ-hiểu-Ý-tưởng-Độc-Đáo
1339,3,Tang 3 profile_Blog Comments,https://treobngrn037809.blogdomination.com/61683278/treo-băng-rôn-lăng-Động-phướn-hướng-dẫn-chi-tiết-giải-pháp-Độc-Đáo
1340,3,Tang 3 profile_Blog Comments,https://treo-c-phn650985.divisionblog.com/61699763/dựng-băng-rôn-cờ-phướn-cách-thức-chi-tiết-giải-pháp-sáng-tạo
1341,3,Tang 3 profile_Blog Comments,https://treocphn302551.beneficialblog.com/61704372/treo-băng-rôn-cờ-phướn-cách-thức-chi-tiết-Ý-tưởng-Độc-Đáo
1342,3,Tang 3 profile_Blog Comments,https://treocphn962266.opentechblog.com/61683338/treo-băng-rôn-lăng-Động-phướn-cách-thức-chi-tiết-Ý-tưởng-Độc-Đáo
1343,3,Tang 3 profile_Blog Comments,https://treocphn212985.zeeblogger.com/61683349/treo-pa-nen-cờ-phướn-cách-thức-dễ-hiểu-giải-pháp-Độc-Đáo
1344,3,Tang 3 profile_Blog Comments,https://treobngrn024614.boonblog.com/61683322/treo-băng-rôn-cờ-phướn-hướng-dẫn-chi-tiết-giải-pháp-Độc-Đáo
1345,3,Tang 3 profile_Blog Comments,https://treobngrn215998.newsyblog.com/1428306/dựng-băng-rôn-cờ-phướn-hướng-dẫn-chi-tiết-giải-pháp-sáng-tạo
1346,3,Tang 3 profile_Blog Comments,https://treocphn329071.itbloghub.com/518180/dựng-băng-rôn-cờ-phướn-cách-thức-chi-tiết-giải-pháp-Độc-Đáo
1347,3,Tang 3 profile_Blog Comments,https://treocphn778728.themartinblog.com/509768/treo-băng-rôn-cờ-phướn-hướng-dẫn-chi-tiết-Ý-tưởng-Độc-Đáo
1348,3,Tang 3 profile_Blog Comments,https://treo-bng-rn488806.soro-blog.com/509968/dựng-băng-rôn-cờ-phướn-hướng-dẫn-chi-tiết-Ý-tưởng-Độc-Đáo
1349,3,Tang 3 profile_Blog Comments,https://treocphn914197.blogcheer.com/521949/dựng-băng-rôn-lăng-Động-phướn-cách-thức-dễ-hiểu-Ý-tưởng-sáng-tạo
1350,3,Tang 3 profile_Blog Comments,https://treocphn003483.stilblogger.com/510153/dựng-băng-rôn-cờ-phướn-cách-thức-dễ-hiểu-Ý-tưởng-sáng-tạo
1351,3,Tang 3 profile_Submissions,https://directorylandia.com/listings1262037/treo-pa-nen-cờ-phướn-hướng-dẫn-chi-tiết-Ý-tưởng-sáng-tạo
1352,3,Tang 3 profile_Submissions,https://bizlinkdirectory.com/listings1263928/dựng-băng-rôn-cờ-phướn-hướng-dẫn-dễ-hiểu-giải-pháp-sáng-tạo
1353,3,Tang 3 profile_Submissions,https://victordirectory.com/listings1263886/dựng-băng-rôn-cờ-phướn-cách-thức-chi-tiết-giải-pháp-sáng-tạo
1354,3,Tang 3 profile_Submissions,https://golinkdirectory.com/listings13761646/treo-băng-rôn-cờ-phướn-hướng-dẫn-chi-tiết-Ý-tưởng-sáng-tạo
1355,3,Tang 3 profile_Submissions,https://bigboxdirectory.com/listings1295591/treo-pa-nen-cờ-phướn-cách-thức-chi-tiết-giải-pháp-Độc-Đáo
1356,3,Tang 3 profile_Submissions,https://one-directory.com/listings1287612/dựng-băng-rôn-cờ-phướn-cách-thức-chi-tiết-Ý-tưởng-Độc-Đáo
1357,3,Tang 3 profile_Submissions,https://directoryrec.com/listings1296922/treo-băng-rôn-cờ-phướn-cách-thức-chi-tiết-giải-pháp-sáng-tạo
1358,3,Tang 3 profile_Submissions,https://morningdirectory.com/listings1283568/dựng-băng-rôn-cờ-phướn-hướng-dẫn-dễ-hiểu-giải-pháp-sáng-tạo
1359,3,Tang 3 profile_Submissions,https://cutewebdirectory.com/listings13793096/treo-pa-nen-cờ-phướn-hướng-dẫn-dễ-hiểu-Ý-tưởng-sáng-tạo
1360,3,Tang 3 profile_Submissions,https://snoopydirectory.com/listings1266898/treo-băng-rôn-cờ-phướn-hướng-dẫn-dễ-hiểu-Ý-tưởng-sáng-tạo
1361,3,Tang 3 profile_Submissions,https://mpowerdirectory.com/listings1284206/dựng-băng-rôn-lăng-Động-phướn-cách-thức-chi-tiết-giải-pháp-sáng-tạo
1362,3,Tang 3 profile_Submissions,https://bamboo-directory.com/listings1294825/treo-băng-rôn-cờ-phướn-hướng-dẫn-chi-tiết-Ý-tưởng-sáng-tạo
1363,3,Tang 3 profile_Submissions,https://wow-directory.com/listings1263650/treo-pa-nen-cờ-phướn-cách-thức-dễ-hiểu-giải-pháp-Độc-Đáo
1364,3,Tang 3 profile_Submissions,https://listedirectory.com/listings1261623/dựng-băng-rôn-lăng-Động-phướn-cách-thức-chi-tiết-giải-pháp-Độc-Đáo
1365,3,Tang 3 profile_Submissions,https://ohyesdirectory.com/listings1262693/dựng-băng-rôn-lăng-Động-phướn-hướng-dẫn-dễ-hiểu-giải-pháp-sáng-tạo
1366,3,Tang 3 profile_Submissions,https://whatisadirectory.com/listings13757139/treo-pa-nen-lăng-Động-phướn-hướng-dẫn-chi-tiết-giải-pháp-sáng-tạo
1367,3,Tang 3 profile_Submissions,https://nebula-directory.com/listings1280268/treo-băng-rôn-cờ-phướn-cách-thức-chi-tiết-giải-pháp-Độc-Đáo
1368,3,Tang 3 profile_Submissions,https://wwndirectory.com/listings1259721/dựng-băng-rôn-cờ-phướn-cách-thức-dễ-hiểu-giải-pháp-sáng-tạo
1369,3,Tang 3 profile_Submissions,https://directorydepo.com/listings1282405/treo-pa-nen-cờ-phướn-cách-thức-chi-tiết-giải-pháp-sáng-tạo
1370,3,Tang 3 profile_Submissions,https://adddirectoryurl.com/listings1279518/treo-băng-rôn-cờ-phướn-hướng-dẫn-chi-tiết-Ý-tưởng-sáng-tạo
1371,3,Tang 3 profile_Submissions,https://directoryhere.com/listings1272001/treo-pa-nen-lăng-Động-phướn-hướng-dẫn-chi-tiết-giải-pháp-sáng-tạo
1372,3,Tang 3 profile_Submissions,https://selfbizdirectory.com/listings1269017/treo-pa-nen-lăng-Động-phướn-cách-thức-chi-tiết-giải-pháp-sáng-tạo
1373,3,Tang 3 profile_Submissions,https://sjbdirectory.com/listings1258286/treo-pa-nen-cờ-phướn-cách-thức-dễ-hiểu-Ý-tưởng-sáng-tạo
1374,3,Tang 3 profile_Submissions,https://sparedirectory.com/listings1260416/treo-pa-nen-cờ-phướn-hướng-dẫn-chi-tiết-Ý-tưởng-sáng-tạo
1375,3,Tang 3 profile_Submissions,https://bailoutdirectory.com/listings1289927/treo-pa-nen-cờ-phướn-hướng-dẫn-dễ-hiểu-giải-pháp-sáng-tạo
1376,3,Tang 3 profile_Submissions,https://2021directory.com/listings1263941/treo-băng-rôn-cờ-phướn-hướng-dẫn-dễ-hiểu-Ý-tưởng-Độc-Đáo
1377,3,Tang 3 profile_Submissions,https://emeralddirectory.com/listings1260097/dựng-băng-rôn-cờ-phướn-cách-thức-chi-tiết-giải-pháp-Độc-Đáo
1378,3,Tang 3 profile_Submissions,https://tintindirectory.com/listings1255376/treo-pa-nen-cờ-phướn-hướng-dẫn-dễ-hiểu-Ý-tưởng-sáng-tạo
1379,3,Tang 3 profile_Submissions,https://seo-a1directory.com/listings1250672/treo-pa-nen-lăng-Động-phướn-hướng-dẫn-dễ-hiểu-Ý-tưởng-Độc-Đáo
1380,3,Tang 3 profile_Submissions,https://lovelydirectory.com/listings1253070/treo-băng-rôn-cờ-phướn-cách-thức-chi-tiết-giải-pháp-sáng-tạo
1381,3,Tang 3 profile_Submissions,https://gettydirectory.com/listings1264209/treo-pa-nen-cờ-phướn-cách-thức-chi-tiết-Ý-tưởng-sáng-tạo
1382,3,Tang 3 profile_Submissions,https://directoryalbum.com/listings13756862/dựng-băng-rôn-cờ-phướn-cách-thức-chi-tiết-giải-pháp-Độc-Đáo
1383,3,Tang 3 profile_Submissions,https://arcade-directory.com/listings1310097/treo-pa-nen-cờ-phướn-cách-thức-chi-tiết-giải-pháp-sáng-tạo
1384,3,Tang 3 profile_Submissions,https://preniumdirectory.com/listings13740437/treo-pa-nen-lăng-Động-phướn-cách-thức-dễ-hiểu-Ý-tưởng-sáng-tạo
1385,3,Tang 3 profile_Submissions,https://wodirectory.com/listings13731826/treo-pa-nen-cờ-phướn-cách-thức-dễ-hiểu-giải-pháp-sáng-tạo
1386,3,Tang 3 profile_Submissions,https://directory-blu.com/listings1241044/treo-băng-rôn-cờ-phướn-cách-thức-chi-tiết-Ý-tưởng-sáng-tạo
1387,3,Tang 3 profile_Submissions,https://directory-empire.com/listings13746856/treo-băng-rôn-cờ-phướn-hướng-dẫn-chi-tiết-Ý-tưởng-Độc-Đáo
1388,3,Tang 3 profile_Submissions,https://weballdirectorys.com/listings1239131/treo-băng-rôn-lăng-Động-phướn-hướng-dẫn-chi-tiết-giải-pháp-sáng-tạo
1389,3,Tang 3 profile_Submissions,https://linkdirectory724.com/listings13731140/dựng-băng-rôn-lăng-Động-phướn-hướng-dẫn-chi-tiết-Ý-tưởng-sáng-tạo
1390,3,Tang 3 profile_Submissions,https://heliskidirectory.com/listings13753006/treo-pa-nen-cờ-phướn-hướng-dẫn-dễ-hiểu-giải-pháp-Độc-Đáo
1391,3,Tang 3 profile_Submissions,https://az-directory.com/listings13752736/treo-băng-rôn-cờ-phướn-hướng-dẫn-chi-tiết-Ý-tưởng-Độc-Đáo
1392,3,Tang 3 profile_Submissions,https://adirectorysubmit.com/listings13749330/treo-pa-nen-cờ-phướn-cách-thức-dễ-hiểu-giải-pháp-sáng-tạo
1393,3,Tang 3 profile_Submissions,https://arlinkdirectory.com/listings13750209/dựng-băng-rôn-cờ-phướn-hướng-dẫn-dễ-hiểu-giải-pháp-sáng-tạo
1394,3,Tang 3 profile_Submissions,https://directory-broker.com/listings13723063/treo-pa-nen-cờ-phướn-hướng-dẫn-dễ-hiểu-giải-pháp-sáng-tạo
1395,3,Tang 3 profile_Submissions,https://ukdirectoryof.com/listings13755829/treo-pa-nen-cờ-phướn-cách-thức-dễ-hiểu-giải-pháp-Độc-Đáo
1396,3,Tang 3 profile_Submissions,https://directorystumble.com/listings1270387/treo-pa-nen-cờ-phướn-hướng-dẫn-dễ-hiểu-giải-pháp-sáng-tạo
1397,3,Tang 3 profile_Submissions,https://fab-directory.com/listings13756965/treo-băng-rôn-lăng-Động-phướn-cách-thức-dễ-hiểu-giải-pháp-Độc-Đáo
1398,3,Tang 3 profile_Submissions,https://iodirectory.com/listings13735156/treo-pa-nen-cờ-phướn-hướng-dẫn-dễ-hiểu-Ý-tưởng-sáng-tạo
1399,3,Tang 3 profile_Submissions,https://abcblogdirectory.com/listings1200144/dựng-băng-rôn-cờ-phướn-hướng-dẫn-chi-tiết-giải-pháp-Độc-Đáo
1400,3,Tang 3 profile_Submissions,https://phrasedirectory.com/listings13726285/treo-pa-nen-lăng-Động-phướn-hướng-dẫn-chi-tiết-giải-pháp-sáng-tạo
1401,3,Tang 3 profile_Submissions,https://directory-url.com/listings13733418/dựng-băng-rôn-cờ-phướn-hướng-dẫn-dễ-hiểu-giải-pháp-Độc-Đáo
1402,3,Tang 3 profile_Submissions,https://directoryserp.com/listings13734250/dựng-băng-rôn-cờ-phướn-hướng-dẫn-chi-tiết-giải-pháp-Độc-Đáo
1403,3,Tang 3 profile_Submissions,https://directorypixels.com/listings13763352/dựng-băng-rôn-cờ-phướn-cách-thức-chi-tiết-giải-pháp-Độc-Đáo
1404,3,Tang 3 profile_Submissions,https://famous-directory.com/listings13711437/treo-pa-nen-cờ-phướn-cách-thức-dễ-hiểu-Ý-tưởng-Độc-Đáo
1405,3,Tang 3 profile_Submissions,https://begindirectory.com/listings13739284/treo-băng-rôn-lăng-Động-phướn-cách-thức-dễ-hiểu-giải-pháp-sáng-tạo
1406,3,Tang 3 profile_Submissions,https://directoryrecap.com/listings13721176/dựng-băng-rôn-cờ-phướn-cách-thức-dễ-hiểu-Ý-tưởng-sáng-tạo
1407,3,Tang 3 profile_Submissions,https://cypriotdirectory.com/listings13742371/dựng-băng-rôn-lăng-Động-phướn-hướng-dẫn-dễ-hiểu-giải-pháp-sáng-tạo
1408,3,Tang 3 profile_Submissions,https://cool-directory.com/listings1268806/dựng-băng-rôn-cờ-phướn-cách-thức-chi-tiết-Ý-tưởng-Độc-Đáo
1409,3,Tang 3 profile_Submissions,https://oxodirectory.com/listings13712381/treo-pa-nen-cờ-phướn-hướng-dẫn-chi-tiết-Ý-tưởng-sáng-tạo
1410,3,Tang 3 profile_Submissions,https://cbpsdirectory.com/listings1242516/dựng-băng-rôn-cờ-phướn-hướng-dẫn-dễ-hiểu-giải-pháp-sáng-tạo
1411,3,Tang 3 profile_Submissions,https://isitedirectory.com/listings13720698/treo-pa-nen-cờ-phướn-hướng-dẫn-chi-tiết-giải-pháp-Độc-Đáo
1412,3,Tang 3 profile_Submissions,https://directoryorg.com/listings13717013/dựng-băng-rôn-cờ-phướn-hướng-dẫn-chi-tiết-giải-pháp-Độc-Đáo
1413,3,Tang 3 profile_Submissions,https://directoryprice.com/listings1227615/treo-băng-rôn-lăng-Động-phướn-hướng-dẫn-chi-tiết-Ý-tưởng-Độc-Đáo
1414,3,Tang 3 profile_Submissions,https://bizdirectoryinfo.com/listings13718572/treo-băng-rôn-cờ-phướn-hướng-dẫn-dễ-hiểu-Ý-tưởng-sáng-tạo
1415,3,Tang 3 profile_Submissions,https://getmedirectory.com/listings13719975/dựng-băng-rôn-cờ-phướn-hướng-dẫn-chi-tiết-giải-pháp-Độc-Đáo
1416,3,Tang 3 profile_Submissions,https://tops-directory.com/listings13710298/treo-băng-rôn-lăng-Động-phướn-cách-thức-chi-tiết-Ý-tưởng-Độc-Đáo
1417,3,Tang 3 profile_Submissions,https://directorytome.com/listings13722430/dựng-băng-rôn-lăng-Động-phướn-hướng-dẫn-dễ-hiểu-Ý-tưởng-sáng-tạo
1418,3,Tang 3 profile_Submissions,https://pulsardirectory.com/listings13721890/dựng-băng-rôn-cờ-phướn-cách-thức-chi-tiết-giải-pháp-sáng-tạo
1419,3,Tang 3 profile_Submissions,https://afundirectory.com/listings13720750/treo-băng-rôn-cờ-phướn-hướng-dẫn-dễ-hiểu-giải-pháp-Độc-Đáo
1420,3,Tang 3 profile_Submissions,https://a-listdirectory.com/listings13723735/dựng-băng-rôn-cờ-phướn-cách-thức-dễ-hiểu-Ý-tưởng-Độc-Đáo
1421,3,Tang 3 profile_Submissions,https://oncedirectory.com/listings13713802/treo-pa-nen-cờ-phướn-cách-thức-dễ-hiểu-giải-pháp-sáng-tạo
1422,3,Tang 3 profile_Submissions,https://yeepdirectory.com/listings13715515/treo-băng-rôn-cờ-phướn-hướng-dẫn-dễ-hiểu-giải-pháp-Độc-Đáo
1423,3,Tang 3 profile_Submissions,https://triplexdirectory.com/listings13702619/dựng-băng-rôn-cờ-phướn-cách-thức-chi-tiết-Ý-tưởng-sáng-tạo
1424,3,Tang 3 profile_Submissions,https://tools-directory.com/listings1212787/treo-băng-rôn-lăng-Động-phướn-hướng-dẫn-chi-tiết-giải-pháp-Độc-Đáo
1425,3,Tang 3 profile_Submissions,https://prxdirectory.com/listings13712395/treo-băng-rôn-cờ-phướn-cách-thức-dễ-hiểu-Ý-tưởng-Độc-Đáo
1426,3,Tang 3 profile_Submissions,https://2020-directory.com/listings13704505/dựng-băng-rôn-lăng-Động-phướn-cách-thức-dễ-hiểu-giải-pháp-Độc-Đáo
1427,3,Tang 3 profile_Submissions,https://neptunedirectory.com/listings13715402/treo-pa-nen-cờ-phướn-cách-thức-dễ-hiểu-Ý-tưởng-sáng-tạo
1428,3,Tang 3 profile_Submissions,https://thedeepdirectory.com/listings13711380/treo-pa-nen-cờ-phướn-cách-thức-chi-tiết-Ý-tưởng-Độc-Đáo
1429,3,Tang 3 profile_Submissions,https://sectordirectory.com/listings1215788/treo-pa-nen-lăng-Động-phướn-cách-thức-dễ-hiểu-giải-pháp-sáng-tạo
1430,3,Tang 3 profile_Submissions,https://ontopicdirectory.com/listings13713829/treo-pa-nen-cờ-phướn-cách-thức-dễ-hiểu-giải-pháp-sáng-tạo
1431,3,Tang 3 profile_Submissions,https://topdirectory1.com/listings13710704/treo-pa-nen-lăng-Động-phướn-hướng-dẫn-dễ-hiểu-giải-pháp-sáng-tạo
1432,3,Tang 3 profile_Submissions,https://new-webdirectory.com/listings13707064/treo-băng-rôn-cờ-phướn-cách-thức-chi-tiết-giải-pháp-Độc-Đáo
1433,3,Tang 3 profile_Submissions,https://directoryethics.com/listings13716977/treo-băng-rôn-cờ-phướn-hướng-dẫn-chi-tiết-Ý-tưởng-sáng-tạo
1434,3,Tang 3 profile_Submissions,https://oteldirectory.com/listings13705851/treo-băng-rôn-cờ-phướn-hướng-dẫn-chi-tiết-Ý-tưởng-Độc-Đáo
1435,3,Tang 3 profile_Submissions,https://leedirectory.com/listings13711043/treo-pa-nen-cờ-phướn-cách-thức-chi-tiết-giải-pháp-Độc-Đáo
1436,3,Tang 3 profile_Submissions,https://simbadirectory.com/listings13701689/dựng-băng-rôn-cờ-phướn-hướng-dẫn-chi-tiết-giải-pháp-Độc-Đáo
1437,3,Tang 3 profile_Submissions,https://aglocodirectory.com/listings13707374/treo-băng-rôn-cờ-phướn-hướng-dẫn-dễ-hiểu-giải-pháp-Độc-Đáo
1438,3,Tang 3 profile_Submissions,https://zed-directory.com/listings13698304/treo-băng-rôn-cờ-phướn-cách-thức-chi-tiết-Ý-tưởng-sáng-tạo
1439,3,Tang 3 profile_Submissions,https://directory-b.com/listings13712037/treo-băng-rôn-cờ-phướn-cách-thức-dễ-hiểu-Ý-tưởng-Độc-Đáo
1440,3,Tang 3 profile_Submissions,https://99webdirectory.com/listings13707776/treo-pa-nen-lăng-Động-phướn-hướng-dẫn-dễ-hiểu-giải-pháp-Độc-Đáo
1441,3,Tang 3 profile_Submissions,https://lifesdirectory.com/listings13705261/dựng-băng-rôn-cờ-phướn-hướng-dẫn-chi-tiết-Ý-tưởng-Độc-Đáo
1442,3,Tang 3 profile_Submissions,https://problogdirectory.com/listings13707503/treo-pa-nen-lăng-Động-phướn-cách-thức-chi-tiết-giải-pháp-Độc-Đáo
1443,3,Tang 3 profile_Submissions,https://webtalkdirectory.com/listings13714322/treo-pa-nen-cờ-phướn-hướng-dẫn-chi-tiết-giải-pháp-Độc-Đáo
1444,3,Tang 3 profile_Submissions,https://bentdirectory.com/listings13716849/dựng-băng-rôn-lăng-Động-phướn-cách-thức-dễ-hiểu-Ý-tưởng-sáng-tạo
1445,3,Tang 3 profile_Submissions,https://mydirectorys.com/listings13700916/treo-băng-rôn-cờ-phướn-hướng-dẫn-chi-tiết-giải-pháp-Độc-Đáo
1446,3,Tang 3 profile_Submissions,https://directoryweburl.com/listings13701856/dựng-băng-rôn-cờ-phướn-cách-thức-dễ-hiểu-giải-pháp-sáng-tạo
1447,3,Tang 3 profile_Submissions,https://directorywidzard.com/listings13709113/treo-pa-nen-cờ-phướn-hướng-dẫn-chi-tiết-Ý-tưởng-Độc-Đáo
1448,3,Tang 3 profile_Submissions,https://serpsdirectory.com/listings13706155/treo-pa-nen-cờ-phướn-cách-thức-chi-tiết-giải-pháp-sáng-tạo
1449,3,Tang 3 profile_Submissions,https://deepodirectory.com/listings13705251/dựng-băng-rôn-lăng-Động-phướn-hướng-dẫn-chi-tiết-Ý-tưởng-sáng-tạo
1450,3,Tang 3 profile_Submissions,https://adirectoryplace.com/listings13710964/treo-băng-rôn-cờ-phướn-hướng-dẫn-dễ-hiểu-Ý-tưởng-Độc-Đáo
1451,3,Tang 3 profile_Submissions,https://en-web-directory.com/listings13702732/treo-pa-nen-cờ-phướn-hướng-dẫn-chi-tiết-Ý-tưởng-sáng-tạo
1452,3,Tang 3 profile_Submissions,https://usanetdirectory.com/listings13708561/treo-băng-rôn-cờ-phướn-cách-thức-dễ-hiểu-giải-pháp-Độc-Đáo
1453,3,Tang 3 profile_Submissions,https://viewsdirectory.com/listings13688353/dựng-băng-rôn-cờ-phướn-hướng-dẫn-dễ-hiểu-giải-pháp-sáng-tạo
1454,3,Tang 3 profile_Submissions,https://directoryfrenzy.com/listings13642293/treo-băng-rôn-cờ-phướn-cách-thức-chi-tiết-giải-pháp-sáng-tạo
1455,3,Tang 3 profile_Submissions,https://gen-directory.com/listings13694838/treo-pa-nen-lăng-Động-phướn-hướng-dẫn-chi-tiết-giải-pháp-sáng-tạo
1456,3,Tang 3 profile_Submissions,https://addurl-directory.com/listings13714352/treo-băng-rôn-cờ-phướn-cách-thức-dễ-hiểu-giải-pháp-Độc-Đáo
1457,3,Tang 3 profile_Submissions,https://e-web-directory.com/listings13697266/dựng-băng-rôn-cờ-phướn-hướng-dẫn-dễ-hiểu-giải-pháp-sáng-tạo
1458,3,Tang 3 profile_Submissions,https://a-z-directory.com/listings13705664/treo-băng-rôn-cờ-phướn-hướng-dẫn-dễ-hiểu-Ý-tưởng-Độc-Đáo
1459,3,Tang 3 profile_Submissions,https://feeldirectory.com/listings13700154/dựng-băng-rôn-lăng-Động-phướn-hướng-dẫn-chi-tiết-giải-pháp-sáng-tạo
1460,3,Tang 3 profile_Submissions,https://webdirectoryone.com/listings13703147/treo-pa-nen-cờ-phướn-cách-thức-chi-tiết-Ý-tưởng-sáng-tạo
1461,3,Tang 3 profile_Submissions,https://1stlinkdirectory.com/listings13712757/treo-pa-nen-cờ-phướn-hướng-dẫn-dễ-hiểu-Ý-tưởng-Độc-Đáo
1462,3,Tang 3 profile_Submissions,https://orange-directory.com/listings13701108/treo-pa-nen-lăng-Động-phướn-cách-thức-dễ-hiểu-Ý-tưởng-sáng-tạo
1463,3,Tang 3 profile_Submissions,https://directory-legit.com/listings13718476/dựng-băng-rôn-cờ-phướn-cách-thức-dễ-hiểu-giải-pháp-Độc-Đáo
1464,3,Tang 3 profile_Submissions,https://thedirectoryblog.com/listings13699147/treo-băng-rôn-cờ-phướn-cách-thức-dễ-hiểu-Ý-tưởng-sáng-tạo
1465,3,Tang 3 profile_Submissions,https://directory-king.com/listings13699461/dựng-băng-rôn-lăng-Động-phướn-hướng-dẫn-chi-tiết-Ý-tưởng-sáng-tạo
1466,3,Tang 3 profile_Submissions,https://mynichedirectory.com/listings13695782/treo-pa-nen-cờ-phướn-cách-thức-chi-tiết-giải-pháp-sáng-tạo
1467,3,Tang 3 profile_Submissions,https://stayindirectory.com/listings13703381/treo-pa-nen-lăng-Động-phướn-cách-thức-dễ-hiểu-giải-pháp-sáng-tạo
1468,3,Tang 3 profile_Submissions,https://directoryforrank.com/listings13708244/treo-băng-rôn-lăng-Động-phướn-hướng-dẫn-chi-tiết-Ý-tưởng-sáng-tạo
1469,3,Tang 3 profile_Submissions,https://pasteldirectory.com/listings13701645/treo-băng-rôn-cờ-phướn-cách-thức-chi-tiết-Ý-tưởng-sáng-tạo
1470,3,Tang 3 profile_Submissions,https://real-directory.com/listings13700662/treo-băng-rôn-cờ-phướn-hướng-dẫn-chi-tiết-giải-pháp-Độc-Đáo
1471,3,Tang 3 profile_Submissions,https://okaydirectory.com/listings13701596/treo-pa-nen-lăng-Động-phướn-hướng-dẫn-chi-tiết-giải-pháp-sáng-tạo
1472,3,Tang 3 profile_Submissions,https://zozodirectory.com/listings13707492/treo-pa-nen-cờ-phướn-hướng-dẫn-chi-tiết-Ý-tưởng-sáng-tạo
1473,3,Tang 3 profile_Submissions,https://webtechdirectory.com/listings13698472/treo-pa-nen-cờ-phướn-hướng-dẫn-dễ-hiểu-giải-pháp-sáng-tạo
1474,3,Tang 3 profile_Submissions,https://directoryquick.com/listings13699801/treo-băng-rôn-lăng-Động-phướn-hướng-dẫn-chi-tiết-Ý-tưởng-sáng-tạo
1475,3,Tang 3 profile_Submissions,https://seozdirectory.com/listings13696365/dựng-băng-rôn-cờ-phướn-cách-thức-chi-tiết-Ý-tưởng-sáng-tạo
1476,3,Tang 3 profile_Submissions,https://seeyoudirectory.com/listings13693384/dựng-băng-rôn-lăng-Động-phướn-cách-thức-chi-tiết-giải-pháp-Độc-Đáo
1477,3,Tang 3 profile_Submissions,https://glowingdirectory.com/listings13696942/dựng-băng-rôn-cờ-phướn-cách-thức-chi-tiết-Ý-tưởng-Độc-Đáo
1478,3,Tang 3 profile_Submissions,https://dotcom-directory.com/listings13704647/dựng-băng-rôn-lăng-Động-phướn-hướng-dẫn-dễ-hiểu-giải-pháp-Độc-Đáo
1479,3,Tang 3 profile_Submissions,https://yourtopdirectory.com/listings13701451/treo-băng-rôn-cờ-phướn-cách-thức-dễ-hiểu-giải-pháp-sáng-tạo
1480,3,Tang 3 profile_Submissions,https://links2directory.com/listings13698978/treo-băng-rôn-cờ-phướn-hướng-dẫn-chi-tiết-Ý-tưởng-Độc-Đáo
1481,3,Tang 3 profile_Submissions,https://directoryindexer.com/listings13696784/dựng-băng-rôn-cờ-phướn-cách-thức-chi-tiết-Ý-tưởng-sáng-tạo
1482,3,Tang 3 profile_Submissions,https://mydirectoryspace.com/listings13694146/treo-băng-rôn-cờ-phướn-hướng-dẫn-chi-tiết-Ý-tưởng-Độc-Đáo
1483,3,Tang 3 profile_Submissions,https://ezylinkdirectory.com/listings13703701/treo-pa-nen-cờ-phướn-cách-thức-chi-tiết-Ý-tưởng-Độc-Đáo
1484,3,Tang 3 profile_Submissions,https://nerodirectory.com/listings13703196/dựng-băng-rôn-lăng-Động-phướn-hướng-dẫn-chi-tiết-Ý-tưởng-sáng-tạo
1485,3,Tang 3 profile_Submissions,https://freeurldirectory.com/listings13696337/treo-pa-nen-cờ-phướn-hướng-dẫn-chi-tiết-Ý-tưởng-sáng-tạo
1486,3,Tang 3 profile_Submissions,https://vip-directory.com/listings13697598/treo-băng-rôn-cờ-phướn-hướng-dẫn-dễ-hiểu-Ý-tưởng-sáng-tạo
1487,3,Tang 3 profile_Submissions,https://123-directory.com/listings13709987/dựng-băng-rôn-cờ-phướn-hướng-dẫn-dễ-hiểu-Ý-tưởng-Độc-Đáo
1488,3,Tang 3 profile_Submissions,https://topazdirectory.com/listings13681384/treo-băng-rôn-cờ-phướn-cách-thức-dễ-hiểu-Ý-tưởng-sáng-tạo
1489,3,Tang 3 profile_Submissions,https://theidirectory.com/listings13688676/dựng-băng-rôn-cờ-phướn-cách-thức-dễ-hiểu-giải-pháp-Độc-Đáo
1490,3,Tang 3 profile_Submissions,https://lifewebdirectory.com/listings13698753/treo-pa-nen-lăng-Động-phướn-hướng-dẫn-chi-tiết-Ý-tưởng-sáng-tạo
1491,3,Tang 3 profile_Submissions,https://britedirectory.com/listings13704051/dựng-băng-rôn-cờ-phướn-hướng-dẫn-dễ-hiểu-Ý-tưởng-sáng-tạo
1492,3,Tang 3 profile_Submissions,https://e-directory2u.com/listings13685481/treo-pa-nen-cờ-phướn-cách-thức-chi-tiết-giải-pháp-Độc-Đáo
1493,3,Tang 3 profile_Submissions,https://directoryhand.com/listings13702261/dựng-băng-rôn-cờ-phướn-hướng-dẫn-dễ-hiểu-Ý-tưởng-sáng-tạo
1494,3,Tang 3 profile_Submissions,https://vital-directory.com/listings13698562/dựng-băng-rôn-cờ-phướn-hướng-dẫn-dễ-hiểu-giải-pháp-sáng-tạo
1495,3,Tang 3 profile_Submissions,https://forum-directory.com/listings13698364/dựng-băng-rôn-cờ-phướn-cách-thức-dễ-hiểu-Ý-tưởng-Độc-Đáo
1496,3,Tang 3 profile_Submissions,https://defaultdirectory.com/listings13704104/treo-pa-nen-cờ-phướn-cách-thức-dễ-hiểu-Ý-tưởng-Độc-Đáo
1497,3,Tang 3 profile_Submissions,https://directory-cube.com/listings13695154/treo-băng-rôn-lăng-Động-phướn-cách-thức-dễ-hiểu-giải-pháp-sáng-tạo
1498,3,Tang 3 profile_Submissions,https://directoryarmy.com/listings13711087/treo-băng-rôn-cờ-phướn-hướng-dẫn-chi-tiết-Ý-tưởng-Độc-Đáo
1499,3,Tang 3 profile_Submissions,https://directorylinks2u.com/listings13701790/dựng-băng-rôn-cờ-phướn-hướng-dẫn-dễ-hiểu-giải-pháp-sáng-tạo
1500,3,Tang 3 profile_Submissions,https://seodirectoryseek.com/listings13698690/treo-pa-nen-cờ-phướn-hướng-dẫn-dễ-hiểu-Ý-tưởng-Độc-Đáo
1501,3,Tang 3 profile_Submissions,https://directory4web.com/listings13708381/treo-pa-nen-cờ-phướn-hướng-dẫn-dễ-hiểu-giải-pháp-Độc-Đáo
1502,3,Tang 3 profile_Submissions,https://vietbizdirectory.com/listings13689499/treo-pa-nen-lăng-Động-phướn-cách-thức-dễ-hiểu-Ý-tưởng-sáng-tạo
1503,3,Tang 3 profile_Submissions,https://directory4search.com/listings13723466/treo-pa-nen-cờ-phướn-hướng-dẫn-chi-tiết-Ý-tưởng-Độc-Đáo
1504,3,Tang 3 profile_Submissions,https://seo-webdirectory.com/listings13695187/treo-pa-nen-lăng-Động-phướn-cách-thức-chi-tiết-giải-pháp-Độc-Đáo
1505,3,Tang 3 profile_Submissions,https://directory-farm.com/listings13710358/treo-băng-rôn-cờ-phướn-hướng-dẫn-chi-tiết-giải-pháp-sáng-tạo
1506,3,Tang 3 profile_Submissions,https://mondaydirectory.com/listings13694895/treo-pa-nen-cờ-phướn-cách-thức-dễ-hiểu-Ý-tưởng-sáng-tạo
1507,3,Tang 3 profile_Submissions,https://directoryvenom.com/listings13692712/treo-băng-rôn-cờ-phướn-cách-thức-chi-tiết-giải-pháp-Độc-Đáo
1508,3,Tang 3 profile_Submissions,https://24by7directory.com/listings13703630/treo-pa-nen-cờ-phướn-hướng-dẫn-chi-tiết-Ý-tưởng-sáng-tạo
1509,3,Tang 3 profile_Submissions,https://directoryreactor.com/listings13720821/dựng-băng-rôn-cờ-phướn-cách-thức-chi-tiết-giải-pháp-Độc-Đáo
1510,3,Tang 3 profile_Submissions,https://1-webdirectory.com/listings13707061/dựng-băng-rôn-cờ-phướn-hướng-dẫn-dễ-hiểu-giải-pháp-sáng-tạo
1511,3,Tang 3 profile_Submissions,https://directory-daddy.com/listings13705955/treo-băng-rôn-cờ-phướn-hướng-dẫn-dễ-hiểu-giải-pháp-sáng-tạo
1512,3,Tang 3 profile_Submissions,https://directoryforever.com/listings13692756/dựng-băng-rôn-lăng-Động-phướn-hướng-dẫn-dễ-hiểu-Ý-tưởng-sáng-tạo
1513,3,Tang 3 profile_Submissions,https://directorypile.com/listings13694207/dựng-băng-rôn-cờ-phướn-cách-thức-dễ-hiểu-giải-pháp-sáng-tạo
1514,3,Tang 3 profile_Submissions,https://directoryglobals.com/listings13722086/dựng-băng-rôn-lăng-Động-phướn-cách-thức-chi-tiết-giải-pháp-sáng-tạo
1515,3,Tang 3 profile_Submissions,https://netwebdirectory.com/listings13697821/treo-pa-nen-lăng-Động-phướn-hướng-dẫn-dễ-hiểu-giải-pháp-Độc-Đáo
1516,3,Tang 3 profile_Submissions,https://freedirectorynow.com/listings13696308/dựng-băng-rôn-cờ-phướn-hướng-dẫn-chi-tiết-giải-pháp-sáng-tạo
1517,3,Tang 3 profile_Submissions,https://coolbizdirectory.com/listings13699343/dựng-băng-rôn-cờ-phướn-cách-thức-dễ-hiểu-giải-pháp-sáng-tạo
1518,3,Tang 3 profile_Submissions,https://goto-directory.com/listings13689249/treo-băng-rôn-cờ-phướn-hướng-dẫn-chi-tiết-Ý-tưởng-sáng-tạo
1519,3,Tang 3 profile_Submissions,https://seodirectory4u.com/listings13692842/dựng-băng-rôn-cờ-phướn-cách-thức-dễ-hiểu-Ý-tưởng-Độc-Đáo
1520,3,Tang 3 profile_Submissions,https://directory-engine.com/listings13698618/treo-pa-nen-cờ-phướn-hướng-dẫn-dễ-hiểu-giải-pháp-sáng-tạo
1521,3,Tang 3 profile_Submissions,https://iseodirectory.com/listings13683811/dựng-băng-rôn-lăng-Động-phướn-hướng-dẫn-chi-tiết-giải-pháp-sáng-tạo
1522,3,Tang 3 profile_Submissions,https://phase2directory.com/listings13691734/dựng-băng-rôn-cờ-phướn-cách-thức-dễ-hiểu-giải-pháp-sáng-tạo
1523,3,Tang 3 profile_Submissions,https://directoryunit.com/listings13700748/dựng-băng-rôn-cờ-phướn-cách-thức-chi-tiết-giải-pháp-Độc-Đáo
1524,3,Tang 3 profile_Submissions,https://magnetdirectory.com/listings13687075/treo-pa-nen-lăng-Động-phướn-hướng-dẫn-chi-tiết-Ý-tưởng-sáng-tạo
1525,3,Tang 3 profile_Submissions,https://freedirectory4u.com/listings13696112/treo-pa-nen-cờ-phướn-cách-thức-dễ-hiểu-giải-pháp-sáng-tạo
1526,3,Tang 3 profile_Submissions,https://directory-expert.com/listings13681407/treo-pa-nen-cờ-phướn-hướng-dẫn-chi-tiết-Ý-tưởng-Độc-Đáo
1527,3,Tang 3 profile_Submissions,https://http-directory.com/listings13698937/treo-băng-rôn-lăng-Động-phướn-cách-thức-chi-tiết-Ý-tưởng-Độc-Đáo
1528,3,Tang 3 profile_Submissions,https://webdirectory7.com/listings13691859/treo-băng-rôn-lăng-Động-phướn-hướng-dẫn-chi-tiết-Ý-tưởng-sáng-tạo
1529,3,Tang 3 profile_Submissions,https://superdirectorys.com/listings13689542/treo-băng-rôn-cờ-phướn-hướng-dẫn-chi-tiết-giải-pháp-Độc-Đáo
1530,3,Tang 3 profile_Submissions,https://webnamedirectory.com/listings13687830/treo-băng-rôn-cờ-phướn-cách-thức-dễ-hiểu-Ý-tưởng-sáng-tạo
1531,3,Tang 3 profile_Submissions,https://gratis-directory.com/listings13691151/dựng-băng-rôn-cờ-phướn-cách-thức-dễ-hiểu-Ý-tưởng-sáng-tạo
1532,3,Tang 3 profile_Submissions,https://seek-directory.com/listings13691713/treo-băng-rôn-cờ-phướn-hướng-dẫn-chi-tiết-Ý-tưởng-sáng-tạo
1533,3,Tang 3 profile_Submissions,https://linkdirectorynet.com/listings13710720/dựng-băng-rôn-cờ-phướn-hướng-dẫn-chi-tiết-giải-pháp-Độc-Đáo
1534,3,Tang 3 profile_Submissions,https://lombok-directory.com/listings13689380/treo-băng-rôn-cờ-phướn-hướng-dẫn-dễ-hiểu-giải-pháp-Độc-Đáo
1535,3,Tang 3 profile_Submissions,https://zeedirectory.com/listings13689132/treo-băng-rôn-lăng-Động-phướn-cách-thức-chi-tiết-Ý-tưởng-Độc-Đáo
1536,3,Tang 3 profile_Submissions,https://directoryark.com/listings13693273/treo-băng-rôn-cờ-phướn-cách-thức-chi-tiết-Ý-tưởng-Độc-Đáo
1537,3,Tang 3 profile_Submissions,https://pageupdirectory.com/listings13689283/treo-pa-nen-lăng-Động-phướn-cách-thức-dễ-hiểu-Ý-tưởng-Độc-Đáo
1538,3,Tang 3 profile_Submissions,https://directory-star.com/listings13689040/dựng-băng-rôn-cờ-phướn-cách-thức-chi-tiết-Ý-tưởng-Độc-Đáo
1539,3,Tang 3 profile_Submissions,https://directory-store.com/listings13691536/treo-băng-rôn-lăng-Động-phướn-hướng-dẫn-chi-tiết-Ý-tưởng-sáng-tạo
1540,3,Tang 3 profile_Submissions,https://thetopdirectory.com/listings13687951/treo-pa-nen-cờ-phướn-cách-thức-chi-tiết-Ý-tưởng-Độc-Đáo
1541,3,Tang 3 profile_Submissions,https://sweet-directory.com/listings13694002/dựng-băng-rôn-cờ-phướn-cách-thức-dễ-hiểu-Ý-tưởng-Độc-Đáo
1542,3,Tang 3 profile_Submissions,https://webtagdirectory.com/listings13691096/treo-băng-rôn-lăng-Động-phướn-cách-thức-chi-tiết-Ý-tưởng-sáng-tạo
1543,3,Tang 3 profile_Submissions,https://directory-webs.com/listings13692140/dựng-băng-rôn-cờ-phướn-cách-thức-dễ-hiểu-Ý-tưởng-Độc-Đáo
1544,3,Tang 3 profile_Submissions,https://shopwebdirectory.com/listings13690638/treo-pa-nen-cờ-phướn-cách-thức-chi-tiết-Ý-tưởng-Độc-Đáo
1545,3,Tang 3 profile_Submissions,https://large-directory.com/listings13690055/treo-băng-rôn-cờ-phướn-hướng-dẫn-dễ-hiểu-giải-pháp-sáng-tạo
1546,3,Tang 3 profile_Submissions,https://webdirectory777.com/listings13672838/dựng-băng-rôn-cờ-phướn-cách-thức-chi-tiết-giải-pháp-sáng-tạo
1547,3,Tang 3 profile_Submissions,https://web-directory4.com/listings13666147/dựng-băng-rôn-cờ-phướn-hướng-dẫn-chi-tiết-giải-pháp-Độc-Đáo
1548,3,Tang 3 profile_Submissions,https://ukdirectorylist.com/listings13688051/dựng-băng-rôn-cờ-phướn-hướng-dẫn-chi-tiết-giải-pháp-Độc-Đáo
1549,3,Tang 3 profile_Submissions,https://studio-directory.com/listings13689390/dựng-băng-rôn-cờ-phướn-cách-thức-chi-tiết-Ý-tưởng-Độc-Đáo
1550,3,Tang 3 profile_Submissions,https://base-directory.com/listings13695509/treo-pa-nen-cờ-phướn-cách-thức-chi-tiết-giải-pháp-sáng-tạo
1551,3,Tang 3 profile_Submissions,https://ourbigdirectory.com/listings13688116/dựng-băng-rôn-cờ-phướn-hướng-dẫn-dễ-hiểu-Ý-tưởng-sáng-tạo
1552,3,Tang 3 profile_Submissions,https://thetopsdirectory.com/listings13683600/treo-pa-nen-cờ-phướn-hướng-dẫn-chi-tiết-Ý-tưởng-Độc-Đáo
1553,3,Tang 3 profile_Submissions,https://your-directory.com/listings120002/treo-pa-nen-cờ-phướn-hướng-dẫn-chi-tiết-giải-pháp-sáng-tạo
1554,3,Tang 3 profile_Submissions,https://worlds-directory.com/listings14628465/dựng-băng-rôn-cờ-phướn-cách-thức-chi-tiết-giải-pháp-Độc-Đáo
1555,3,Tang 3 profile_Submissions,https://directory-nation.com/listings14650462/dựng-băng-rôn-cờ-phướn-hướng-dẫn-chi-tiết-giải-pháp-Độc-Đáo
1556,3,Tang 3 profile_Submissions,https://directory-fast.com/listings2128580/treo-pa-nen-cờ-phướn-cách-thức-chi-tiết-giải-pháp-sáng-tạo
1557,3,Tang 3 profile_Submissions,https://directoryholiday.com/listings14628332/treo-pa-nen-cờ-phướn-cách-thức-chi-tiết-Ý-tưởng-sáng-tạo
1558,3,Tang 3 profile_Submissions,https://directoryio.com/listings2121940/dựng-băng-rôn-lăng-Động-phướn-cách-thức-chi-tiết-Ý-tưởng-sáng-tạo
1559,3,Tang 3 profile_Submissions,https://webdirectory11.com/listings2113074/treo-băng-rôn-cờ-phướn-hướng-dẫn-dễ-hiểu-giải-pháp-sáng-tạo
1560,3,Tang 3 profile_Submissions,https://robustdirectory.com/listings2116750/treo-băng-rôn-cờ-phướn-hướng-dẫn-chi-tiết-giải-pháp-sáng-tạo
1561,3,Tang 3 profile_Submissions,https://legit-directory.com/listings14632881/dựng-băng-rôn-cờ-phướn-hướng-dẫn-chi-tiết-giải-pháp-sáng-tạo
1562,3,Tang 3 profile_Submissions,https://omg-directory.com/listings14637199/treo-pa-nen-cờ-phướn-cách-thức-chi-tiết-giải-pháp-sáng-tạo
1563,3,Tang 3 profile_Submissions,https://slimdirectory.com/listings1450976/treo-băng-rôn-cờ-phướn-cách-thức-chi-tiết-Ý-tưởng-Độc-Đáo
1564,3,Tang 3 profile_Submissions,https://directoryrelt.com/listings1331865/treo-băng-rôn-cờ-phướn-cách-thức-dễ-hiểu-giải-pháp-Độc-Đáo
1565,3,Tang 3 profile_Submissions,https://limawebdirectory.com/listings1333030/treo-băng-rôn-lăng-Động-phướn-hướng-dẫn-dễ-hiểu-giải-pháp-sáng-tạo
1566,3,Tang 3 profile_Submissions,https://card-directory.com/listings1323525/dựng-băng-rôn-cờ-phướn-hướng-dẫn-chi-tiết-giải-pháp-sáng-tạo
1567,3,Tang 3 profile_Submissions,https://directoryecho.com/listings1338646/dựng-băng-rôn-cờ-phướn-cách-thức-chi-tiết-Ý-tưởng-sáng-tạo
1568,3,Tang 3 profile_Submissions,https://victorydirectory.com/listings1313675/dựng-băng-rôn-cờ-phướn-cách-thức-dễ-hiểu-Ý-tưởng-sáng-tạo
1569,3,Tang 3 profile_Submissions,https://directory-boom.com/listings13833313/treo-băng-rôn-lăng-Động-phướn-cách-thức-dễ-hiểu-Ý-tưởng-Độc-Đáo
1570,3,Tang 3 profile_Submissions,https://linkdirectory101.com/listings1288596/treo-băng-rôn-cờ-phướn-cách-thức-chi-tiết-Ý-tưởng-sáng-tạo
1571,3,Tang 3 profile_Submissions,https://exceeddirectory.com/listings1329563/treo-pa-nen-cờ-phướn-cách-thức-chi-tiết-giải-pháp-Độc-Đáo
1572,3,Tang 3 profile_Submissions,https://princedirectory.com/listings13806760/treo-pa-nen-cờ-phướn-hướng-dẫn-dễ-hiểu-Ý-tưởng-sáng-tạo
1573,3,Tang 3 profile_Submissions,https://immensedirectory.com/listings1335140/dựng-băng-rôn-cờ-phướn-hướng-dẫn-dễ-hiểu-Ý-tưởng-Độc-Đáo
1574,3,Tang 3 profile_Submissions,https://socdirectory.com/listings1288717/treo-băng-rôn-lăng-Động-phướn-hướng-dẫn-dễ-hiểu-giải-pháp-sáng-tạo
1575,3,Tang 3 profile_Submissions,https://webdirectorytalk.com/listings1274559/treo-băng-rôn-lăng-Động-phướn-hướng-dẫn-dễ-hiểu-Ý-tưởng-sáng-tạo
1576,3,Tang 3 profile_Submissions,https://myindexdirectory.com/listings1301116/treo-pa-nen-cờ-phướn-cách-thức-dễ-hiểu-giải-pháp-sáng-tạo
1577,3,Tang 3 profile_Submissions,https://bomadirectory.com/listings1282104/dựng-băng-rôn-cờ-phướn-cách-thức-chi-tiết-giải-pháp-sáng-tạo
1578,3,Tang 3 profile_Submissions,https://swiss-directory.com/listings1255742/treo-băng-rôn-cờ-phướn-hướng-dẫn-chi-tiết-Ý-tưởng-Độc-Đáo
1579,3,Tang 3 profile_Submissions,https://hotbizdirectory.com/listings13781192/treo-băng-rôn-cờ-phướn-hướng-dẫn-chi-tiết-Ý-tưởng-sáng-tạo
1580,3,Tang 3 profile_Submissions,https://zopedirectory.com/listings1292706/treo-băng-rôn-cờ-phướn-cách-thức-dễ-hiểu-giải-pháp-sáng-tạo
1581,3,Tang 3 profile_Submissions,https://ebiz-directory.com/listings1285644/treo-băng-rôn-cờ-phướn-cách-thức-chi-tiết-giải-pháp-sáng-tạo
1582,3,Tang 3 profile_Submissions,https://ajax-directory.com/listings1310776/dựng-băng-rôn-cờ-phướn-hướng-dẫn-dễ-hiểu-giải-pháp-Độc-Đáo
1583,3,Tang 3 profile_Submissions,https://directory-2020.com/listings1269415/treo-băng-rôn-cờ-phướn-hướng-dẫn-dễ-hiểu-Ý-tưởng-sáng-tạo
1584,3,Tang 3 profile_Submissions,https://directorylandia.com/listings1262155/treo-băng-rôn-lăng-Động-phướn-hướng-dẫn-dễ-hiểu-Ý-tưởng-sáng-tạo
1585,3,Tang 3 profile_Submissions,https://bizlinkdirectory.com/listings1264045/treo-pa-nen-lăng-Động-phướn-hướng-dẫn-chi-tiết-Ý-tưởng-sáng-tạo
1586,3,Tang 3 profile_Submissions,https://victordirectory.com/listings1264003/dựng-băng-rôn-cờ-phướn-cách-thức-chi-tiết-Ý-tưởng-Độc-Đáo
1587,3,Tang 3 profile_Submissions,https://golinkdirectory.com/listings13761761/treo-băng-rôn-cờ-phướn-hướng-dẫn-chi-tiết-giải-pháp-sáng-tạo
1588,3,Tang 3 profile_Submissions,https://bigboxdirectory.com/listings1295709/treo-băng-rôn-cờ-phướn-hướng-dẫn-chi-tiết-Ý-tưởng-sáng-tạo
1589,3,Tang 3 profile_Submissions,https://one-directory.com/listings1287728/treo-pa-nen-cờ-phướn-cách-thức-chi-tiết-giải-pháp-sáng-tạo
1590,3,Tang 3 profile_Submissions,https://directoryrec.com/listings1297042/treo-pa-nen-lăng-Động-phướn-hướng-dẫn-chi-tiết-Ý-tưởng-Độc-Đáo
1591,3,Tang 3 profile_Submissions,https://morningdirectory.com/listings1283683/treo-băng-rôn-lăng-Động-phướn-cách-thức-dễ-hiểu-giải-pháp-Độc-Đáo
1592,3,Tang 3 profile_Submissions,https://cutewebdirectory.com/listings13793219/treo-băng-rôn-cờ-phướn-hướng-dẫn-chi-tiết-Ý-tưởng-sáng-tạo
1593,3,Tang 3 profile_Submissions,https://snoopydirectory.com/listings1267011/treo-băng-rôn-cờ-phướn-hướng-dẫn-dễ-hiểu-giải-pháp-sáng-tạo
1594,3,Tang 3 profile_Submissions,https://mpowerdirectory.com/listings1284321/treo-băng-rôn-cờ-phướn-hướng-dẫn-chi-tiết-giải-pháp-sáng-tạo
1595,3,Tang 3 profile_Submissions,https://bamboo-directory.com/listings1294943/treo-băng-rôn-cờ-phướn-hướng-dẫn-dễ-hiểu-giải-pháp-Độc-Đáo
1596,3,Tang 3 profile_Submissions,https://wow-directory.com/listings1263761/dựng-băng-rôn-lăng-Động-phướn-hướng-dẫn-dễ-hiểu-giải-pháp-sáng-tạo
1597,3,Tang 3 profile_Submissions,https://listedirectory.com/listings1261738/treo-pa-nen-cờ-phướn-hướng-dẫn-dễ-hiểu-giải-pháp-sáng-tạo
1598,3,Tang 3 profile_Submissions,https://ohyesdirectory.com/listings1262809/treo-pa-nen-cờ-phướn-hướng-dẫn-chi-tiết-Ý-tưởng-Độc-Đáo
1599,3,Tang 3 profile_Submissions,https://whatisadirectory.com/listings13757253/dựng-băng-rôn-cờ-phướn-cách-thức-dễ-hiểu-Ý-tưởng-Độc-Đáo
1600,3,Tang 3 profile_Submissions,https://nebula-directory.com/listings1280381/dựng-băng-rôn-cờ-phướn-cách-thức-chi-tiết-Ý-tưởng-Độc-Đáo
1601,3,Tang 3 profile_Submissions,https://wwndirectory.com/listings1259834/treo-băng-rôn-lăng-Động-phướn-cách-thức-dễ-hiểu-Ý-tưởng-sáng-tạo
1602,3,Tang 3 profile_Submissions,https://directorydepo.com/listings1282526/dựng-băng-rôn-cờ-phướn-hướng-dẫn-chi-tiết-giải-pháp-sáng-tạo
1603,3,Tang 3 profile_Submissions,https://adddirectoryurl.com/listings1279637/dựng-băng-rôn-cờ-phướn-hướng-dẫn-chi-tiết-Ý-tưởng-sáng-tạo
1604,3,Tang 3 profile_Submissions,https://directoryhere.com/listings1272112/dựng-băng-rôn-cờ-phướn-cách-thức-chi-tiết-Ý-tưởng-sáng-tạo
1605,3,Tang 3 profile_Submissions,https://selfbizdirectory.com/listings1269128/treo-băng-rôn-cờ-phướn-hướng-dẫn-chi-tiết-giải-pháp-Độc-Đáo
1606,3,Tang 3 profile_Submissions,https://sjbdirectory.com/listings1258398/dựng-băng-rôn-cờ-phướn-hướng-dẫn-dễ-hiểu-Ý-tưởng-Độc-Đáo
1607,3,Tang 3 profile_Submissions,https://sparedirectory.com/listings1260528/treo-băng-rôn-cờ-phướn-hướng-dẫn-dễ-hiểu-Ý-tưởng-Độc-Đáo
1608,3,Tang 3 profile_Submissions,https://bailoutdirectory.com/listings1290043/treo-pa-nen-cờ-phướn-cách-thức-dễ-hiểu-giải-pháp-Độc-Đáo
1609,3,Tang 3 profile_Submissions,https://2021directory.com/listings1264069/treo-pa-nen-cờ-phướn-cách-thức-chi-tiết-giải-pháp-Độc-Đáo
1610,3,Tang 3 profile_Submissions,https://emeralddirectory.com/listings1260202/dựng-băng-rôn-cờ-phướn-hướng-dẫn-chi-tiết-Ý-tưởng-sáng-tạo
1611,3,Tang 3 profile_Submissions,https://tintindirectory.com/listings1255482/dựng-băng-rôn-lăng-Động-phướn-hướng-dẫn-dễ-hiểu-giải-pháp-Độc-Đáo
1612,3,Tang 3 profile_Submissions,https://seo-a1directory.com/listings1250775/dựng-băng-rôn-cờ-phướn-hướng-dẫn-dễ-hiểu-giải-pháp-Độc-Đáo
1613,3,Tang 3 profile_Submissions,https://lovelydirectory.com/listings1253175/treo-pa-nen-lăng-Động-phướn-cách-thức-chi-tiết-giải-pháp-sáng-tạo
1614,3,Tang 3 profile_Submissions,https://gettydirectory.com/listings1264316/dựng-băng-rôn-cờ-phướn-cách-thức-dễ-hiểu-Ý-tưởng-sáng-tạo
1615,3,Tang 3 profile_Submissions,https://directoryalbum.com/listings13756974/treo-băng-rôn-cờ-phướn-hướng-dẫn-dễ-hiểu-Ý-tưởng-sáng-tạo
1616,3,Tang 3 profile_Submissions,https://arcade-directory.com/listings1310215/treo-pa-nen-cờ-phướn-hướng-dẫn-dễ-hiểu-Ý-tưởng-sáng-tạo
1617,3,Tang 3 profile_Submissions,https://preniumdirectory.com/listings13740545/treo-băng-rôn-cờ-phướn-hướng-dẫn-dễ-hiểu-giải-pháp-sáng-tạo
1618,3,Tang 3 profile_Submissions,https://wodirectory.com/listings13731934/dựng-băng-rôn-cờ-phướn-hướng-dẫn-chi-tiết-Ý-tưởng-Độc-Đáo
1619,3,Tang 3 profile_Submissions,https://directory-blu.com/listings1241154/treo-băng-rôn-cờ-phướn-hướng-dẫn-chi-tiết-Ý-tưởng-sáng-tạo
1620,3,Tang 3 profile_Submissions,https://directory-empire.com/listings13746968/treo-băng-rôn-cờ-phướn-hướng-dẫn-chi-tiết-Ý-tưởng-Độc-Đáo
1621,3,Tang 3 profile_Submissions,https://weballdirectorys.com/listings1239239/treo-băng-rôn-cờ-phướn-hướng-dẫn-chi-tiết-Ý-tưởng-sáng-tạo
1622,3,Tang 3 profile_Submissions,https://linkdirectory724.com/listings13731247/treo-băng-rôn-cờ-phướn-cách-thức-chi-tiết-Ý-tưởng-Độc-Đáo
1623,3,Tang 3 profile_Submissions,https://heliskidirectory.com/listings13753115/treo-pa-nen-cờ-phướn-hướng-dẫn-dễ-hiểu-Ý-tưởng-Độc-Đáo
1624,3,Tang 3 profile_Submissions,https://az-directory.com/listings13752841/dựng-băng-rôn-cờ-phướn-cách-thức-dễ-hiểu-giải-pháp-sáng-tạo
1625,3,Tang 3 profile_Submissions,https://adirectorysubmit.com/listings13749445/treo-băng-rôn-cờ-phướn-cách-thức-dễ-hiểu-Ý-tưởng-sáng-tạo
1626,3,Tang 3 profile_Submissions,https://arlinkdirectory.com/listings13750319/dựng-băng-rôn-lăng-Động-phướn-cách-thức-dễ-hiểu-giải-pháp-sáng-tạo
1627,3,Tang 3 profile_Submissions,https://directory-broker.com/listings13723164/treo-pa-nen-lăng-Động-phướn-hướng-dẫn-dễ-hiểu-giải-pháp-Độc-Đáo
1628,3,Tang 3 profile_Submissions,https://ukdirectoryof.com/listings13755934/treo-băng-rôn-cờ-phướn-cách-thức-dễ-hiểu-Ý-tưởng-Độc-Đáo
1629,3,Tang 3 profile_Submissions,https://directorystumble.com/listings1270490/treo-pa-nen-lăng-Động-phướn-cách-thức-chi-tiết-giải-pháp-Độc-Đáo
1630,3,Tang 3 profile_Submissions,https://fab-directory.com/listings13757068/treo-pa-nen-cờ-phướn-hướng-dẫn-chi-tiết-giải-pháp-Độc-Đáo
1631,3,Tang 3 profile_Submissions,https://iodirectory.com/listings13735261/treo-pa-nen-lăng-Động-phướn-cách-thức-dễ-hiểu-giải-pháp-sáng-tạo
1632,3,Tang 3 profile_Submissions,https://abcblogdirectory.com/listings1200257/dựng-băng-rôn-cờ-phướn-cách-thức-chi-tiết-Ý-tưởng-sáng-tạo
1633,3,Tang 3 profile_Submissions,https://phrasedirectory.com/listings13726387/treo-pa-nen-cờ-phướn-cách-thức-chi-tiết-Ý-tưởng-sáng-tạo
1634,3,Tang 3 profile_Submissions,https://directory-url.com/listings13733526/treo-băng-rôn-cờ-phướn-hướng-dẫn-chi-tiết-Ý-tưởng-sáng-tạo
1635,3,Tang 3 profile_Submissions,https://directoryserp.com/listings13734355/treo-pa-nen-lăng-Động-phướn-hướng-dẫn-dễ-hiểu-Ý-tưởng-sáng-tạo
1636,3,Tang 3 profile_Submissions,https://directorypixels.com/listings13763461/dựng-băng-rôn-cờ-phướn-cách-thức-dễ-hiểu-Ý-tưởng-Độc-Đáo
1637,3,Tang 3 profile_Submissions,https://famous-directory.com/listings13711540/dựng-băng-rôn-cờ-phướn-cách-thức-dễ-hiểu-giải-pháp-Độc-Đáo
1638,3,Tang 3 profile_Submissions,https://begindirectory.com/listings13739392/treo-băng-rôn-cờ-phướn-cách-thức-chi-tiết-giải-pháp-Độc-Đáo
1639,3,Tang 3 profile_Submissions,https://directoryrecap.com/listings13721283/treo-pa-nen-cờ-phướn-hướng-dẫn-dễ-hiểu-giải-pháp-sáng-tạo
1640,3,Tang 3 profile_Submissions,https://cypriotdirectory.com/listings13742478/treo-băng-rôn-cờ-phướn-cách-thức-chi-tiết-giải-pháp-sáng-tạo
1641,3,Tang 3 profile_Submissions,https://cool-directory.com/listings1268918/dựng-băng-rôn-cờ-phướn-cách-thức-chi-tiết-giải-pháp-Độc-Đáo
1642,3,Tang 3 profile_Submissions,https://oxodirectory.com/listings13712483/dựng-băng-rôn-cờ-phướn-cách-thức-chi-tiết-giải-pháp-Độc-Đáo
1643,3,Tang 3 profile_Submissions,https://cbpsdirectory.com/listings1242630/treo-băng-rôn-cờ-phướn-cách-thức-dễ-hiểu-Ý-tưởng-sáng-tạo
1644,3,Tang 3 profile_Submissions,https://isitedirectory.com/listings13720801/treo-pa-nen-cờ-phướn-hướng-dẫn-chi-tiết-Ý-tưởng-sáng-tạo
1645,3,Tang 3 profile_Submissions,https://directoryorg.com/listings13717123/treo-pa-nen-lăng-Động-phướn-cách-thức-dễ-hiểu-giải-pháp-sáng-tạo
1646,3,Tang 3 profile_Submissions,https://directoryprice.com/listings1227723/treo-băng-rôn-cờ-phướn-cách-thức-dễ-hiểu-Ý-tưởng-sáng-tạo
1647,3,Tang 3 profile_Submissions,https://bizdirectoryinfo.com/listings13718673/dựng-băng-rôn-cờ-phướn-hướng-dẫn-chi-tiết-giải-pháp-sáng-tạo
1648,3,Tang 3 profile_Submissions,https://getmedirectory.com/listings13720079/treo-pa-nen-cờ-phướn-cách-thức-chi-tiết-Ý-tưởng-Độc-Đáo
1649,3,Tang 3 profile_Submissions,https://tops-directory.com/listings13710401/treo-băng-rôn-cờ-phướn-cách-thức-chi-tiết-giải-pháp-Độc-Đáo
1650,3,Tang 3 profile_Submissions,https://directorytome.com/listings13722532/treo-pa-nen-cờ-phướn-hướng-dẫn-chi-tiết-Ý-tưởng-Độc-Đáo
1651,3,Tang 3 profile_Submissions,https://pulsardirectory.com/listings13721997/treo-băng-rôn-cờ-phướn-hướng-dẫn-chi-tiết-Ý-tưởng-sáng-tạo
1652,3,Tang 3 profile_Submissions,https://afundirectory.com/listings13720868/treo-băng-rôn-lăng-Động-phướn-cách-thức-chi-tiết-giải-pháp-Độc-Đáo
1653,3,Tang 3 profile_Submissions,https://a-listdirectory.com/listings13723850/treo-băng-rôn-cờ-phướn-cách-thức-dễ-hiểu-giải-pháp-sáng-tạo
1654,3,Tang 3 profile_Submissions,https://oncedirectory.com/listings13713905/treo-băng-rôn-cờ-phướn-hướng-dẫn-dễ-hiểu-Ý-tưởng-sáng-tạo
1655,3,Tang 3 profile_Submissions,https://yeepdirectory.com/listings13715619/dựng-băng-rôn-cờ-phướn-cách-thức-dễ-hiểu-Ý-tưởng-sáng-tạo
1656,3,Tang 3 profile_Submissions,https://triplexdirectory.com/listings13702717/treo-băng-rôn-cờ-phướn-cách-thức-dễ-hiểu-giải-pháp-Độc-Đáo
1657,3,Tang 3 profile_Submissions,https://tools-directory.com/listings1212903/treo-pa-nen-lăng-Động-phướn-hướng-dẫn-dễ-hiểu-giải-pháp-sáng-tạo
1658,3,Tang 3 profile_Submissions,https://prxdirectory.com/listings13712504/treo-băng-rôn-cờ-phướn-cách-thức-chi-tiết-giải-pháp-Độc-Đáo
1659,3,Tang 3 profile_Submissions,https://2020-directory.com/listings13704622/treo-băng-rôn-lăng-Động-phướn-hướng-dẫn-chi-tiết-Ý-tưởng-sáng-tạo
1660,3,Tang 3 profile_Submissions,https://neptunedirectory.com/listings13715509/treo-pa-nen-cờ-phướn-hướng-dẫn-chi-tiết-Ý-tưởng-sáng-tạo
1661,3,Tang 3 profile_Submissions,https://thedeepdirectory.com/listings13711483/dựng-băng-rôn-cờ-phướn-hướng-dẫn-dễ-hiểu-giải-pháp-Độc-Đáo
1662,3,Tang 3 profile_Submissions,https://sectordirectory.com/listings1215892/treo-băng-rôn-cờ-phướn-cách-thức-chi-tiết-Ý-tưởng-Độc-Đáo
1663,3,Tang 3 profile_Submissions,https://ontopicdirectory.com/listings13713932/treo-băng-rôn-cờ-phướn-hướng-dẫn-dễ-hiểu-giải-pháp-sáng-tạo
1664,3,Tang 3 profile_Submissions,https://topdirectory1.com/listings13710808/treo-băng-rôn-cờ-phướn-cách-thức-dễ-hiểu-giải-pháp-sáng-tạo
1665,3,Tang 3 profile_Submissions,https://new-webdirectory.com/listings13707166/treo-pa-nen-cờ-phướn-hướng-dẫn-dễ-hiểu-giải-pháp-Độc-Đáo
1666,3,Tang 3 profile_Submissions,https://directoryethics.com/listings13717088/dựng-băng-rôn-cờ-phướn-hướng-dẫn-dễ-hiểu-Ý-tưởng-sáng-tạo
1667,3,Tang 3 profile_Submissions,https://oteldirectory.com/listings13705956/dựng-băng-rôn-cờ-phướn-hướng-dẫn-chi-tiết-Ý-tưởng-Độc-Đáo
1668,3,Tang 3 profile_Submissions,https://leedirectory.com/listings13711146/dựng-băng-rôn-cờ-phướn-cách-thức-dễ-hiểu-Ý-tưởng-Độc-Đáo
1669,3,Tang 3 profile_Submissions,https://simbadirectory.com/listings13701791/treo-băng-rôn-cờ-phướn-hướng-dẫn-chi-tiết-Ý-tưởng-Độc-Đáo
1670,3,Tang 3 profile_Submissions,https://aglocodirectory.com/listings13707486/treo-pa-nen-cờ-phướn-hướng-dẫn-chi-tiết-Ý-tưởng-sáng-tạo
1671,3,Tang 3 profile_Submissions,https://zed-directory.com/listings13698405/treo-pa-nen-cờ-phướn-hướng-dẫn-chi-tiết-Ý-tưởng-Độc-Đáo
1672,3,Tang 3 profile_Submissions,https://directory-b.com/listings13712141/treo-băng-rôn-cờ-phướn-hướng-dẫn-dễ-hiểu-giải-pháp-Độc-Đáo
1673,3,Tang 3 profile_Submissions,https://99webdirectory.com/listings13707892/treo-băng-rôn-cờ-phướn-hướng-dẫn-chi-tiết-Ý-tưởng-Độc-Đáo
1674,3,Tang 3 profile_Submissions,https://lifesdirectory.com/listings13705364/dựng-băng-rôn-cờ-phướn-hướng-dẫn-dễ-hiểu-Ý-tưởng-Độc-Đáo
1675,3,Tang 3 profile_Submissions,https://problogdirectory.com/listings13707606/treo-băng-rôn-cờ-phướn-hướng-dẫn-chi-tiết-Ý-tưởng-sáng-tạo
1676,3,Tang 3 profile_Submissions,https://webtalkdirectory.com/listings13714425/treo-băng-rôn-cờ-phướn-cách-thức-chi-tiết-Ý-tưởng-sáng-tạo
1677,3,Tang 3 profile_Submissions,https://bentdirectory.com/listings13716952/treo-pa-nen-cờ-phướn-cách-thức-chi-tiết-giải-pháp-Độc-Đáo
1678,3,Tang 3 profile_Submissions,https://mydirectorys.com/listings13701019/treo-pa-nen-cờ-phướn-hướng-dẫn-chi-tiết-Ý-tưởng-Độc-Đáo
1679,3,Tang 3 profile_Submissions,https://directoryweburl.com/listings13701956/treo-băng-rôn-cờ-phướn-cách-thức-chi-tiết-Ý-tưởng-Độc-Đáo
1680,3,Tang 3 profile_Submissions,https://directorywidzard.com/listings13709218/treo-băng-rôn-cờ-phướn-hướng-dẫn-dễ-hiểu-giải-pháp-Độc-Đáo
1681,3,Tang 3 profile_Submissions,https://serpsdirectory.com/listings13706256/treo-băng-rôn-cờ-phướn-cách-thức-dễ-hiểu-Ý-tưởng-Độc-Đáo
1682,3,Tang 3 profile_Submissions,https://deepodirectory.com/listings13705361/treo-băng-rôn-cờ-phướn-hướng-dẫn-dễ-hiểu-Ý-tưởng-sáng-tạo
1683,3,Tang 3 profile_Submissions,https://adirectoryplace.com/listings13711078/treo-pa-nen-cờ-phướn-cách-thức-chi-tiết-Ý-tưởng-sáng-tạo
1684,3,Tang 3 profile_Submissions,https://en-web-directory.com/listings13702834/dựng-băng-rôn-cờ-phướn-cách-thức-chi-tiết-Ý-tưởng-sáng-tạo
1685,3,Tang 3 profile_Submissions,https://usanetdirectory.com/listings13708662/treo-pa-nen-cờ-phướn-hướng-dẫn-dễ-hiểu-giải-pháp-Độc-Đáo
1686,3,Tang 3 profile_Submissions,https://viewsdirectory.com/listings13688453/treo-pa-nen-cờ-phướn-hướng-dẫn-dễ-hiểu-Ý-tưởng-Độc-Đáo
1687,3,Tang 3 profile_Submissions,https://directoryfrenzy.com/listings13642398/dựng-băng-rôn-lăng-Động-phướn-hướng-dẫn-chi-tiết-Ý-tưởng-sáng-tạo
1688,3,Tang 3 profile_Submissions,https://gen-directory.com/listings13694937/treo-pa-nen-lăng-Động-phướn-hướng-dẫn-chi-tiết-giải-pháp-Độc-Đáo
1689,3,Tang 3 profile_Submissions,https://addurl-directory.com/listings13714467/treo-băng-rôn-lăng-Động-phướn-hướng-dẫn-dễ-hiểu-Ý-tưởng-Độc-Đáo
1690,3,Tang 3 profile_Submissions,https://e-web-directory.com/listings13697365/treo-pa-nen-cờ-phướn-hướng-dẫn-dễ-hiểu-Ý-tưởng-sáng-tạo
1691,3,Tang 3 profile_Submissions,https://a-z-directory.com/listings13705766/treo-pa-nen-cờ-phướn-hướng-dẫn-chi-tiết-giải-pháp-sáng-tạo
1692,3,Tang 3 profile_Submissions,https://feeldirectory.com/listings13700253/dựng-băng-rôn-lăng-Động-phướn-hướng-dẫn-dễ-hiểu-giải-pháp-Độc-Đáo
1693,3,Tang 3 profile_Submissions,https://webdirectoryone.com/listings13703249/treo-băng-rôn-cờ-phướn-hướng-dẫn-chi-tiết-Ý-tưởng-Độc-Đáo
1694,3,Tang 3 profile_Submissions,https://1stlinkdirectory.com/listings13712871/treo-pa-nen-cờ-phướn-hướng-dẫn-chi-tiết-Ý-tưởng-Độc-Đáo
1695,3,Tang 3 profile_Submissions,https://orange-directory.com/listings13701205/dựng-băng-rôn-cờ-phướn-cách-thức-dễ-hiểu-Ý-tưởng-sáng-tạo
1696,3,Tang 3 profile_Submissions,https://directory-legit.com/listings13718582/treo-băng-rôn-lăng-Động-phướn-cách-thức-chi-tiết-Ý-tưởng-Độc-Đáo
1697,3,Tang 3 profile_Submissions,https://thedirectoryblog.com/listings13699245/dựng-băng-rôn-cờ-phướn-hướng-dẫn-dễ-hiểu-Ý-tưởng-Độc-Đáo
1698,3,Tang 3 profile_Submissions,https://directory-king.com/listings13699557/treo-pa-nen-cờ-phướn-cách-thức-dễ-hiểu-Ý-tưởng-Độc-Đáo
1699,3,Tang 3 profile_Submissions,https://mynichedirectory.com/listings13695880/dựng-băng-rôn-cờ-phướn-hướng-dẫn-chi-tiết-Ý-tưởng-sáng-tạo
1700,3,Tang 3 profile_Submissions,https://stayindirectory.com/listings13703478/treo-băng-rôn-cờ-phướn-cách-thức-chi-tiết-giải-pháp-Độc-Đáo
1701,3,Tang 3 profile_Submissions,https://directoryforrank.com/listings13708342/treo-băng-rôn-cờ-phướn-hướng-dẫn-chi-tiết-giải-pháp-sáng-tạo
1702,3,Tang 3 profile_Submissions,https://pasteldirectory.com/listings13701741/treo-pa-nen-cờ-phướn-hướng-dẫn-chi-tiết-Ý-tưởng-Độc-Đáo
1703,3,Tang 3 profile_Submissions,https://real-directory.com/listings13700756/treo-pa-nen-cờ-phướn-cách-thức-chi-tiết-giải-pháp-Độc-Đáo
1704,3,Tang 3 profile_Submissions,https://okaydirectory.com/listings13701691/treo-băng-rôn-cờ-phướn-hướng-dẫn-chi-tiết-Ý-tưởng-sáng-tạo
1705,3,Tang 3 profile_Submissions,https://zozodirectory.com/listings13707586/treo-băng-rôn-cờ-phướn-hướng-dẫn-chi-tiết-Ý-tưởng-Độc-Đáo
1706,3,Tang 3 profile_Submissions,https://webtechdirectory.com/listings13698569/treo-pa-nen-cờ-phướn-hướng-dẫn-dễ-hiểu-Ý-tưởng-sáng-tạo
1707,3,Tang 3 profile_Submissions,https://directoryquick.com/listings13699902/dựng-băng-rôn-lăng-Động-phướn-cách-thức-dễ-hiểu-Ý-tưởng-Độc-Đáo
1708,3,Tang 3 profile_Submissions,https://seozdirectory.com/listings13696459/treo-băng-rôn-lăng-Động-phướn-hướng-dẫn-chi-tiết-giải-pháp-sáng-tạo
1709,3,Tang 3 profile_Submissions,https://seeyoudirectory.com/listings13693479/treo-pa-nen-cờ-phướn-cách-thức-chi-tiết-Ý-tưởng-Độc-Đáo
1710,3,Tang 3 profile_Submissions,https://glowingdirectory.com/listings13697038/dựng-băng-rôn-cờ-phướn-cách-thức-chi-tiết-giải-pháp-Độc-Đáo
1711,3,Tang 3 profile_Submissions,https://dotcom-directory.com/listings13704743/treo-băng-rôn-cờ-phướn-hướng-dẫn-chi-tiết-giải-pháp-sáng-tạo
1712,3,Tang 3 profile_Submissions,https://yourtopdirectory.com/listings13701544/treo-băng-rôn-cờ-phướn-cách-thức-dễ-hiểu-Ý-tưởng-sáng-tạo
1713,3,Tang 3 profile_Submissions,https://links2directory.com/listings13699073/treo-pa-nen-cờ-phướn-cách-thức-dễ-hiểu-giải-pháp-sáng-tạo
1714,3,Tang 3 profile_Submissions,https://directoryindexer.com/listings13696881/dựng-băng-rôn-cờ-phướn-hướng-dẫn-chi-tiết-giải-pháp-sáng-tạo
1715,3,Tang 3 profile_Submissions,https://mydirectoryspace.com/listings13694243/dựng-băng-rôn-cờ-phướn-hướng-dẫn-dễ-hiểu-giải-pháp-sáng-tạo
1716,3,Tang 3 profile_Submissions,https://ezylinkdirectory.com/listings13703799/dựng-băng-rôn-cờ-phướn-hướng-dẫn-chi-tiết-Ý-tưởng-sáng-tạo
1717,3,Tang 3 profile_Submissions,https://nerodirectory.com/listings13703293/treo-pa-nen-cờ-phướn-hướng-dẫn-dễ-hiểu-giải-pháp-Độc-Đáo
1718,3,Tang 3 profile_Submissions,https://freeurldirectory.com/listings13696434/dựng-băng-rôn-lăng-Động-phướn-hướng-dẫn-chi-tiết-giải-pháp-sáng-tạo
1719,3,Tang 3 profile_Submissions,https://vip-directory.com/listings13697695/treo-băng-rôn-cờ-phướn-hướng-dẫn-chi-tiết-Ý-tưởng-Độc-Đáo
1720,3,Tang 3 profile_Submissions,https://123-directory.com/listings13710098/treo-pa-nen-cờ-phướn-hướng-dẫn-chi-tiết-giải-pháp-Độc-Đáo
1721,3,Tang 3 profile_Submissions,https://topazdirectory.com/listings13681483/treo-pa-nen-lăng-Động-phướn-hướng-dẫn-chi-tiết-Ý-tưởng-sáng-tạo
1722,3,Tang 3 profile_Submissions,https://theidirectory.com/listings13688761/treo-băng-rôn-cờ-phướn-hướng-dẫn-chi-tiết-Ý-tưởng-sáng-tạo
1723,3,Tang 3 profile_Submissions,https://lifewebdirectory.com/listings13698849/dựng-băng-rôn-cờ-phướn-hướng-dẫn-chi-tiết-giải-pháp-sáng-tạo
1724,3,Tang 3 profile_Submissions,https://britedirectory.com/listings13704158/treo-pa-nen-cờ-phướn-cách-thức-dễ-hiểu-giải-pháp-Độc-Đáo
1725,3,Tang 3 profile_Submissions,https://e-directory2u.com/listings13685580/dựng-băng-rôn-cờ-phướn-hướng-dẫn-dễ-hiểu-giải-pháp-Độc-Đáo
1726,3,Tang 3 profile_Submissions,https://directoryhand.com/listings13702356/treo-băng-rôn-cờ-phướn-hướng-dẫn-chi-tiết-Ý-tưởng-sáng-tạo
1727,3,Tang 3 profile_Submissions,https://vital-directory.com/listings13698659/dựng-băng-rôn-lăng-Động-phướn-cách-thức-dễ-hiểu-giải-pháp-sáng-tạo
1728,3,Tang 3 profile_Submissions,https://forum-directory.com/listings13698460/treo-pa-nen-lăng-Động-phướn-hướng-dẫn-chi-tiết-Ý-tưởng-Độc-Đáo
1729,3,Tang 3 profile_Submissions,https://defaultdirectory.com/listings13704204/dựng-băng-rôn-lăng-Động-phướn-hướng-dẫn-dễ-hiểu-giải-pháp-Độc-Đáo
1730,3,Tang 3 profile_Submissions,https://directory-cube.com/listings13695256/treo-pa-nen-cờ-phướn-hướng-dẫn-chi-tiết-giải-pháp-Độc-Đáo
1731,3,Tang 3 profile_Submissions,https://directoryarmy.com/listings13711190/dựng-băng-rôn-cờ-phướn-cách-thức-chi-tiết-giải-pháp-sáng-tạo
1732,3,Tang 3 profile_Submissions,https://directorylinks2u.com/listings13701889/treo-pa-nen-cờ-phướn-hướng-dẫn-dễ-hiểu-Ý-tưởng-Độc-Đáo
1733,3,Tang 3 profile_Submissions,https://seodirectoryseek.com/listings13698787/dựng-băng-rôn-lăng-Động-phướn-hướng-dẫn-dễ-hiểu-giải-pháp-sáng-tạo
1734,3,Tang 3 profile_Submissions,https://directory4web.com/listings13708482/dựng-băng-rôn-cờ-phướn-hướng-dẫn-chi-tiết-giải-pháp-sáng-tạo
1735,3,Tang 3 profile_Submissions,https://vietbizdirectory.com/listings13689597/treo-băng-rôn-lăng-Động-phướn-hướng-dẫn-chi-tiết-giải-pháp-sáng-tạo
1736,3,Tang 3 profile_Submissions,https://directory4search.com/listings13723571/dựng-băng-rôn-cờ-phướn-cách-thức-chi-tiết-giải-pháp-Độc-Đáo
1737,3,Tang 3 profile_Submissions,https://seo-webdirectory.com/listings13695286/treo-pa-nen-cờ-phướn-hướng-dẫn-dễ-hiểu-giải-pháp-sáng-tạo
1738,3,Tang 3 profile_Submissions,https://directory-farm.com/listings13710456/dựng-băng-rôn-cờ-phướn-cách-thức-dễ-hiểu-giải-pháp-sáng-tạo
1739,3,Tang 3 profile_Submissions,https://mondaydirectory.com/listings13694994/treo-băng-rôn-cờ-phướn-cách-thức-dễ-hiểu-Ý-tưởng-Độc-Đáo
1740,3,Tang 3 profile_Submissions,https://directoryvenom.com/listings13692809/dựng-băng-rôn-cờ-phướn-cách-thức-dễ-hiểu-giải-pháp-sáng-tạo
1741,3,Tang 3 profile_Submissions,https://24by7directory.com/listings13703736/dựng-băng-rôn-lăng-Động-phướn-cách-thức-dễ-hiểu-giải-pháp-sáng-tạo
1742,3,Tang 3 profile_Submissions,https://directoryreactor.com/listings13720924/treo-băng-rôn-lăng-Động-phướn-hướng-dẫn-dễ-hiểu-Ý-tưởng-sáng-tạo
1743,3,Tang 3 profile_Submissions,https://1-webdirectory.com/listings13707170/dựng-băng-rôn-lăng-Động-phướn-cách-thức-dễ-hiểu-Ý-tưởng-Độc-Đáo
1744,3,Tang 3 profile_Submissions,https://directory-daddy.com/listings13706058/treo-băng-rôn-lăng-Động-phướn-hướng-dẫn-dễ-hiểu-Ý-tưởng-sáng-tạo
1745,3,Tang 3 profile_Submissions,https://directoryforever.com/listings13692861/dựng-băng-rôn-lăng-Động-phướn-hướng-dẫn-chi-tiết-giải-pháp-sáng-tạo
1746,3,Tang 3 profile_Submissions,https://directorypile.com/listings13694308/treo-băng-rôn-cờ-phướn-hướng-dẫn-chi-tiết-giải-pháp-sáng-tạo
1747,3,Tang 3 profile_Submissions,https://directoryglobals.com/listings13722188/treo-pa-nen-lăng-Động-phướn-hướng-dẫn-chi-tiết-Ý-tưởng-Độc-Đáo
1748,3,Tang 3 profile_Submissions,https://netwebdirectory.com/listings13697917/dựng-băng-rôn-lăng-Động-phướn-cách-thức-chi-tiết-Ý-tưởng-Độc-Đáo
1749,3,Tang 3 profile_Submissions,https://freedirectorynow.com/listings13696403/treo-pa-nen-lăng-Động-phướn-hướng-dẫn-dễ-hiểu-Ý-tưởng-sáng-tạo
1750,3,Tang 3 profile_Submissions,https://coolbizdirectory.com/listings13699447/treo-băng-rôn-lăng-Động-phướn-hướng-dẫn-dễ-hiểu-Ý-tưởng-Độc-Đáo
1751,3,Tang 3 profile_Submissions,https://goto-directory.com/listings13689345/treo-pa-nen-cờ-phướn-hướng-dẫn-chi-tiết-Ý-tưởng-sáng-tạo
1752,3,Tang 3 profile_Submissions,https://seodirectory4u.com/listings13692937/treo-băng-rôn-lăng-Động-phướn-cách-thức-chi-tiết-Ý-tưởng-Độc-Đáo
1753,3,Tang 3 profile_Submissions,https://directory-engine.com/listings13698716/dựng-băng-rôn-lăng-Động-phướn-hướng-dẫn-dễ-hiểu-Ý-tưởng-sáng-tạo
1754,3,Tang 3 profile_Submissions,https://iseodirectory.com/listings13683908/treo-băng-rôn-cờ-phướn-hướng-dẫn-chi-tiết-Ý-tưởng-Độc-Đáo
1755,3,Tang 3 profile_Submissions,https://phase2directory.com/listings13691827/treo-pa-nen-cờ-phướn-cách-thức-chi-tiết-Ý-tưởng-Độc-Đáo
1756,3,Tang 3 profile_Submissions,https://directoryunit.com/listings13700842/treo-pa-nen-cờ-phướn-cách-thức-chi-tiết-Ý-tưởng-sáng-tạo
1757,3,Tang 3 profile_Submissions,https://magnetdirectory.com/listings13687169/dựng-băng-rôn-cờ-phướn-cách-thức-dễ-hiểu-Ý-tưởng-Độc-Đáo
1758,3,Tang 3 profile_Submissions,https://freedirectory4u.com/listings13696205/treo-pa-nen-cờ-phướn-cách-thức-chi-tiết-Ý-tưởng-sáng-tạo
1759,3,Tang 3 profile_Submissions,https://directory-expert.com/listings13681505/treo-băng-rôn-cờ-phướn-cách-thức-dễ-hiểu-giải-pháp-Độc-Đáo
1760,3,Tang 3 profile_Submissions,https://http-directory.com/listings13699037/dựng-băng-rôn-cờ-phướn-cách-thức-dễ-hiểu-giải-pháp-Độc-Đáo
1761,3,Tang 3 profile_Submissions,https://webdirectory7.com/listings13691958/treo-pa-nen-cờ-phướn-hướng-dẫn-dễ-hiểu-giải-pháp-Độc-Đáo
1762,3,Tang 3 profile_Submissions,https://superdirectorys.com/listings13689637/treo-băng-rôn-cờ-phướn-cách-thức-chi-tiết-Ý-tưởng-Độc-Đáo
1763,3,Tang 3 profile_Submissions,https://webnamedirectory.com/listings13687926/dựng-băng-rôn-cờ-phướn-hướng-dẫn-dễ-hiểu-giải-pháp-Độc-Đáo
1764,3,Tang 3 profile_Submissions,https://gratis-directory.com/listings13691248/dựng-băng-rôn-cờ-phướn-hướng-dẫn-chi-tiết-giải-pháp-Độc-Đáo
1765,3,Tang 3 profile_Submissions,https://seek-directory.com/listings13691811/treo-pa-nen-cờ-phướn-hướng-dẫn-dễ-hiểu-giải-pháp-sáng-tạo
1766,3,Tang 3 profile_Submissions,https://linkdirectorynet.com/listings13710821/dựng-băng-rôn-cờ-phướn-cách-thức-dễ-hiểu-Ý-tưởng-Độc-Đáo
1767,3,Tang 3 profile_Submissions,https://lombok-directory.com/listings13689475/dựng-băng-rôn-cờ-phướn-cách-thức-dễ-hiểu-Ý-tưởng-Độc-Đáo
1768,3,Tang 3 profile_Submissions,https://zeedirectory.com/listings13689227/treo-pa-nen-cờ-phướn-hướng-dẫn-chi-tiết-giải-pháp-sáng-tạo
1769,3,Tang 3 profile_Submissions,https://directoryark.com/listings13693368/treo-băng-rôn-cờ-phướn-hướng-dẫn-dễ-hiểu-Ý-tưởng-Độc-Đáo
1770,3,Tang 3 profile_Submissions,https://pageupdirectory.com/listings13689378/treo-băng-rôn-cờ-phướn-cách-thức-dễ-hiểu-Ý-tưởng-sáng-tạo
1771,3,Tang 3 profile_Submissions,https://directory-star.com/listings13689135/treo-băng-rôn-cờ-phướn-hướng-dẫn-chi-tiết-Ý-tưởng-sáng-tạo
1772,3,Tang 3 profile_Submissions,https://directory-store.com/listings13691637/treo-pa-nen-lăng-Động-phướn-hướng-dẫn-dễ-hiểu-giải-pháp-Độc-Đáo
1773,3,Tang 3 profile_Submissions,https://thetopdirectory.com/listings13688046/treo-pa-nen-cờ-phướn-cách-thức-dễ-hiểu-Ý-tưởng-sáng-tạo
1774,3,Tang 3 profile_Submissions,https://sweet-directory.com/listings13694098/treo-pa-nen-cờ-phướn-hướng-dẫn-chi-tiết-Ý-tưởng-sáng-tạo
1775,3,Tang 3 profile_Submissions,https://webtagdirectory.com/listings13691192/treo-băng-rôn-cờ-phướn-cách-thức-dễ-hiểu-giải-pháp-Độc-Đáo
1776,3,Tang 3 profile_Submissions,https://directory-webs.com/listings13692240/treo-băng-rôn-cờ-phướn-hướng-dẫn-chi-tiết-giải-pháp-Độc-Đáo
1777,3,Tang 3 profile_Submissions,https://shopwebdirectory.com/listings13690732/dựng-băng-rôn-cờ-phướn-hướng-dẫn-dễ-hiểu-giải-pháp-Độc-Đáo
1778,3,Tang 3 profile_Submissions,https://large-directory.com/listings13690150/treo-băng-rôn-cờ-phướn-cách-thức-dễ-hiểu-Ý-tưởng-sáng-tạo
1779,3,Tang 3 profile_Submissions,https://webdirectory777.com/listings13672933/dựng-băng-rôn-cờ-phướn-cách-thức-chi-tiết-giải-pháp-sáng-tạo
1780,3,Tang 3 profile_Submissions,https://web-directory4.com/listings13666241/dựng-băng-rôn-cờ-phướn-cách-thức-chi-tiết-giải-pháp-sáng-tạo
1781,3,Tang 3 profile_Submissions,https://ukdirectorylist.com/listings13688145/treo-pa-nen-cờ-phướn-cách-thức-chi-tiết-Ý-tưởng-Độc-Đáo
1782,3,Tang 3 profile_Submissions,https://studio-directory.com/listings13689483/treo-băng-rôn-cờ-phướn-hướng-dẫn-dễ-hiểu-giải-pháp-sáng-tạo
1783,3,Tang 3 profile_Submissions,https://base-directory.com/listings13695607/dựng-băng-rôn-cờ-phướn-cách-thức-chi-tiết-Ý-tưởng-sáng-tạo
1784,3,Tang 3 profile_Submissions,https://ourbigdirectory.com/listings13688211/dựng-băng-rôn-cờ-phướn-cách-thức-dễ-hiểu-Ý-tưởng-sáng-tạo
1785,3,Tang 3 profile_Submissions,https://thetopsdirectory.com/listings13683694/treo-pa-nen-lăng-Động-phướn-hướng-dẫn-chi-tiết-giải-pháp-Độc-Đáo
1786,4,Tang 4_Blog Comment,https://treo-c-phn535722.mybloggertrick.com/519077/dựng-băng-rôn-cờ-phướn-cách-thức-dễ-hiểu-giải-pháp-Độc-Đáo
1787,4,Tang 4_Blog Comment,https://treocphn359731.my21blog.com/519367/treo-pa-nen-cờ-phướn-cách-thức-chi-tiết-giải-pháp-Độc-Đáo
1788,4,Tang 4_Blog Comment,https://treocphn546374.blogfrogs.com/522086/dựng-băng-rôn-cờ-phướn-hướng-dẫn-chi-tiết-Ý-tưởng-sáng-tạo
1789,4,Tang 4_Blog Comment,https://treocphn978915.polarisnewsblog.com/519118/treo-băng-rôn-cờ-phướn-hướng-dẫn-dễ-hiểu-giải-pháp-Độc-Đáo
1790,4,Tang 4_Blog Comment,https://treocphn783283.blogdeport.com/522313/treo-pa-nen-cờ-phướn-hướng-dẫn-dễ-hiểu-Ý-tưởng-Độc-Đáo
1791,4,Tang 4_Blog Comment,https://treocphn527116.blog226.com/510213/dựng-băng-rôn-cờ-phướn-cách-thức-chi-tiết-Ý-tưởng-Độc-Đáo
1792,4,Tang 4_Blog Comment,https://treo-c-phn614965.greenviewblog.com/518802/treo-pa-nen-cờ-phướn-cách-thức-chi-tiết-Ý-tưởng-Độc-Đáo
1793,4,Tang 4_Blog Comment,https://treo-bng-rn672939.2blogspot.com/510277/dựng-băng-rôn-cờ-phướn-hướng-dẫn-dễ-hiểu-Ý-tưởng-Độc-Đáo
1794,4,Tang 4_Blog Comment,https://treocphn837935.bestblogskill.com/521893/treo-băng-rôn-lăng-Động-phướn-cách-thức-chi-tiết-Ý-tưởng-sáng-tạo
1795,4,Tang 4_Blog Comment,https://treobngrn491448.thebegoodblog.com/519046/treo-pa-nen-cờ-phướn-hướng-dẫn-dễ-hiểu-Ý-tưởng-Độc-Đáo
1796,4,Tang 4_Blog Comment,https://treo-bng-rn659319.toki-blog.com/518880/treo-pa-nen-cờ-phướn-hướng-dẫn-dễ-hiểu-Ý-tưởng-Độc-Đáo
1797,4,Tang 4_Blog Comment,https://treo-c-phn901640.rider-blog.com/510289/dựng-băng-rôn-lăng-Động-phướn-hướng-dẫn-chi-tiết-Ý-tưởng-sáng-tạo
1798,4,Tang 4_Blog Comment,https://treocphn130550.joblog-life.com/519127/treo-pa-nen-cờ-phướn-cách-thức-chi-tiết-giải-pháp-Độc-Đáo
1799,4,Tang 4_Blog Comment,https://treo-bng-rn676662.bloggerpal.com/522101/treo-băng-rôn-cờ-phướn-hướng-dẫn-dễ-hiểu-Ý-tưởng-sáng-tạo
1800,4,Tang 4_Blog Comment,https://treo-c-phn842248.attorneysblog.com/522155/treo-pa-nen-cờ-phướn-cách-thức-chi-tiết-giải-pháp-Độc-Đáo
1801,4,Tang 4_Blog Comment,https://treo-bng-rn448164.thehighlifeblog.com/510316/dựng-băng-rôn-cờ-phướn-cách-thức-dễ-hiểu-Ý-tưởng-Độc-Đáo
1802,4,Tang 4_Blog Comment,https://treocphn009270.realstoriesblog.com/518905/treo-băng-rôn-cờ-phướn-hướng-dẫn-chi-tiết-Ý-tưởng-sáng-tạo
1803,4,Tang 4_Blog Comment,https://treo-c-phn855933.theroseblog.com/518795/treo-băng-rôn-cờ-phướn-cách-thức-chi-tiết-giải-pháp-sáng-tạo
1804,4,Tang 4_Blog Comment,https://treo-bng-rn026448.blogthisthat.com/519306/treo-băng-rôn-lăng-Động-phướn-hướng-dẫn-dễ-hiểu-giải-pháp-Độc-Đáo
1805,4,Tang 4_Blog Comment,https://treocphn612991.remotelifeblog.com/519367/treo-pa-nen-cờ-phướn-hướng-dẫn-chi-tiết-Ý-tưởng-sáng-tạo
1806,4,Tang 4_Blog Comment,https://treo-c-phn918221.infoblog24.com/519088/dựng-băng-rôn-cờ-phướn-cách-thức-chi-tiết-giải-pháp-sáng-tạo
1807,4,Tang 4_Blog Comment,https://treocphn779100.blog4game.com/510349/dựng-băng-rôn-lăng-Động-phướn-hướng-dẫn-chi-tiết-Ý-tưởng-sáng-tạo
1808,4,Tang 4_Blog Comment,https://treocphn394492.blogmomo.com/519321/treo-pa-nen-lăng-Động-phướn-hướng-dẫn-chi-tiết-giải-pháp-sáng-tạo
1809,4,Tang 4_Blog Comment,https://treobngrn920244.justblogstop.com/510407/treo-pa-nen-cờ-phướn-cách-thức-chi-tiết-Ý-tưởng-Độc-Đáo
1810,4,Tang 4_Blog Comment,https://treo-c-phn820826.kisa-blog.com/519175/treo-pa-nen-cờ-phướn-hướng-dẫn-dễ-hiểu-giải-pháp-sáng-tạo
1811,4,Tang 4_Blog Comment,https://treobngrn500368.taletrueblog.com/519104/treo-băng-rôn-lăng-Động-phướn-hướng-dẫn-dễ-hiểu-giải-pháp-Độc-Đáo
1812,4,Tang 4_Blog Comment,https://treocphn959873.keepwritingblog.com/510414/dựng-băng-rôn-cờ-phướn-hướng-dẫn-dễ-hiểu-Ý-tưởng-Độc-Đáo
1813,4,Tang 4_Blog Comment,https://treo-bng-rn842108.toto-blog.com/510436/treo-pa-nen-cờ-phướn-cách-thức-dễ-hiểu-Ý-tưởng-Độc-Đáo
1814,4,Tang 4_Blog Comment,https://treobngrn211243.mansionsblog.com/510372/treo-băng-rôn-cờ-phướn-hướng-dẫn-chi-tiết-Ý-tưởng-sáng-tạo
1815,4,Tang 4_Blog Comment,https://treo-bng-rn790527.thunkblog.com/519306/treo-băng-rôn-cờ-phướn-hướng-dẫn-dễ-hiểu-giải-pháp-sáng-tạo
1816,4,Tang 4_Blog Comment,https://treocphn266290.realblogstories.com/519290/treo-pa-nen-cờ-phướn-hướng-dẫn-dễ-hiểu-giải-pháp-Độc-Đáo
1817,4,Tang 4_Blog Comment,https://treo-bng-rn828891.reflectblog.com/519222/treo-pa-nen-cờ-phướn-hướng-dẫn-dễ-hiểu-giải-pháp-Độc-Đáo
1818,4,Tang 4_Blog Comment,https://treo-c-phn740482.blogtecnos.com/519347/treo-băng-rôn-cờ-phướn-hướng-dẫn-chi-tiết-giải-pháp-sáng-tạo
1819,4,Tang 4_Blog Comment,https://treo-c-phn538543.starsblogger.com/519374/dựng-băng-rôn-cờ-phướn-hướng-dẫn-dễ-hiểu-Ý-tưởng-sáng-tạo
1820,4,Tang 4_Blog Comment,https://mediajx.com/story599369/treo-pa-nen-cờ-phướn-hướng-dẫn-chi-tiết-giải-pháp-Độc-Đáo
1821,4,Tang 4_Blog Comment,https://bookmark-dofollow.com/story30133038/dựng-băng-rôn-cờ-phướn-cách-thức-chi-tiết-Ý-tưởng-Độc-Đáo
1822,4,Tang 4_Blog Comment,https://bookmark-template.com/story30474978/treo-pa-nen-lăng-Động-phướn-cách-thức-dễ-hiểu-giải-pháp-Độc-Đáo
1823,4,Tang 4_Blog Comment,https://prbookmarkingwebsites.com/story30207565/dựng-băng-rôn-cờ-phướn-cách-thức-chi-tiết-giải-pháp-sáng-tạo
1824,4,Tang 4_Blog Comment,https://socialmediainuk.com/story28557984/treo-băng-rôn-cờ-phướn-cách-thức-chi-tiết-Ý-tưởng-sáng-tạo
1825,4,Tang 4_Blog Comment,https://dirstop.com/story30107405/treo-pa-nen-cờ-phướn-cách-thức-dễ-hiểu-giải-pháp-Độc-Đáo
1826,4,Tang 4_Blog Comment,https://opensocialfactory.com/story27596527/treo-pa-nen-cờ-phướn-hướng-dẫn-dễ-hiểu-giải-pháp-sáng-tạo
1827,4,Tang 4_Blog Comment,https://ztndz.com/story30119717/treo-pa-nen-lăng-Động-phướn-cách-thức-dễ-hiểu-giải-pháp-Độc-Đáo
1828,4,Tang 4_Blog Comment,https://gorillasocialwork.com/story28689201/treo-pa-nen-cờ-phướn-cách-thức-chi-tiết-giải-pháp-Độc-Đáo
1829,4,Tang 4_Blog Comment,https://socialrus.com/story26418283/treo-băng-rôn-cờ-phướn-cách-thức-chi-tiết-Ý-tưởng-sáng-tạo
1830,4,Tang 4_Blog Comment,https://socialmediastore.net/story23259681/treo-pa-nen-cờ-phướn-hướng-dẫn-chi-tiết-Ý-tưởng-sáng-tạo
1831,4,Tang 4_Blog Comment,https://socialnetworkadsinfo.com/story23809861/treo-pa-nen-cờ-phướn-hướng-dẫn-dễ-hiểu-Ý-tưởng-sáng-tạo
1832,4,Tang 4_Blog Comment,https://bookmarkport.com/story24958291/dựng-băng-rôn-lăng-Động-phướn-cách-thức-chi-tiết-Ý-tưởng-sáng-tạo
1833,4,Tang 4_Blog Comment,https://bookmarkbirth.com/story22794858/treo-băng-rôn-cờ-phướn-hướng-dẫn-dễ-hiểu-giải-pháp-sáng-tạo
1834,4,Tang 4_Blog Comment,https://bookmarkloves.com/story24621008/treo-băng-rôn-cờ-phướn-cách-thức-chi-tiết-Ý-tưởng-sáng-tạo
1835,4,Tang 4_Blog Comment,https://getsocialpr.com/story23959450/dựng-băng-rôn-cờ-phướn-cách-thức-chi-tiết-Ý-tưởng-Độc-Đáo
1836,4,Tang 4_Blog Comment,https://bookmarkstumble.com/story24181001/treo-pa-nen-cờ-phướn-hướng-dẫn-dễ-hiểu-Ý-tưởng-Độc-Đáo
1837,4,Tang 4_Blog Comment,https://bookmarkstime.com/story22795240/treo-băng-rôn-cờ-phướn-hướng-dẫn-dễ-hiểu-Ý-tưởng-Độc-Đáo
1838,4,Tang 4_Blog Comment,https://gatherbookmarks.com/story23071979/treo-băng-rôn-lăng-Động-phướn-hướng-dẫn-dễ-hiểu-giải-pháp-Độc-Đáo
1839,4,Tang 4_Blog Comment,https://bookmarkrange.com/story24010037/treo-băng-rôn-cờ-phướn-cách-thức-chi-tiết-Ý-tưởng-Độc-Đáo
1840,4,Tang 4_Blog Comment,https://bookmarkextent.com/story24269670/treo-pa-nen-cờ-phướn-cách-thức-dễ-hiểu-Ý-tưởng-Độc-Đáo
1841,4,Tang 4_Blog Comment,https://bookmarkspring.com/story17277521/treo-pa-nen-lăng-Động-phướn-hướng-dẫn-dễ-hiểu-giải-pháp-sáng-tạo
1842,4,Tang 4_Blog Comment,https://bookmarkswing.com/story23854525/treo-pa-nen-cờ-phướn-cách-thức-dễ-hiểu-giải-pháp-sáng-tạo
1843,4,Tang 4_Blog Comment,https://bookmarksknot.com/story24118844/treo-pa-nen-cờ-phướn-cách-thức-chi-tiết-giải-pháp-Độc-Đáo
1844,4,Tang 4_Blog Comment,https://bookmarkja.com/story24961376/treo-băng-rôn-cờ-phướn-hướng-dẫn-dễ-hiểu-giải-pháp-sáng-tạo
1845,4,Tang 4_Blog Comment,https://altbookmark.com/story24063682/treo-pa-nen-cờ-phướn-cách-thức-dễ-hiểu-giải-pháp-sáng-tạo
1846,4,Tang 4_Blog Comment,https://letusbookmark.com/story24081236/treo-băng-rôn-cờ-phướn-hướng-dẫn-chi-tiết-giải-pháp-Độc-Đáo
1847,4,Tang 4_Blog Comment,https://trackbookmark.com/story23930592/dựng-băng-rôn-cờ-phướn-cách-thức-dễ-hiểu-giải-pháp-sáng-tạo
1848,4,Tang 4_Blog Comment,https://hindibookmark.com/story24165540/dựng-băng-rôn-cờ-phướn-hướng-dẫn-dễ-hiểu-Ý-tưởng-sáng-tạo
1849,4,Tang 4_Blog Comment,https://bookmarkshq.com/story23947975/treo-pa-nen-cờ-phướn-hướng-dẫn-dễ-hiểu-giải-pháp-Độc-Đáo
1850,4,Tang 4_Blog Comment,https://nybookmark.com/story24033507/dựng-băng-rôn-cờ-phướn-hướng-dẫn-chi-tiết-giải-pháp-Độc-Đáo
1851,4,Tang 4_Blog Comment,https://bookmarketmaven.com/story22966375/treo-băng-rôn-cờ-phướn-cách-thức-dễ-hiểu-Ý-tưởng-Độc-Đáo
1852,4,Tang 4_Blog Comment,https://iowa-bookmarks.com/story17945545/treo-băng-rôn-cờ-phướn-cách-thức-chi-tiết-giải-pháp-Độc-Đáo
1853,4,Tang 4_Blog Comment,https://johsocial.com/story12787081/treo-pa-nen-cờ-phướn-hướng-dẫn-chi-tiết-giải-pháp-sáng-tạo
1854,4,Tang 4_Blog Comment,https://bouchesocial.com/story24422101/treo-băng-rôn-cờ-phướn-cách-thức-dễ-hiểu-Ý-tưởng-Độc-Đáo
1855,4,Tang 4_Blog Comment,https://socialmarkz.com/story12792613/dựng-băng-rôn-cờ-phướn-cách-thức-chi-tiết-Ý-tưởng-sáng-tạo
1856,4,Tang 4_Blog Comment,https://socialmphl.com/story24415903/treo-băng-rôn-cờ-phướn-hướng-dẫn-chi-tiết-giải-pháp-sáng-tạo
1857,4,Tang 4_Blog Comment,https://sparxsocial.com/story900663/treo-pa-nen-lăng-Động-phướn-hướng-dẫn-dễ-hiểu-Ý-tưởng-Độc-Đáo
1858,4,Tang 4_Blog Comment,https://socialclubfm.com/story12901897/treo-pa-nen-cờ-phướn-hướng-dẫn-dễ-hiểu-giải-pháp-sáng-tạo
1859,4,Tang 4_Blog Comment,https://sound-social.com/story12420930/dựng-băng-rôn-cờ-phướn-hướng-dẫn-chi-tiết-Ý-tưởng-sáng-tạo
1860,4,Tang 4_Blog Comment,https://sociallawy.com/story12690411/treo-băng-rôn-cờ-phướn-cách-thức-dễ-hiểu-giải-pháp-Độc-Đáo
1861,4,Tang 4_Blog Comment,https://socialdosa.com/story12139826/treo-pa-nen-lăng-Động-phướn-cách-thức-chi-tiết-giải-pháp-Độc-Đáo
1862,4,Tang 4_Blog Comment,https://thesocialroi.com/story12071217/treo-pa-nen-cờ-phướn-hướng-dẫn-dễ-hiểu-Ý-tưởng-Độc-Đáo
1863,4,Tang 4_Blog Comment,https://throbsocial.com/story24238572/dựng-băng-rôn-lăng-Động-phướn-hướng-dẫn-chi-tiết-giải-pháp-Độc-Đáo
1864,4,Tang 4_Blog Comment,https://bbsocialclub.com/story24315509/treo-pa-nen-cờ-phướn-hướng-dẫn-dễ-hiểu-giải-pháp-Độc-Đáo
1865,4,Tang 4_Blog Comment,https://dftsocial.com/story23212120/dựng-băng-rôn-cờ-phướn-cách-thức-chi-tiết-giải-pháp-Độc-Đáo
1866,4,Tang 4_Blog Comment,https://socialevity.com/story24260189/treo-pa-nen-lăng-Động-phướn-hướng-dẫn-chi-tiết-Ý-tưởng-Độc-Đáo
1867,4,Tang 4_Blog Comment,https://nimmansocial.com/story12201798/treo-băng-rôn-cờ-phướn-cách-thức-dễ-hiểu-Ý-tưởng-Độc-Đáo
1868,4,Tang 4_Blog Comment,https://socialrator.com/story13478247/dựng-băng-rôn-cờ-phướn-hướng-dẫn-chi-tiết-Ý-tưởng-sáng-tạo
1869,4,Tang 4_Blog Comment,https://social-lyft.com/story12192892/dựng-băng-rôn-lăng-Động-phướn-hướng-dẫn-dễ-hiểu-Ý-tưởng-Độc-Đáo
1870,4,Tang 4_Blog Comment,https://socialskates.com/story23542830/treo-pa-nen-cờ-phướn-hướng-dẫn-chi-tiết-giải-pháp-Độc-Đáo
1871,4,Tang 4_Blog Comment,https://socials360.com/story12746839/treo-băng-rôn-cờ-phướn-hướng-dẫn-dễ-hiểu-giải-pháp-Độc-Đáo
1872,4,Tang 4_Blog Comment,https://socialwoot.com/story24023255/treo-băng-rôn-cờ-phướn-cách-thức-dễ-hiểu-giải-pháp-Độc-Đáo
1873,4,Tang 4_Blog Comment,https://bookmarknap.com/story12691023/treo-pa-nen-lăng-Động-phướn-cách-thức-dễ-hiểu-giải-pháp-Độc-Đáo
1874,4,Tang 4_Blog Comment,https://bookmarkinglive.com/story23191100/treo-pa-nen-cờ-phướn-hướng-dẫn-dễ-hiểu-Ý-tưởng-sáng-tạo
1875,4,Tang 4_Blog Comment,https://bookmarkmiracle.com/story544109/treo-băng-rôn-cờ-phướn-cách-thức-chi-tiết-giải-pháp-sáng-tạo
1876,4,Tang 4_Blog Comment,https://telebookmarks.com/story12716440/treo-pa-nen-cờ-phướn-hướng-dẫn-dễ-hiểu-Ý-tưởng-sáng-tạo
1877,4,Tang 4_Blog Comment,https://bookmarkcork.com/story22878654/treo-băng-rôn-cờ-phướn-cách-thức-chi-tiết-Ý-tưởng-sáng-tạo
1878,4,Tang 4_Blog Comment,https://bookmarkedblog.com/story1021883/dựng-băng-rôn-lăng-Động-phướn-cách-thức-chi-tiết-Ý-tưởng-sáng-tạo
1879,4,Tang 4_Blog Comment,https://lingeriebookmark.com/story12139531/treo-băng-rôn-cờ-phướn-cách-thức-chi-tiết-giải-pháp-Độc-Đáo
1880,4,Tang 4_Blog Comment,https://bookmarkspy.com/story23702095/dựng-băng-rôn-cờ-phướn-hướng-dẫn-dễ-hiểu-giải-pháp-Độc-Đáo
1881,4,Tang 4_Blog Comment,https://bookmarkvids.com/story544828/treo-băng-rôn-lăng-Động-phướn-hướng-dẫn-chi-tiết-Ý-tưởng-sáng-tạo
1882,4,Tang 4_Blog Comment,https://bookmarkshut.com/story23713021/treo-băng-rôn-lăng-Động-phướn-hướng-dẫn-dễ-hiểu-giải-pháp-Độc-Đáo
1883,4,Tang 4_Blog Comment,https://fellowfavorite.com/story23479429/dựng-băng-rôn-lăng-Động-phướn-hướng-dẫn-dễ-hiểu-Ý-tưởng-sáng-tạo
1884,4,Tang 4_Blog Comment,https://rotatesites.com/story23646770/dựng-băng-rôn-cờ-phướn-cách-thức-dễ-hiểu-giải-pháp-sáng-tạo
1885,4,Tang 4_Blog Comment,https://hubwebsites.com/story23617229/dựng-băng-rôn-cờ-phướn-cách-thức-dễ-hiểu-Ý-tưởng-Độc-Đáo
1886,4,Tang 4_Blog Comment,https://binksites.com/story12024154/treo-pa-nen-cờ-phướn-cách-thức-chi-tiết-giải-pháp-Độc-Đáo
1887,4,Tang 4_Blog Comment,https://sitesrow.com/story12133226/dựng-băng-rôn-cờ-phướn-cách-thức-dễ-hiểu-Ý-tưởng-sáng-tạo
1888,4,Tang 4_Blog Comment,https://mysitesname.com/story12044448/treo-băng-rôn-cờ-phướn-hướng-dẫn-chi-tiết-giải-pháp-Độc-Đáo
1889,4,Tang 4_Blog Comment,https://sites2000.com/story11931017/dựng-băng-rôn-cờ-phướn-hướng-dẫn-dễ-hiểu-Ý-tưởng-Độc-Đáo
1890,4,Tang 4_Blog Comment,https://thejillist.com/story12515240/dựng-băng-rôn-cờ-phướn-cách-thức-dễ-hiểu-Ý-tưởng-sáng-tạo
1891,4,Tang 4_Blog Comment,https://toplistar.com/story24247525/treo-băng-rôn-cờ-phướn-cách-thức-chi-tiết-Ý-tưởng-sáng-tạo
1892,4,Tang 4_Blog Comment,https://kingslists.com/story23534935/dựng-băng-rôn-cờ-phướn-cách-thức-chi-tiết-Ý-tưởng-sáng-tạo
1893,4,Tang 4_Blog Comment,https://fatallisto.com/story12234309/treo-pa-nen-cờ-phướn-cách-thức-chi-tiết-giải-pháp-Độc-Đáo
1894,4,Tang 4_Blog Comment,https://worldlistpro.com/story24167428/dựng-băng-rôn-cờ-phướn-cách-thức-chi-tiết-Ý-tưởng-Độc-Đáo
1895,4,Tang 4_Blog Comment,https://health-lists.com/story22912995/treo-băng-rôn-lăng-Động-phướn-hướng-dẫn-chi-tiết-Ý-tưởng-sáng-tạo
1896,4,Tang 4_Blog Comment,https://webcastlist.com/story23586385/treo-băng-rôn-cờ-phướn-cách-thức-dễ-hiểu-giải-pháp-sáng-tạo
1897,4,Tang 4_Blog Comment,https://sirketlist.com/story23905365/dựng-băng-rôn-cờ-phướn-hướng-dẫn-dễ-hiểu-giải-pháp-Độc-Đáo
1898,4,Tang 4_Blog Comment,https://listfav.com/story23938527/dựng-băng-rôn-lăng-Động-phướn-cách-thức-chi-tiết-Ý-tưởng-Độc-Đáo
1899,4,Tang 4_Blog Comment,https://classifylist.com/story24077413/treo-pa-nen-cờ-phướn-cách-thức-chi-tiết-giải-pháp-sáng-tạo
1900,4,Tang 4_Blog Comment,https://icelisting.com/story23381829/treo-băng-rôn-cờ-phướn-cách-thức-dễ-hiểu-Ý-tưởng-sáng-tạo
1901,4,Tang 4_Blog Comment,https://210list.com/story22852479/dựng-băng-rôn-cờ-phướn-cách-thức-chi-tiết-Ý-tưởng-sáng-tạo
1902,4,Tang 4_Blog Comment,https://hylistings.com/story23462321/treo-pa-nen-lăng-Động-phướn-cách-thức-chi-tiết-Ý-tưởng-sáng-tạo
1903,4,Tang 4_Blog Comment,https://wiishlist.com/story22894392/dựng-băng-rôn-cờ-phướn-hướng-dẫn-dễ-hiểu-giải-pháp-Độc-Đáo
1904,4,Tang 4_Blog Comment,https://travialist.com/story12520590/treo-băng-rôn-cờ-phướn-hướng-dẫn-chi-tiết-giải-pháp-Độc-Đáo
1905,4,Tang 4_Blog Comment,https://wearethelist.com/story24271191/treo-băng-rôn-cờ-phướn-hướng-dẫn-dễ-hiểu-Ý-tưởng-sáng-tạo
1906,4,Tang 4_Blog Comment,https://listbell.com/story12025783/treo-băng-rôn-lăng-Động-phướn-cách-thức-dễ-hiểu-giải-pháp-Độc-Đáo
1907,4,Tang 4_Blog Comment,https://seolistlinks.com/story23633185/treo-pa-nen-lăng-Động-phướn-cách-thức-dễ-hiểu-giải-pháp-sáng-tạo
1908,4,Tang 4_Blog Comment,https://getidealist.com/story24034112/treo-băng-rôn-cờ-phướn-hướng-dẫn-chi-tiết-giải-pháp-Độc-Đáo
1909,4,Tang 4_Blog Comment,https://funny-lists.com/story23440936/treo-băng-rôn-cờ-phướn-hướng-dẫn-dễ-hiểu-giải-pháp-sáng-tạo
1910,4,Tang 4_Blog Comment,https://45listing.com/story24305972/treo-băng-rôn-cờ-phướn-cách-thức-chi-tiết-giải-pháp-sáng-tạo
1911,4,Tang 4_Blog Comment,https://thefairlist.com/story12342890/dựng-băng-rôn-cờ-phướn-cách-thức-dễ-hiểu-Ý-tưởng-Độc-Đáo
1912,4,Tang 4_Blog Comment,https://bookmarklinking.com/story635917/dựng-băng-rôn-lăng-Động-phướn-hướng-dẫn-dễ-hiểu-Ý-tưởng-Độc-Đáo
1913,4,Tang 4_Blog Comment,https://bookmarkspedia.com/story7807287/dựng-băng-rôn-lăng-Động-phướn-cách-thức-chi-tiết-Ý-tưởng-sáng-tạo
1914,4,Tang 4_Blog Comment,https://bookmarkshome.com/story7920983/treo-băng-rôn-cờ-phướn-hướng-dẫn-chi-tiết-Ý-tưởng-sáng-tạo
1915,4,Tang 4_Blog Comment,https://bookmarksfocus.com/story7835255/treo-băng-rôn-lăng-Động-phướn-hướng-dẫn-chi-tiết-giải-pháp-sáng-tạo
1916,4,Tang 4_Blog Comment,https://bookmarksurl.com/story7751727/treo-băng-rôn-cờ-phướn-cách-thức-dễ-hiểu-giải-pháp-sáng-tạo
1917,4,Tang 4_Blog Comment,https://myeasybookmarks.com/story7748877/treo-băng-rôn-cờ-phướn-cách-thức-dễ-hiểu-Ý-tưởng-sáng-tạo
1918,4,Tang 4_Blog Comment,https://e-bookmarks.com/story7855581/treo-pa-nen-cờ-phướn-hướng-dẫn-dễ-hiểu-giải-pháp-Độc-Đáo
1919,4,Tang 4_Blog Comment,https://mixbookmark.com/story7799658/treo-băng-rôn-lăng-Động-phướn-cách-thức-dễ-hiểu-giải-pháp-sáng-tạo
1920,4,Tang 4_Blog Comment,https://bookmarkalexa.com/story7791059/treo-pa-nen-cờ-phướn-cách-thức-chi-tiết-Ý-tưởng-sáng-tạo
1921,4,Tang 4_Blog Comment,https://bookmarkinglife.com/story7770831/treo-băng-rôn-cờ-phướn-cách-thức-dễ-hiểu-giải-pháp-sáng-tạo
1922,4,Tang 4_Blog Comment,https://bookmark-group.com/story7838475/treo-băng-rôn-cờ-phướn-cách-thức-chi-tiết-Ý-tưởng-sáng-tạo
1923,4,Tang 4_Blog Comment,https://mylittlebookmark.com/story7875822/treo-pa-nen-cờ-phướn-hướng-dẫn-chi-tiết-giải-pháp-sáng-tạo
1924,4,Tang 4_Blog Comment,https://webookmarks.com/story7734976/dựng-băng-rôn-cờ-phướn-hướng-dẫn-chi-tiết-giải-pháp-Độc-Đáo
1925,4,Tang 4_Blog Comment,https://checkbookmarks.com/story7782434/treo-pa-nen-cờ-phướn-cách-thức-chi-tiết-giải-pháp-Độc-Đáo
1926,4,Tang 4_Blog Comment,https://ariabookmarks.com/story7949929/treo-băng-rôn-lăng-Động-phướn-hướng-dẫn-dễ-hiểu-Ý-tưởng-Độc-Đáo
1927,4,Tang 4_Blog Comment,https://bookmarkfox.com/story7787285/treo-pa-nen-cờ-phướn-hướng-dẫn-chi-tiết-Ý-tưởng-sáng-tạo
1928,4,Tang 4_Blog Comment,https://linkedbookmarker.com/story7719919/treo-pa-nen-cờ-phướn-cách-thức-chi-tiết-Ý-tưởng-sáng-tạo
1929,4,Tang 4_Blog Comment,https://bookmarksoflife.com/story7817527/treo-pa-nen-cờ-phướn-cách-thức-dễ-hiểu-giải-pháp-Độc-Đáo
1930,4,Tang 4_Blog Comment,https://bookmarkfavors.com/story7796788/treo-pa-nen-lăng-Động-phướn-cách-thức-dễ-hiểu-giải-pháp-sáng-tạo
1931,4,Tang 4_Blog Comment,https://bookmarkyourpage.com/story7608027/treo-pa-nen-cờ-phướn-hướng-dẫn-chi-tiết-Ý-tưởng-Độc-Đáo
1932,4,Tang 4_Blog Comment,https://businessbookmark.com/story7673210/treo-băng-rôn-cờ-phướn-cách-thức-chi-tiết-Ý-tưởng-Độc-Đáo
1933,4,Tang 4_Blog Comment,https://ledbookmark.com/story7876021/treo-pa-nen-lăng-Động-phướn-hướng-dẫn-dễ-hiểu-giải-pháp-Độc-Đáo
1934,4,Tang 4_Blog Comment,https://socialaffluent.com/story7709210/dựng-băng-rôn-lăng-Động-phướn-hướng-dẫn-chi-tiết-giải-pháp-sáng-tạo
1935,4,Tang 4_Blog Comment,https://tornadosocial.com/story7752090/dựng-băng-rôn-cờ-phướn-cách-thức-dễ-hiểu-giải-pháp-Độc-Đáo
1936,4,Tang 4_Blog Comment,https://topsocialplan.com/story7748460/treo-pa-nen-cờ-phướn-cách-thức-dễ-hiểu-giải-pháp-Độc-Đáo
1937,4,Tang 4_Blog Comment,https://socialbuzzmaster.com/story7807320/treo-pa-nen-cờ-phướn-cách-thức-dễ-hiểu-Ý-tưởng-sáng-tạo
1938,4,Tang 4_Blog Comment,https://social4geek.com/story7779213/treo-pa-nen-cờ-phướn-cách-thức-dễ-hiểu-Ý-tưởng-sáng-tạo
1939,4,Tang 4_Blog Comment,https://socialstrategie.com/story7847596/dựng-băng-rôn-lăng-Động-phướn-hướng-dẫn-chi-tiết-giải-pháp-sáng-tạo
1940,4,Tang 4_Blog Comment,https://thekiwisocial.com/story7675899/treo-pa-nen-cờ-phướn-hướng-dẫn-chi-tiết-Ý-tưởng-Độc-Đáo
1941,4,Tang 4_Blog Comment,https://socialupme.com/story7749094/treo-băng-rôn-cờ-phướn-cách-thức-dễ-hiểu-giải-pháp-sáng-tạo
1942,4,Tang 4_Blog Comment,https://tvsocialnews.com/story7705146/treo-băng-rôn-cờ-phướn-hướng-dẫn-dễ-hiểu-Ý-tưởng-sáng-tạo
1943,4,Tang 4_Blog Comment,https://wavesocialmedia.com/story7805192/dựng-băng-rôn-lăng-Động-phướn-cách-thức-dễ-hiểu-giải-pháp-Độc-Đáo
1944,4,Tang 4_Blog Comment,https://thesocialcircles.com/story7882244/dựng-băng-rôn-cờ-phướn-hướng-dẫn-dễ-hiểu-giải-pháp-Độc-Đáo
1945,4,Tang 4_Blog Comment,https://socialtechnet.com/story7661716/dựng-băng-rôn-cờ-phướn-hướng-dẫn-dễ-hiểu-Ý-tưởng-sáng-tạo
1946,4,Tang 4_Blog Comment,https://socialbaskets.com/story7774696/treo-pa-nen-cờ-phướn-hướng-dẫn-dễ-hiểu-giải-pháp-sáng-tạo
1947,4,Tang 4_Blog Comment,https://reallivesocial.com/story7767511/dựng-băng-rôn-cờ-phướn-hướng-dẫn-chi-tiết-giải-pháp-Độc-Đáo
1948,4,Tang 4_Blog Comment,https://highkeysocial.com/story7695086/treo-pa-nen-cờ-phướn-cách-thức-dễ-hiểu-giải-pháp-sáng-tạo
1949,4,Tang 4_Blog Comment,https://esocialmall.com/story7573935/dựng-băng-rôn-lăng-Động-phướn-hướng-dẫn-chi-tiết-giải-pháp-Độc-Đáo
1950,4,Tang 4_Blog Comment,https://thesocialintro.com/story7751990/dựng-băng-rôn-cờ-phướn-cách-thức-dễ-hiểu-Ý-tưởng-Độc-Đáo
1951,4,Tang 4_Blog Comment,https://thesocialdelight.com/story7701171/treo-băng-rôn-cờ-phướn-hướng-dẫn-chi-tiết-Ý-tưởng-Độc-Đáo
1952,4,Tang 4_Blog Comment,https://sociallytraffic.com/story7097969/treo-băng-rôn-cờ-phướn-hướng-dẫn-chi-tiết-Ý-tưởng-Độc-Đáo
1953,4,Tang 4_Blog Comment,https://socialislife.com/story7532185/treo-pa-nen-cờ-phướn-hướng-dẫn-dễ-hiểu-Ý-tưởng-sáng-tạo
1954,4,Tang 4_Blog Comment,https://socialdummies.com/story7072174/treo-pa-nen-cờ-phướn-hướng-dẫn-chi-tiết-Ý-tưởng-Độc-Đáo
1955,4,Tang 4_Blog Comment,https://social40.com/story7645978/treo-pa-nen-cờ-phướn-cách-thức-chi-tiết-Ý-tưởng-sáng-tạo
1956,4,Tang 4_Blog Comment,https://social-galaxy.com/story7633985/treo-băng-rôn-cờ-phướn-cách-thức-dễ-hiểu-Ý-tưởng-Độc-Đáo
1957,4,Tang 4_Blog Comment,https://getsocialselling.com/story7596147/treo-pa-nen-cờ-phướn-hướng-dẫn-chi-tiết-giải-pháp-Độc-Đáo
1958,4,Tang 4_Blog Comment,https://directmysocial.com/story6853250/treo-băng-rôn-lăng-Động-phướn-hướng-dẫn-chi-tiết-Ý-tưởng-sáng-tạo
1959,4,Tang 4_Blog Comment,https://isocialfans.com/story7657641/treo-pa-nen-cờ-phướn-hướng-dẫn-dễ-hiểu-giải-pháp-sáng-tạo
1960,4,Tang 4_Blog Comment,https://socialfactories.com/story7642667/dựng-băng-rôn-cờ-phướn-cách-thức-chi-tiết-giải-pháp-Độc-Đáo
1961,4,Tang 4_Blog Comment,https://onelifesocial.com/story7530783/treo-băng-rôn-cờ-phướn-cách-thức-chi-tiết-Ý-tưởng-Độc-Đáo
1962,4,Tang 4_Blog Comment,https://sociallweb.com/story7627564/treo-băng-rôn-cờ-phướn-hướng-dẫn-dễ-hiểu-giải-pháp-sáng-tạo
1963,4,Tang 4_Blog Comment,https://socialioapp.com/story6946242/dựng-băng-rôn-cờ-phướn-cách-thức-dễ-hiểu-Ý-tưởng-Độc-Đáo
1964,4,Tang 4_Blog Comment,https://socialexpresions.com/story7678314/treo-băng-rôn-cờ-phướn-hướng-dẫn-dễ-hiểu-giải-pháp-sáng-tạo
1965,4,Tang 4_Blog Comment,https://mysocialquiz.com/story7675490/treo-pa-nen-cờ-phướn-hướng-dẫn-dễ-hiểu-Ý-tưởng-sáng-tạo
1966,4,Tang 4_Blog Comment,https://mysocialport.com/story7612214/treo-băng-rôn-cờ-phướn-cách-thức-dễ-hiểu-giải-pháp-Độc-Đáo
1967,4,Tang 4_Blog Comment,https://mysocialfeeder.com/story6989822/dựng-băng-rôn-cờ-phướn-hướng-dẫn-chi-tiết-Ý-tưởng-sáng-tạo
1968,4,Tang 4_Blog Comment,https://express-page.com/story7554462/dựng-băng-rôn-cờ-phướn-cách-thức-dễ-hiểu-giải-pháp-Độc-Đáo
1969,4,Tang 4_Blog Comment,https://pageoftoday.com/story7582561/treo-băng-rôn-lăng-Động-phướn-cách-thức-chi-tiết-Ý-tưởng-Độc-Đáo
1970,4,Tang 4_Blog Comment,https://livebackpage.com/story7586786/treo-băng-rôn-cờ-phướn-hướng-dẫn-dễ-hiểu-giải-pháp-sáng-tạo
1971,4,Tang 4_Blog Comment,https://ok-social.com/story7659383/dựng-băng-rôn-lăng-Động-phướn-cách-thức-dễ-hiểu-Ý-tưởng-Độc-Đáo
1972,4,Tang 4_Blog Comment,https://get-social-now.com/story7535356/treo-pa-nen-lăng-Động-phướn-cách-thức-dễ-hiểu-giải-pháp-Độc-Đáo
1973,4,Tang 4_Blog Comment,https://socialimarketing.com/story7697904/treo-băng-rôn-cờ-phướn-hướng-dẫn-chi-tiết-Ý-tưởng-Độc-Đáo
1974,4,Tang 4_Blog Comment,https://socialeweb.com/story7560679/dựng-băng-rôn-cờ-phướn-hướng-dẫn-chi-tiết-Ý-tưởng-Độc-Đáo
1975,4,Tang 4_Blog Comment,https://yoursocialpeople.com/story7556568/treo-pa-nen-cờ-phướn-hướng-dẫn-dễ-hiểu-giải-pháp-sáng-tạo
1976,4,Tang 4_Blog Comment,https://wisesocialsmedia.com/story7594526/treo-băng-rôn-cờ-phướn-hướng-dẫn-chi-tiết-giải-pháp-sáng-tạo
1977,4,Tang 4_Blog Comment,https://wise-social.com/story7639874/dựng-băng-rôn-cờ-phướn-cách-thức-chi-tiết-Ý-tưởng-Độc-Đáo
1978,4,Tang 4_Blog Comment,https://socialwebleads.com/story7605772/treo-pa-nen-cờ-phướn-cách-thức-dễ-hiểu-giải-pháp-Độc-Đáo
1979,4,Tang 4_Blog Comment,https://socialwebconsult.com/story7570250/treo-pa-nen-cờ-phướn-cách-thức-dễ-hiểu-giải-pháp-sáng-tạo
1980,4,Tang 4_Blog Comment,https://socialmediaentry.com/story7577183/treo-băng-rôn-lăng-Động-phướn-cách-thức-dễ-hiểu-Ý-tưởng-sáng-tạo
1981,4,Tang 4_Blog Comment,https://socialbuzztoday.com/story7573325/treo-băng-rôn-cờ-phướn-hướng-dẫn-chi-tiết-Ý-tưởng-sáng-tạo
1982,4,Tang 4_Blog Comment,https://socialbuzzfeed.com/story7630225/dựng-băng-rôn-cờ-phướn-cách-thức-chi-tiết-giải-pháp-Độc-Đáo
1983,4,Tang 4_Blog Comment,https://mysocialguides.com/story7577253/treo-băng-rôn-cờ-phướn-cách-thức-chi-tiết-giải-pháp-sáng-tạo
1984,4,Tang 4_Blog Comment,https://my-social-box.com/story7566227/treo-pa-nen-cờ-phướn-hướng-dẫn-chi-tiết-giải-pháp-Độc-Đáo
1985,4,Tang 4_Blog Comment,https://madesocials.com/story7627648/treo-băng-rôn-cờ-phướn-cách-thức-dễ-hiểu-Ý-tưởng-Độc-Đáo
1986,4,Tang 4_Blog Comment,https://guidemysocial.com/story7571553/dựng-băng-rôn-lăng-Động-phướn-cách-thức-chi-tiết-giải-pháp-Độc-Đáo
1987,4,Tang 4_Blog Comment,https://getsocialsource.com/story7555973/dựng-băng-rôn-cờ-phướn-hướng-dẫn-chi-tiết-giải-pháp-Độc-Đáo
1988,4,Tang 4_Blog Comment,https://getsocialnetwork.com/story7654039/dựng-băng-rôn-cờ-phướn-cách-thức-dễ-hiểu-giải-pháp-Độc-Đáo
1989,4,Tang 4_Blog Comment,https://allkindsofsocial.com/story7466591/treo-pa-nen-cờ-phướn-cách-thức-chi-tiết-Ý-tưởng-sáng-tạo
1990,4,Tang 4_Blog Comment,https://webnowmedia.com/story7544477/treo-pa-nen-cờ-phướn-hướng-dẫn-dễ-hiểu-giải-pháp-sáng-tạo
1991,4,Tang 4_Blog Comment,https://thebookpage.com/story7557563/treo-pa-nen-cờ-phướn-cách-thức-dễ-hiểu-giải-pháp-Độc-Đáo
1992,4,Tang 4_Blog Comment,https://techonpage.com/story7545680/treo-pa-nen-cờ-phướn-hướng-dẫn-chi-tiết-giải-pháp-Độc-Đáo
1993,4,Tang 4_Blog Comment,https://infopagex.com/story7516080/dựng-băng-rôn-cờ-phướn-cách-thức-chi-tiết-giải-pháp-Độc-Đáo
1994,4,Tang 4_Blog Comment,https://thesocialvibes.com/story7643364/dựng-băng-rôn-cờ-phướn-hướng-dẫn-chi-tiết-Ý-tưởng-sáng-tạo
1995,4,Tang 4_Blog Comment,https://socialistener.com/story7519061/dựng-băng-rôn-cờ-phướn-cách-thức-dễ-hiểu-Ý-tưởng-sáng-tạo
1996,4,Tang 4_Blog Comment,https://socialinplace.com/story7569587/treo-pa-nen-lăng-Động-phướn-cách-thức-dễ-hiểu-giải-pháp-sáng-tạo
1997,4,Tang 4_Blog Comment,https://socialicus.com/story7579077/treo-băng-rôn-cờ-phướn-hướng-dẫn-chi-tiết-Ý-tưởng-sáng-tạo
1998,4,Tang 4_Blog Comment,https://singnalsocial.com/story7081614/dựng-băng-rôn-cờ-phướn-hướng-dẫn-dễ-hiểu-Ý-tưởng-sáng-tạo
1999,4,Tang 4_Blog Comment,https://worldsocialindex.com/story7165175/treo-băng-rôn-cờ-phướn-hướng-dẫn-chi-tiết-Ý-tưởng-sáng-tạo
2000,4,Tang 4_Blog Comment,https://socialwebnotes.com/story7221957/treo-pa-nen-cờ-phướn-hướng-dẫn-chi-tiết-giải-pháp-Độc-Đáo
2001,4,Tang 4_Blog Comment,https://socialmediatotal.com/story7136156/dựng-băng-rôn-lăng-Động-phướn-hướng-dẫn-dễ-hiểu-Ý-tưởng-sáng-tạo
2002,4,Tang 4_Blog Comment,https://socialbraintech.com/story7070398/dựng-băng-rôn-cờ-phướn-hướng-dẫn-chi-tiết-Ý-tưởng-Độc-Đáo
2003,4,Tang 4_Blog Comment,https://social-medialink.com/story7125696/dựng-băng-rôn-cờ-phướn-hướng-dẫn-dễ-hiểu-giải-pháp-Độc-Đáo
2004,4,Tang 4_Blog Comment,https://mysocialname.com/story7153894/treo-pa-nen-cờ-phướn-cách-thức-dễ-hiểu-Ý-tưởng-Độc-Đáo
2005,4,Tang 4_Blog Comment,https://mediasocially.com/story7037751/dựng-băng-rôn-lăng-Động-phướn-cách-thức-dễ-hiểu-Ý-tưởng-Độc-Đáo
2006,4,Tang 4_Blog Comment,https://guideyoursocial.com/story7141584/dựng-băng-rôn-cờ-phướn-hướng-dẫn-dễ-hiểu-Ý-tưởng-sáng-tạo
2007,4,Tang 4_Blog Comment,https://agency-social.com/story7113700/treo-băng-rôn-cờ-phướn-cách-thức-chi-tiết-Ý-tưởng-Độc-Đáo
2008,4,Tang 4_Blog Comment,https://companyspage.com/story7080724/dựng-băng-rôn-cờ-phướn-cách-thức-chi-tiết-giải-pháp-sáng-tạo
2009,4,Tang 4_Blog Comment,https://mypresspage.com/story7174969/treo-pa-nen-lăng-Động-phướn-hướng-dẫn-dễ-hiểu-giải-pháp-Độc-Đáo
2010,4,Tang 4_Blog Comment,https://rankuppages.com/story7121595/dựng-băng-rôn-lăng-Động-phướn-cách-thức-dễ-hiểu-Ý-tưởng-sáng-tạo
2011,4,Tang 4_Blog Comment,https://bookmarks-hit.com/story621910/dựng-băng-rôn-cờ-phướn-cách-thức-chi-tiết-giải-pháp-sáng-tạo
2012,4,Tang 4_Blog Comment,https://pr8bookmarks.com/story22187554/treo-băng-rôn-cờ-phướn-hướng-dẫn-chi-tiết-Ý-tưởng-sáng-tạo
2013,4,Tang 4_Blog Comment,https://pr6bookmark.com/story22265620/treo-băng-rôn-cờ-phướn-cách-thức-chi-tiết-Ý-tưởng-Độc-Đáo
2014,4,Tang 4_Blog Comment,https://adsbookmark.com/story22175219/treo-pa-nen-cờ-phướn-hướng-dẫn-dễ-hiểu-giải-pháp-sáng-tạo
2015,4,Tang 4_Blog Comment,https://yourbookmarklist.com/story22282565/dựng-băng-rôn-lăng-Động-phướn-hướng-dẫn-dễ-hiểu-giải-pháp-sáng-tạo
2016,4,Tang 4_Blog Comment,https://bookmarking1.com/story22097743/treo-băng-rôn-cờ-phướn-hướng-dẫn-chi-tiết-giải-pháp-sáng-tạo
2017,4,Tang 4_Blog Comment,https://sb-bookmarking.com/story22177425/treo-băng-rôn-lăng-Động-phướn-cách-thức-dễ-hiểu-giải-pháp-Độc-Đáo
2018,4,Tang 4_Blog Comment,https://pr1bookmarks.com/story22605411/treo-băng-rôn-lăng-Động-phướn-cách-thức-dễ-hiểu-giải-pháp-sáng-tạo
2019,4,Tang 4_Blog Comment,https://madbookmarks.com/story22098589/treo-pa-nen-cờ-phướn-cách-thức-chi-tiết-Ý-tưởng-Độc-Đáo
2020,4,Tang 4_Blog Comment,https://bookmarks4seo.com/story22096930/treo-pa-nen-cờ-phướn-cách-thức-dễ-hiểu-giải-pháp-sáng-tạo
2021,4,Tang 4_Blog Comment,https://bookmarkblast.com/story22156912/treo-băng-rôn-cờ-phướn-hướng-dẫn-chi-tiết-Ý-tưởng-sáng-tạo
2022,4,Tang 4_Blog Comment,https://admiralbookmarks.com/story22145857/treo-băng-rôn-lăng-Động-phướn-cách-thức-dễ-hiểu-Ý-tưởng-sáng-tạo
2023,4,Tang 4_Blog Comment,https://7prbookmarks.com/story22129181/dựng-băng-rôn-lăng-Động-phướn-cách-thức-chi-tiết-Ý-tưởng-sáng-tạo
2024,4,Tang 4_Blog Comment,https://pr7bookmark.com/story22329895/treo-băng-rôn-cờ-phướn-hướng-dẫn-dễ-hiểu-Ý-tưởng-Độc-Đáo
2025,4,Tang 4_Blog Comment,https://bookmarkize.com/story22118401/treo-băng-rôn-cờ-phướn-cách-thức-dễ-hiểu-Ý-tưởng-Độc-Đáo
2026,4,Tang 4_Blog Comment,https://easiestbookmarks.com/story22170074/treo-pa-nen-cờ-phướn-hướng-dẫn-dễ-hiểu-giải-pháp-sáng-tạo
2027,4,Tang 4_Blog Comment,https://bookmarksden.com/story22250168/treo-băng-rôn-cờ-phướn-cách-thức-dễ-hiểu-Ý-tưởng-sáng-tạo
2028,4,Tang 4_Blog Comment,https://bookmarkpagerank.com/story22112006/treo-pa-nen-cờ-phướn-hướng-dẫn-dễ-hiểu-Ý-tưởng-Độc-Đáo
2029,4,Tang 4_Blog Comment,https://bookmarkhard.com/story22086770/dựng-băng-rôn-cờ-phướn-hướng-dẫn-dễ-hiểu-Ý-tưởng-sáng-tạo
2030,4,Tang 4_Blog Comment,https://bookmark-vip.com/story22167872/treo-pa-nen-lăng-Động-phướn-hướng-dẫn-chi-tiết-Ý-tưởng-sáng-tạo
2031,4,Tang 4_Blog Comment,https://bookmarkity.com/story22177095/dựng-băng-rôn-cờ-phướn-hướng-dẫn-chi-tiết-giải-pháp-sáng-tạo
2032,4,Tang 4_Blog Comment,https://todaybookmarks.com/story22217457/treo-băng-rôn-cờ-phướn-cách-thức-dễ-hiểu-Ý-tưởng-sáng-tạo
2033,4,Tang 4_Blog Comment,https://followbookmarks.com/story22178296/treo-băng-rôn-cờ-phướn-hướng-dẫn-dễ-hiểu-Ý-tưởng-sáng-tạo
2034,4,Tang 4_Blog Comment,https://bookmarksusa.com/story22136483/treo-pa-nen-cờ-phướn-hướng-dẫn-dễ-hiểu-giải-pháp-sáng-tạo
2035,4,Tang 4_Blog Comment,https://bookmarkstown.com/story22308083/dựng-băng-rôn-cờ-phướn-cách-thức-dễ-hiểu-Ý-tưởng-Độc-Đáo
2036,4,Tang 4_Blog Comment,https://bookmarkquotes.com/story22196460/treo-băng-rôn-cờ-phướn-cách-thức-chi-tiết-giải-pháp-Độc-Đáo
2037,4,Tang 4_Blog Comment,https://bookmarkprobe.com/story22333932/dựng-băng-rôn-cờ-phướn-hướng-dẫn-chi-tiết-Ý-tưởng-sáng-tạo
2038,4,Tang 4_Blog Comment,https://bookmarklogin.com/story22220248/treo-băng-rôn-cờ-phướn-cách-thức-chi-tiết-Ý-tưởng-Độc-Đáo
2039,4,Tang 4_Blog Comment,https://bookmark-media.com/story22184959/treo-băng-rôn-cờ-phướn-cách-thức-dễ-hiểu-giải-pháp-sáng-tạo
2040,4,Tang 4_Blog Comment,https://wildbookmarks.com/story22260611/treo-pa-nen-cờ-phướn-hướng-dẫn-dễ-hiểu-Ý-tưởng-sáng-tạo
2041,4,Tang 4_Blog Comment,https://meshbookmarks.com/story22159203/dựng-băng-rôn-lăng-Động-phướn-cách-thức-chi-tiết-Ý-tưởng-Độc-Đáo
2042,4,Tang 4_Blog Comment,https://gogogobookmarks.com/story22089220/treo-băng-rôn-lăng-Động-phướn-hướng-dẫn-chi-tiết-giải-pháp-sáng-tạo
2043,4,Tang 4_Blog Comment,https://cruxbookmarks.com/story22146246/treo-băng-rôn-lăng-Động-phướn-hướng-dẫn-chi-tiết-Ý-tưởng-Độc-Đáo
2044,4,Tang 4_Blog Comment,https://bookmarkproduct.com/story22173896/treo-băng-rôn-cờ-phướn-hướng-dẫn-dễ-hiểu-giải-pháp-Độc-Đáo
2045,4,Tang 4_Blog Comment,https://bookmarkfriend.com/story22099609/treo-băng-rôn-lăng-Động-phướn-hướng-dẫn-dễ-hiểu-Ý-tưởng-sáng-tạo
2046,4,Tang 4_Blog Comment,https://bookmark-share.com/story22131282/treo-băng-rôn-cờ-phướn-cách-thức-chi-tiết-Ý-tưởng-sáng-tạo
2047,4,Tang 4_Blog Comment,https://bookmark-master.com/story22119096/treo-pa-nen-lăng-Động-phướn-cách-thức-dễ-hiểu-giải-pháp-sáng-tạo
2048,4,Tang 4_Blog Comment,https://bookmarkinglog.com/story22092956/treo-băng-rôn-cờ-phướn-cách-thức-dễ-hiểu-Ý-tưởng-sáng-tạo
2049,4,Tang 4_Blog Comment,https://bookmarkangaroo.com/story22210174/treo-pa-nen-cờ-phướn-hướng-dẫn-chi-tiết-giải-pháp-sáng-tạo
2050,4,Tang 4_Blog Comment,https://allbookmarking.com/story22198482/treo-pa-nen-cờ-phướn-hướng-dẫn-chi-tiết-giải-pháp-sáng-tạo
2051,4,Tang 4_Blog Comment,https://agendabookmarks.com/story22001706/treo-pa-nen-cờ-phướn-hướng-dẫn-chi-tiết-giải-pháp-Độc-Đáo
2052,4,Tang 4_Blog Comment,https://advicebookmarks.com/story29693914/treo-băng-rôn-cờ-phướn-hướng-dẫn-dễ-hiểu-Ý-tưởng-sáng-tạo
2053,4,Tang 4_Blog Comment,https://zbookmarkhub.com/story22226571/treo-pa-nen-lăng-Động-phướn-hướng-dẫn-chi-tiết-giải-pháp-sáng-tạo
2054,4,Tang 4_Blog Comment,https://iwanttobookmark.com/story22205503/treo-pa-nen-cờ-phướn-hướng-dẫn-dễ-hiểu-giải-pháp-Độc-Đáo
2055,4,Tang 4_Blog Comment,https://zanybookmarks.com/story22174487/treo-băng-rôn-cờ-phướn-cách-thức-chi-tiết-Ý-tưởng-sáng-tạo
2056,4,Tang 4_Blog Comment,https://thebookmarkid.com/story22172769/treo-băng-rôn-cờ-phướn-hướng-dẫn-chi-tiết-Ý-tưởng-Độc-Đáo
2057,4,Tang 4_Blog Comment,https://push2bookmark.com/story22237935/treo-pa-nen-lăng-Động-phướn-cách-thức-chi-tiết-Ý-tưởng-Độc-Đáo
2058,4,Tang 4_Blog Comment,https://nowbookmarks.com/story22113288/dựng-băng-rôn-cờ-phướn-hướng-dẫn-dễ-hiểu-giải-pháp-sáng-tạo
2059,4,Tang 4_Blog Comment,https://minibookmarking.com/story22186538/treo-pa-nen-lăng-Động-phướn-cách-thức-chi-tiết-giải-pháp-Độc-Đáo
2060,4,Tang 4_Blog Comment,https://livebookmarking.com/story22057819/dựng-băng-rôn-cờ-phướn-cách-thức-chi-tiết-giải-pháp-sáng-tạo
2061,4,Tang 4_Blog Comment,https://growthbookmarks.com/story22016697/dựng-băng-rôn-cờ-phướn-hướng-dẫn-chi-tiết-giải-pháp-Độc-Đáo
2062,4,Tang 4_Blog Comment,https://dailybookmarkhit.com/story22152433/dựng-băng-rôn-cờ-phướn-hướng-dẫn-dễ-hiểu-Ý-tưởng-sáng-tạo
2063,4,Tang 4_Blog Comment,https://brightbookmarks.com/story22280843/treo-băng-rôn-lăng-Động-phướn-hướng-dẫn-dễ-hiểu-giải-pháp-sáng-tạo
2064,4,Tang 4_Blog Comment,https://bookmarkspecial.com/story22238647/treo-băng-rôn-lăng-Động-phướn-cách-thức-chi-tiết-Ý-tưởng-sáng-tạo
2065,4,Tang 4_Blog Comment,https://bookmarksparkle.com/story22198834/dựng-băng-rôn-cờ-phướn-hướng-dẫn-chi-tiết-Ý-tưởng-sáng-tạo
2066,4,Tang 4_Blog Comment,https://bookmarkpath.com/story22033871/dựng-băng-rôn-lăng-Động-phướn-hướng-dẫn-dễ-hiểu-giải-pháp-Độc-Đáo
2067,4,Tang 4_Blog Comment,https://bookmarklayer.com/story22106670/treo-pa-nen-cờ-phướn-hướng-dẫn-dễ-hiểu-giải-pháp-Độc-Đáo
2068,4,Tang 4_Blog Comment,https://bookmarkbells.com/story22133693/dựng-băng-rôn-cờ-phướn-hướng-dẫn-chi-tiết-giải-pháp-Độc-Đáo
2069,4,Tang 4_Blog Comment,https://bookmarkingdelta.com/story22018156/treo-băng-rôn-cờ-phướn-hướng-dẫn-chi-tiết-giải-pháp-Độc-Đáo
2070,4,Tang 4_Blog Comment,https://bookmarkingace.com/story22080475/treo-băng-rôn-lăng-Động-phướn-cách-thức-chi-tiết-giải-pháp-sáng-tạo
2071,4,Tang 4_Blog Comment,https://allyourbookmarks.com/story22085170/treo-pa-nen-cờ-phướn-hướng-dẫn-chi-tiết-Ý-tưởng-sáng-tạo
2072,4,Tang 4_Blog Comment,https://yxzbookmarks.com/story22063579/dựng-băng-rôn-cờ-phướn-hướng-dẫn-dễ-hiểu-Ý-tưởng-Độc-Đáo
2073,4,Tang 4_Blog Comment,https://ezmarkbookmarks.com/story22184436/dựng-băng-rôn-lăng-Động-phướn-cách-thức-chi-tiết-giải-pháp-Độc-Đáo
2074,4,Tang 4_Blog Comment,https://bookmarkgenious.com/story22193628/dựng-băng-rôn-cờ-phướn-hướng-dẫn-chi-tiết-Ý-tưởng-Độc-Đáo
2075,4,Tang 4_Blog Comment,https://whitebookmarks.com/story22137801/treo-băng-rôn-lăng-Động-phướn-hướng-dẫn-dễ-hiểu-giải-pháp-sáng-tạo
2076,4,Tang 4_Blog Comment,https://totalbookmarking.com/story22113742/dựng-băng-rôn-lăng-Động-phướn-hướng-dẫn-dễ-hiểu-giải-pháp-sáng-tạo
2077,4,Tang 4_Blog Comment,https://top100bookmark.com/story22232397/treo-băng-rôn-cờ-phướn-hướng-dẫn-chi-tiết-giải-pháp-sáng-tạo
2078,4,Tang 4_Blog Comment,https://thebookmarklist.com/story22018464/treo-băng-rôn-cờ-phướn-cách-thức-chi-tiết-Ý-tưởng-sáng-tạo
2079,4,Tang 4_Blog Comment,https://seobookmarkpro.com/story22078484/treo-pa-nen-cờ-phướn-hướng-dẫn-chi-tiết-giải-pháp-sáng-tạo
2080,4,Tang 4_Blog Comment,https://ragingbookmarks.com/story22065314/treo-pa-nen-lăng-Động-phướn-cách-thức-dễ-hiểu-giải-pháp-Độc-Đáo
2081,4,Tang 4_Blog Comment,https://peakbookmarks.com/story22135535/dựng-băng-rôn-cờ-phướn-cách-thức-dễ-hiểu-Ý-tưởng-Độc-Đáo
2082,4,Tang 4_Blog Comment,https://one-bookmark.com/story21997512/dựng-băng-rôn-cờ-phướn-cách-thức-dễ-hiểu-giải-pháp-sáng-tạo
2083,4,Tang 4_Blog Comment,https://networkbookmarks.com/story22071702/treo-băng-rôn-lăng-Động-phướn-cách-thức-chi-tiết-giải-pháp-Độc-Đáo
2084,4,Tang 4_Blog Comment,https://maroonbookmarks.com/story21980345/dựng-băng-rôn-lăng-Động-phướn-cách-thức-dễ-hiểu-Ý-tưởng-Độc-Đáo
2085,4,Tang 4_Blog Comment,https://loanbookmark.com/story22147969/treo-pa-nen-cờ-phướn-cách-thức-dễ-hiểu-Ý-tưởng-Độc-Đáo
2086,4,Tang 4_Blog Comment,https://letsbookmarkit.com/story22028288/treo-pa-nen-cờ-phướn-hướng-dẫn-chi-tiết-giải-pháp-sáng-tạo
2087,4,Tang 4_Blog Comment,https://funbookmarking.com/story22053133/treo-băng-rôn-cờ-phướn-cách-thức-chi-tiết-giải-pháp-Độc-Đáo
2088,4,Tang 4_Blog Comment,https://free-bookmarking.com/story22134641/treo-pa-nen-cờ-phướn-hướng-dẫn-chi-tiết-Ý-tưởng-Độc-Đáo
2089,4,Tang 4_Blog Comment,https://doctorbookmark.com/story22116458/dựng-băng-rôn-lăng-Động-phướn-cách-thức-chi-tiết-Ý-tưởng-Độc-Đáo
2090,4,Tang 4_Blog Comment,https://bookmarkleader.com/story22091685/dựng-băng-rôn-cờ-phướn-cách-thức-chi-tiết-Ý-tưởng-sáng-tạo
2091,4,Tang 4_Blog Comment,https://bookmarkforce.com/story22154237/dựng-băng-rôn-cờ-phướn-cách-thức-chi-tiết-giải-pháp-sáng-tạo
2092,4,Tang 4_Blog Comment,https://bookmarkick.com/story22104751/dựng-băng-rôn-cờ-phướn-hướng-dẫn-chi-tiết-giải-pháp-sáng-tạo
2093,4,Tang 4_Blog Comment,https://kbookmarking.com/story22039269/treo-pa-nen-cờ-phướn-cách-thức-dễ-hiểu-giải-pháp-Độc-Đáo
2094,4,Tang 4_Blog Comment,https://ilovebookmarking.com/story22054987/treo-pa-nen-lăng-Động-phướn-cách-thức-chi-tiết-Ý-tưởng-sáng-tạo
2095,4,Tang 4_Blog Comment,https://bookmarkwuzz.com/story22059770/treo-pa-nen-cờ-phướn-hướng-dẫn-chi-tiết-Ý-tưởng-Độc-Đáo
2096,4,Tang 4_Blog Comment,https://bookmarksaifi.com/story22143478/treo-pa-nen-cờ-phướn-cách-thức-chi-tiết-giải-pháp-sáng-tạo
2097,4,Tang 4_Blog Comment,https://bookmarklethq.com/story22025243/treo-băng-rôn-cờ-phướn-hướng-dẫn-dễ-hiểu-giải-pháp-Độc-Đáo
2098,4,Tang 4_Blog Comment,https://atozbookmarkc.com/story22269177/dựng-băng-rôn-cờ-phướn-cách-thức-chi-tiết-Ý-tưởng-Độc-Đáo
2099,4,Tang 4_Blog Comment,https://thebookmarkage.com/story22034314/treo-pa-nen-cờ-phướn-hướng-dẫn-chi-tiết-Ý-tưởng-Độc-Đáo
2100,4,Tang 4_Blog Comment,https://tetrabookmarks.com/story22081574/dựng-băng-rôn-cờ-phướn-hướng-dẫn-dễ-hiểu-giải-pháp-sáng-tạo
2101,4,Tang 4_Blog Comment,https://siambookmark.com/story22079919/treo-pa-nen-lăng-Động-phướn-hướng-dẫn-chi-tiết-giải-pháp-Độc-Đáo
2102,4,Tang 4_Blog Comment,https://redhotbookmarks.com/story21996423/treo-pa-nen-cờ-phướn-cách-thức-dễ-hiểu-giải-pháp-Độc-Đáo
2103,4,Tang 4_Blog Comment,https://pukkabookmarks.com/story22104561/treo-pa-nen-cờ-phướn-cách-thức-dễ-hiểu-Ý-tưởng-Độc-Đáo
2104,4,Tang 4_Blog Comment,https://orangebookmarks.com/story22112206/dựng-băng-rôn-cờ-phướn-hướng-dẫn-chi-tiết-giải-pháp-sáng-tạo
2105,4,Tang 4_Blog Comment,https://olivebookmarks.com/story22134201/treo-pa-nen-lăng-Động-phướn-hướng-dẫn-dễ-hiểu-giải-pháp-sáng-tạo
2106,4,Tang 4_Blog Comment,https://naturalbookmarks.com/story22100985/treo-pa-nen-cờ-phướn-cách-thức-chi-tiết-giải-pháp-sáng-tạo
2107,4,Tang 4_Blog Comment,https://myfirstbookmark.com/story22071095/treo-băng-rôn-cờ-phướn-cách-thức-dễ-hiểu-Ý-tưởng-Độc-Đáo
2108,4,Tang 4_Blog Comment,https://macrobookmarks.com/story22192297/treo-băng-rôn-lăng-Động-phướn-hướng-dẫn-dễ-hiểu-Ý-tưởng-Độc-Đáo
2109,4,Tang 4_Blog Comment,https://linkingbookmark.com/story21941679/treo-pa-nen-lăng-Động-phướn-hướng-dẫn-chi-tiết-Ý-tưởng-Độc-Đáo
2110,4,Tang 4_Blog Comment,https://leftbookmarks.com/story22102478/dựng-băng-rôn-cờ-phướn-cách-thức-dễ-hiểu-giải-pháp-Độc-Đáo
2111,4,Tang 4_Blog Comment,https://kingbookmark.com/story22114415/treo-băng-rôn-cờ-phướn-cách-thức-dễ-hiểu-giải-pháp-Độc-Đáo
2112,4,Tang 4_Blog Comment,https://hypebookmarking.com/story21824790/treo-pa-nen-cờ-phướn-cách-thức-chi-tiết-giải-pháp-sáng-tạo
2113,4,Tang 4_Blog Comment,https://greatbookmarking.com/story22078176/treo-pa-nen-cờ-phướn-hướng-dẫn-chi-tiết-giải-pháp-sáng-tạo
2114,4,Tang 4_Blog Comment,https://geniusbookmarks.com/story22030058/treo-pa-nen-cờ-phướn-cách-thức-chi-tiết-giải-pháp-Độc-Đáo
2115,4,Tang 4_Blog Comment,https://freshbookmarking.com/story22053728/treo-pa-nen-cờ-phướn-hướng-dẫn-dễ-hiểu-Ý-tưởng-sáng-tạo
2116,4,Tang 4_Blog Comment,https://expressbookmark.com/story22036397/dựng-băng-rôn-cờ-phướn-cách-thức-dễ-hiểu-Ý-tưởng-Độc-Đáo
2117,4,Tang 4_Blog Comment,https://exactlybookmarks.com/story21984925/treo-băng-rôn-lăng-Động-phướn-hướng-dẫn-dễ-hiểu-Ý-tưởng-sáng-tạo
2118,4,Tang 4_Blog Comment,https://echobookmarks.com/story22030868/dựng-băng-rôn-cờ-phướn-cách-thức-chi-tiết-Ý-tưởng-Độc-Đáo
2119,4,Tang 4_Blog Comment,https://cyberbookmarking.com/story21963515/treo-pa-nen-lăng-Động-phướn-hướng-dẫn-chi-tiết-giải-pháp-sáng-tạo
2120,4,Tang 4_Blog Comment,https://bookmarkssocial.com/story21972666/treo-pa-nen-lăng-Động-phướn-cách-thức-dễ-hiểu-giải-pháp-Độc-Đáo
2121,4,Tang 4_Blog Comment,https://bookmarksbay.com/story22098470/treo-băng-rôn-cờ-phướn-hướng-dẫn-dễ-hiểu-Ý-tưởng-sáng-tạo
2122,4,Tang 4_Blog Comment,https://bookmarkzap.com/story21928453/treo-băng-rôn-cờ-phướn-cách-thức-chi-tiết-Ý-tưởng-sáng-tạo
2123,4,Tang 4_Blog Comment,https://bookmarkmargin.com/story22030523/treo-pa-nen-cờ-phướn-cách-thức-chi-tiết-giải-pháp-Độc-Đáo
2124,4,Tang 4_Blog Comment,https://bookmarkbooth.com/story22073201/treo-băng-rôn-cờ-phướn-cách-thức-chi-tiết-Ý-tưởng-Độc-Đáo
2125,4,Tang 4_Blog Comment,https://bookmarkinginfo.com/story21999237/dựng-băng-rôn-cờ-phướn-cách-thức-dễ-hiểu-giải-pháp-Độc-Đáo
2126,4,Tang 4_Blog Comment,https://bookmarkingdepot.com/story21974948/treo-pa-nen-lăng-Động-phướn-hướng-dẫn-dễ-hiểu-Ý-tưởng-Độc-Đáo
2127,4,Tang 4_Blog Comment,https://bookmarkingalpha.com/story22050724/treo-băng-rôn-cờ-phướn-hướng-dẫn-dễ-hiểu-giải-pháp-sáng-tạo
2128,4,Tang 4_Blog Comment,https://bookmarkilo.com/story21917031/treo-pa-nen-lăng-Động-phướn-hướng-dẫn-chi-tiết-Ý-tưởng-sáng-tạo
2129,4,Tang 4_Blog Comment,https://artybookmarks.com/story21858276/treo-băng-rôn-cờ-phướn-cách-thức-dễ-hiểu-giải-pháp-Độc-Đáo
2130,4,Tang 4_Blog Comment,https://apollobookmarks.com/story21982223/treo-băng-rôn-cờ-phướn-hướng-dẫn-chi-tiết-giải-pháp-sáng-tạo
2131,4,Tang 4_Blog Comment,https://socialbookmarkgs.com/story22073539/dựng-băng-rôn-cờ-phướn-hướng-dẫn-chi-tiết-Ý-tưởng-sáng-tạo
2132,4,Tang 4_Blog Comment,https://mnobookmarks.com/story21954563/treo-băng-rôn-cờ-phướn-cách-thức-dễ-hiểu-giải-pháp-Độc-Đáo
2133,4,Tang 4_Blog Comment,https://geilebookmarks.com/story21917669/dựng-băng-rôn-cờ-phướn-hướng-dẫn-dễ-hiểu-giải-pháp-sáng-tạo
2134,4,Tang 4_Blog Comment,https://bookmarkmoz.com/story22065778/treo-băng-rôn-cờ-phướn-hướng-dẫn-dễ-hiểu-Ý-tưởng-Độc-Đáo
2135,4,Tang 4_Blog Comment,https://baidubookmark.com/story21881946/treo-pa-nen-cờ-phướn-hướng-dẫn-chi-tiết-giải-pháp-Độc-Đáo
2136,4,Tang 4_Blog Comment,https://yesbookmarks.com/story22135335/treo-băng-rôn-cờ-phướn-hướng-dẫn-chi-tiết-giải-pháp-Độc-Đáo
2137,4,Tang 4_Blog Comment,https://tripsbookmarks.com/story22082126/dựng-băng-rôn-lăng-Động-phướn-hướng-dẫn-dễ-hiểu-giải-pháp-sáng-tạo
2138,4,Tang 4_Blog Comment,https://ticketsbookmarks.com/story21951329/treo-pa-nen-cờ-phướn-hướng-dẫn-chi-tiết-giải-pháp-Độc-Đáo
2139,4,Tang 4_Blog Comment,https://tealbookmarks.com/story22019471/treo-pa-nen-cờ-phướn-hướng-dẫn-dễ-hiểu-giải-pháp-sáng-tạo
2140,4,Tang 4_Blog Comment,https://setbookmarks.com/story22072897/treo-băng-rôn-cờ-phướn-cách-thức-dễ-hiểu-Ý-tưởng-sáng-tạo
2141,4,Tang 4_Blog Comment,https://optimusbookmarks.com/story21990236/treo-băng-rôn-cờ-phướn-hướng-dẫn-chi-tiết-giải-pháp-sáng-tạo
2142,4,Tang 4_Blog Comment,https://maximusbookmarks.com/story22121560/treo-pa-nen-lăng-Động-phướn-hướng-dẫn-chi-tiết-giải-pháp-Độc-Đáo
2143,4,Tang 4_Blog Comment,https://keybookmarks.com/story22072892/treo-băng-rôn-cờ-phướn-hướng-dẫn-chi-tiết-Ý-tưởng-Độc-Đáo
2144,4,Tang 4_Blog Comment,https://hyperbookmarks.com/story22031344/dựng-băng-rôn-lăng-Động-phướn-hướng-dẫn-chi-tiết-giải-pháp-sáng-tạo
2145,4,Tang 4_Blog Comment,https://hotbookmarkings.com/story22051957/treo-băng-rôn-cờ-phướn-cách-thức-dễ-hiểu-Ý-tưởng-sáng-tạo
2146,4,Tang 4_Blog Comment,https://extrabookmarking.com/story22052339/treo-băng-rôn-cờ-phướn-hướng-dẫn-chi-tiết-Ý-tưởng-Độc-Đáo
2147,4,Tang 4_Blog Comment,https://enrollbookmarks.com/story21982326/treo-pa-nen-cờ-phướn-cách-thức-dễ-hiểu-giải-pháp-sáng-tạo
2148,4,Tang 4_Blog Comment,https://digibookmarks.com/story21990613/treo-băng-rôn-lăng-Động-phướn-cách-thức-chi-tiết-giải-pháp-Độc-Đáo
2149,4,Tang 4_Blog Comment,https://bookmarkuse.com/story21856945/treo-pa-nen-cờ-phướn-hướng-dẫn-chi-tiết-giải-pháp-sáng-tạo
2150,4,Tang 4_Blog Comment,https://bookmarktune.com/story21938042/treo-băng-rôn-cờ-phướn-hướng-dẫn-chi-tiết-Ý-tưởng-Độc-Đáo
2151,4,Tang 4_Blog Comment,https://bookmarkpressure.com/story21959549/treo-băng-rôn-cờ-phướn-cách-thức-dễ-hiểu-giải-pháp-Độc-Đáo
2152,4,Tang 4_Blog Comment,https://bookmarkjourney.com/story22054558/treo-pa-nen-cờ-phướn-hướng-dẫn-chi-tiết-giải-pháp-sáng-tạo
2153,4,Tang 4_Blog Comment,https://bookmarkindexing.com/story21924127/treo-pa-nen-cờ-phướn-hướng-dẫn-chi-tiết-Ý-tưởng-Độc-Đáo
2154,4,Tang 4_Blog Comment,https://bookmarkforest.com/story21966124/treo-băng-rôn-cờ-phướn-cách-thức-dễ-hiểu-Ý-tưởng-sáng-tạo
2155,4,Tang 4_Blog Comment,https://bookmarkeasier.com/story21894777/dựng-băng-rôn-lăng-Động-phướn-hướng-dẫn-dễ-hiểu-giải-pháp-Độc-Đáo
2156,4,Tang 4_Blog Comment,https://bookmarkchamp.com/story21988942/treo-băng-rôn-cờ-phướn-hướng-dẫn-chi-tiết-giải-pháp-Độc-Đáo
2157,4,Tang 4_Blog Comment,https://bookmarkingquest.com/story21974823/treo-băng-rôn-lăng-Động-phướn-hướng-dẫn-chi-tiết-giải-pháp-Độc-Đáo
2158,4,Tang 4_Blog Comment,https://bookmarkingbay.com/story22021586/treo-pa-nen-lăng-Động-phướn-cách-thức-dễ-hiểu-giải-pháp-sáng-tạo
2159,4,Tang 4_Blog Comment,https://active-bookmarks.com/story21944509/treo-pa-nen-lăng-Động-phướn-hướng-dẫn-dễ-hiểu-Ý-tưởng-sáng-tạo
2160,4,Tang 4_Blog Comment,https://dmozbookmark.com/story22045340/treo-băng-rôn-cờ-phướn-cách-thức-dễ-hiểu-Ý-tưởng-Độc-Đáo
2161,4,Tang 4_Blog Comment,https://bookmarklinx.com/story22114230/dựng-băng-rôn-lăng-Động-phướn-cách-thức-dễ-hiểu-giải-pháp-Độc-Đáo
2162,4,Tang 4_Blog Comment,https://bookmarkerz.com/story21925654/treo-băng-rôn-lăng-Động-phướn-hướng-dẫn-dễ-hiểu-Ý-tưởng-sáng-tạo
2163,4,Tang 4_Blog Comment,https://bookmarkahref.com/story22041575/treo-pa-nen-cờ-phướn-hướng-dẫn-dễ-hiểu-Ý-tưởng-sáng-tạo
2164,4,Tang 4_Blog Comment,https://top10bookmark.com/story21899307/treo-băng-rôn-cờ-phướn-cách-thức-dễ-hiểu-giải-pháp-sáng-tạo
2165,4,Tang 4_Blog Comment,https://tinybookmarks.com/story22014124/dựng-băng-rôn-cờ-phướn-cách-thức-dễ-hiểu-giải-pháp-sáng-tạo
2166,4,Tang 4_Blog Comment,https://thebookmarknight.com/story22016899/treo-băng-rôn-cờ-phướn-hướng-dẫn-chi-tiết-Ý-tưởng-Độc-Đáo
2167,4,Tang 4_Blog Comment,https://scrapbookmarket.com/story22031317/dựng-băng-rôn-lăng-Động-phướn-hướng-dẫn-dễ-hiểu-Ý-tưởng-Độc-Đáo
2168,4,Tang 4_Blog Comment,https://royalbookmarking.com/story22016082/treo-pa-nen-cờ-phướn-hướng-dẫn-dễ-hiểu-giải-pháp-Độc-Đáo
2169,4,Tang 4_Blog Comment,https://natural-bookmark.com/story21993365/treo-băng-rôn-cờ-phướn-hướng-dẫn-dễ-hiểu-Ý-tưởng-sáng-tạo
2170,4,Tang 4_Blog Comment,https://nanobookmarking.com/story21949191/treo-pa-nen-cờ-phướn-cách-thức-chi-tiết-giải-pháp-Độc-Đáo
2171,4,Tang 4_Blog Comment,https://monobookmarks.com/story21938153/treo-pa-nen-cờ-phướn-cách-thức-dễ-hiểu-giải-pháp-Độc-Đáo
2172,4,Tang 4_Blog Comment,https://modernbookmarks.com/story21823640/treo-pa-nen-cờ-phướn-cách-thức-chi-tiết-Ý-tưởng-sáng-tạo
2173,4,Tang 4_Blog Comment,https://listingbookmarks.com/story22080310/dựng-băng-rôn-cờ-phướn-hướng-dẫn-dễ-hiểu-Ý-tưởng-Độc-Đáo
2174,4,Tang 4_Blog Comment,https://eternalbookmarks.com/story21866956/treo-pa-nen-cờ-phướn-cách-thức-chi-tiết-giải-pháp-sáng-tạo
2175,4,Tang 4_Blog Comment,https://crossbookmark.com/story21913715/treo-băng-rôn-cờ-phướn-hướng-dẫn-chi-tiết-giải-pháp-Độc-Đáo
2176,4,Tang 4_Blog Comment,https://cheapbookmarking.com/story21938216/dựng-băng-rôn-cờ-phướn-cách-thức-chi-tiết-giải-pháp-sáng-tạo
2177,4,Tang 4_Blog Comment,https://captainbookmark.com/story21977332/treo-băng-rôn-lăng-Động-phướn-cách-thức-dễ-hiểu-giải-pháp-Độc-Đáo
2178,4,Tang 4_Blog Comment,https://bookmarkworm.com/story21982618/treo-băng-rôn-lăng-Động-phướn-hướng-dẫn-chi-tiết-giải-pháp-Độc-Đáo
2179,4,Tang 4_Blog Comment,https://bookmarkunit.com/story21895989/treo-băng-rôn-cờ-phướn-hướng-dẫn-chi-tiết-giải-pháp-Độc-Đáo
2180,4,Tang 4_Blog Comment,https://bookmarktiger.com/story21991042/dựng-băng-rôn-cờ-phướn-hướng-dẫn-chi-tiết-Ý-tưởng-Độc-Đáo
2181,4,Tang 4_Blog Comment,https://bookmarksea.com/story22002479/dựng-băng-rôn-lăng-Động-phướn-hướng-dẫn-chi-tiết-giải-pháp-Độc-Đáo
2182,4,Tang 4_Blog Comment,https://bookmarkplaces.com/story21967824/dựng-băng-rôn-lăng-Động-phướn-cách-thức-dễ-hiểu-Ý-tưởng-Độc-Đáo
2183,4,Tang 4_Blog Comment,https://bookmarkoffire.com/story21951118/treo-pa-nen-cờ-phướn-hướng-dẫn-dễ-hiểu-giải-pháp-sáng-tạo
2184,4,Tang 4_Blog Comment,https://bookmarkgenius.com/story21908802/treo-pa-nen-lăng-Động-phướn-cách-thức-dễ-hiểu-Ý-tưởng-Độc-Đáo
2185,4,Tang 4_Blog Comment,https://bookmarkfly.com/story22044422/dựng-băng-rôn-cờ-phướn-cách-thức-dễ-hiểu-giải-pháp-sáng-tạo
2186,4,Tang 4_Blog Comment,https://bookmarkfame.com/story21886819/treo-pa-nen-cờ-phướn-cách-thức-dễ-hiểu-Ý-tưởng-Độc-Đáo
2187,4,Tang 4_Blog Comment,https://bookmarkcolumn.com/story21838438/treo-pa-nen-cờ-phướn-hướng-dẫn-dễ-hiểu-Ý-tưởng-Độc-Đáo
2188,4,Tang 4_Blog Comment,https://bookmarkcitizen.com/story22033870/treo-băng-rôn-cờ-phướn-hướng-dẫn-chi-tiết-Ý-tưởng-Độc-Đáo
2189,4,Tang 4_Blog Comment,https://bookmarkboom.com/story22013892/treo-pa-nen-cờ-phướn-cách-thức-chi-tiết-Ý-tưởng-Độc-Đáo
2190,4,Tang 4_Blog Comment,https://bookmarkassist.com/story21930771/dựng-băng-rôn-cờ-phướn-hướng-dẫn-chi-tiết-giải-pháp-sáng-tạo
2191,4,Tang 4_Blog Comment,https://bookmarkingfeed.com/story21941485/treo-pa-nen-cờ-phướn-cách-thức-dễ-hiểu-giải-pháp-sáng-tạo
2192,4,Tang 4_Blog Comment,https://alphabookmarking.com/story21902086/treo-băng-rôn-lăng-Động-phướn-cách-thức-dễ-hiểu-giải-pháp-Độc-Đáo
2193,4,Tang 4_Blog Comment,https://1001bookmarks.com/story21902443/treo-pa-nen-cờ-phướn-hướng-dẫn-chi-tiết-Ý-tưởng-sáng-tạo
2194,4,Tang 4_Blog Comment,https://ilovebookmark.com/story21893814/treo-băng-rôn-cờ-phướn-hướng-dẫn-dễ-hiểu-Ý-tưởng-sáng-tạo
2195,4,Tang 4_Blog Comment,https://ez-bookmarking.com/story21992671/treo-băng-rôn-cờ-phướn-cách-thức-chi-tiết-giải-pháp-Độc-Đáo
2196,4,Tang 4_Blog Comment,https://atozbookmark.com/story21902413/treo-pa-nen-cờ-phướn-cách-thức-chi-tiết-Ý-tưởng-sáng-tạo
2197,4,Tang 4_Blog Comment,https://userbookmark.com/story21984991/dựng-băng-rôn-cờ-phướn-hướng-dẫn-chi-tiết-giải-pháp-sáng-tạo
2198,4,Tang 4_Blog Comment,https://total-bookmark.com/story21892652/treo-băng-rôn-cờ-phướn-hướng-dẫn-chi-tiết-giải-pháp-Độc-Đáo
2199,4,Tang 4_Blog Comment,https://thegreatbookmark.com/story22061377/treo-pa-nen-cờ-phướn-cách-thức-dễ-hiểu-Ý-tưởng-Độc-Đáo
2200,4,Tang 4_Blog Comment,https://thebookmarkplaza.com/story21948523/treo-băng-rôn-cờ-phướn-cách-thức-chi-tiết-Ý-tưởng-sáng-tạo
2201,4,Tang 4_Blog Comment,https://thebookmarkking.com/story21983070/dựng-băng-rôn-cờ-phướn-hướng-dẫn-dễ-hiểu-giải-pháp-sáng-tạo
2202,4,Tang 4_Blog Comment,https://thebookmarkfree.com/story22146589/treo-băng-rôn-cờ-phướn-cách-thức-chi-tiết-giải-pháp-Độc-Đáo
2203,4,Tang 4_Blog Comment,https://single-bookmark.com/story22059153/treo-pa-nen-cờ-phướn-hướng-dẫn-chi-tiết-giải-pháp-sáng-tạo
2204,4,Tang 4_Blog Comment,https://privatebookmark.com/story22037858/treo-băng-rôn-cờ-phướn-cách-thức-chi-tiết-giải-pháp-Độc-Đáo
2205,4,Tang 4_Blog Comment,https://onlybookmarkings.com/story21941619/dựng-băng-rôn-cờ-phướn-hướng-dẫn-chi-tiết-Ý-tưởng-Độc-Đáo
2206,4,Tang 4_Blog Comment,https://mysterybookmarks.com/story21989154/dựng-băng-rôn-cờ-phướn-hướng-dẫn-chi-tiết-Ý-tưởng-sáng-tạo
2207,4,Tang 4_Blog Comment,https://mirrorbookmarks.com/story21954624/treo-băng-rôn-cờ-phướn-hướng-dẫn-dễ-hiểu-giải-pháp-Độc-Đáo
2208,4,Tang 4_Blog Comment,https://minibookmarks.com/story22003889/treo-băng-rôn-cờ-phướn-cách-thức-dễ-hiểu-Ý-tưởng-Độc-Đáo
2209,4,Tang 4_Blog Comment,https://indexedbookmarks.com/story21954778/treo-pa-nen-cờ-phướn-hướng-dẫn-chi-tiết-giải-pháp-Độc-Đáo
2210,4,Tang 4_Blog Comment,https://friendlybookmark.com/story21923372/treo-pa-nen-lăng-Động-phướn-cách-thức-dễ-hiểu-Ý-tưởng-Độc-Đáo
2211,4,Tang 4_Blog Comment,https://freebookmarkpost.com/story21894851/treo-pa-nen-cờ-phướn-hướng-dẫn-chi-tiết-Ý-tưởng-Độc-Đáo
2212,4,Tang 4_Blog Comment,https://explorebookmarks.com/story21945804/treo-pa-nen-cờ-phướn-hướng-dẫn-chi-tiết-Ý-tưởng-Độc-Đáo
2213,4,Tang 4_Blog Comment,https://bookmarksystem.com/story21850169/treo-băng-rôn-cờ-phướn-hướng-dẫn-chi-tiết-giải-pháp-Độc-Đáo
2214,4,Tang 4_Blog Comment,https://bookmarkusers.com/story21845324/treo-pa-nen-cờ-phướn-cách-thức-chi-tiết-giải-pháp-sáng-tạo
2215,4,Tang 4_Blog Comment,https://bookmarkspiral.com/story22047549/treo-băng-rôn-lăng-Động-phướn-hướng-dẫn-dễ-hiểu-Ý-tưởng-sáng-tạo
2216,4,Tang 4_Blog Comment,https://bookmarkdistrict.com/story21770821/dựng-băng-rôn-lăng-Động-phướn-hướng-dẫn-dễ-hiểu-Ý-tưởng-sáng-tạo
2217,4,Tang 4_Blog Comment,https://bookmark-search.com/story21920649/treo-pa-nen-cờ-phướn-cách-thức-chi-tiết-Ý-tưởng-Độc-Đáo
2218,4,Tang 4_Blog Comment,https://bookmark-nation.com/story21868398/dựng-băng-rôn-lăng-Động-phướn-hướng-dẫn-chi-tiết-giải-pháp-Độc-Đáo
2219,4,Tang 4_Blog Comment,https://7bookmarks.com/story21906952/dựng-băng-rôn-lăng-Động-phướn-cách-thức-chi-tiết-Ý-tưởng-Độc-Đáo
2220,4,Tang 4_Blog Comment,https://xyzbookmarks.com/story21860555/dựng-băng-rôn-cờ-phướn-hướng-dẫn-chi-tiết-Ý-tưởng-Độc-Đáo
2221,4,Tang 4_Blog Comment,https://tbookmark.com/story21908717/treo-pa-nen-lăng-Động-phướn-cách-thức-chi-tiết-giải-pháp-Độc-Đáo
2222,4,Tang 4_Blog Comment,https://bookmarklinkz.com/story21961449/treo-băng-rôn-cờ-phướn-hướng-dẫn-chi-tiết-giải-pháp-Độc-Đáo
2223,4,Tang 4_Blog Comment,https://bookmark-rss.com/story21880272/treo-băng-rôn-cờ-phướn-hướng-dẫn-chi-tiết-Ý-tưởng-sáng-tạo
2224,4,Tang 4_Blog Comment,https://mediajx.com/story600330/treo-băng-rôn-cờ-phướn-hướng-dẫn-chi-tiết-Ý-tưởng-Độc-Đáo
2225,4,Tang 4_Blog Comment,https://bookmark-dofollow.com/story30134002/dựng-băng-rôn-cờ-phướn-cách-thức-dễ-hiểu-giải-pháp-Độc-Đáo
2226,4,Tang 4_Blog Comment,https://bookmark-template.com/story30475946/treo-băng-rôn-cờ-phướn-cách-thức-dễ-hiểu-Ý-tưởng-sáng-tạo
2227,4,Tang 4_Blog Comment,https://prbookmarkingwebsites.com/story30208524/treo-pa-nen-cờ-phướn-hướng-dẫn-chi-tiết-giải-pháp-Độc-Đáo
2228,4,Tang 4_Blog Comment,https://socialmediainuk.com/story28558949/dựng-băng-rôn-cờ-phướn-hướng-dẫn-dễ-hiểu-Ý-tưởng-Độc-Đáo
2229,4,Tang 4_Blog Comment,https://dirstop.com/story30108369/treo-pa-nen-cờ-phướn-cách-thức-dễ-hiểu-Ý-tưởng-sáng-tạo
2230,4,Tang 4_Blog Comment,https://opensocialfactory.com/story27597489/treo-băng-rôn-cờ-phướn-hướng-dẫn-chi-tiết-giải-pháp-Độc-Đáo
2231,4,Tang 4_Blog Comment,https://ztndz.com/story30120677/dựng-băng-rôn-cờ-phướn-hướng-dẫn-dễ-hiểu-giải-pháp-sáng-tạo
2232,4,Tang 4_Blog Comment,https://gorillasocialwork.com/story28690166/treo-pa-nen-cờ-phướn-hướng-dẫn-dễ-hiểu-Ý-tưởng-Độc-Đáo
2233,4,Tang 4_Blog Comment,https://socialrus.com/story26419241/dựng-băng-rôn-cờ-phướn-cách-thức-dễ-hiểu-Ý-tưởng-sáng-tạo
2234,4,Tang 4_Blog Comment,https://socialmediastore.net/story23260025/treo-băng-rôn-lăng-Động-phướn-cách-thức-dễ-hiểu-giải-pháp-sáng-tạo
2235,4,Tang 4_Blog Comment,https://socialnetworkadsinfo.com/story23810202/dựng-băng-rôn-lăng-Động-phướn-cách-thức-dễ-hiểu-Ý-tưởng-sáng-tạo
2236,4,Tang 4_Blog Comment,https://bookmarkport.com/story24958637/dựng-băng-rôn-cờ-phướn-cách-thức-dễ-hiểu-Ý-tưởng-sáng-tạo
2237,4,Tang 4_Blog Comment,https://bookmarkbirth.com/story22795201/treo-pa-nen-cờ-phướn-hướng-dẫn-dễ-hiểu-Ý-tưởng-sáng-tạo
2238,4,Tang 4_Blog Comment,https://bookmarkloves.com/story24621355/treo-pa-nen-cờ-phướn-hướng-dẫn-chi-tiết-giải-pháp-sáng-tạo
2239,4,Tang 4_Blog Comment,https://getsocialpr.com/story23959784/treo-pa-nen-cờ-phướn-hướng-dẫn-chi-tiết-Ý-tưởng-sáng-tạo
2240,4,Tang 4_Blog Comment,https://bookmarkstumble.com/story24181334/treo-pa-nen-cờ-phướn-cách-thức-chi-tiết-giải-pháp-Độc-Đáo
2241,4,Tang 4_Blog Comment,https://bookmarkstime.com/story22795574/treo-băng-rôn-cờ-phướn-hướng-dẫn-dễ-hiểu-Ý-tưởng-sáng-tạo
2242,4,Tang 4_Blog Comment,https://gatherbookmarks.com/story23072312/dựng-băng-rôn-cờ-phướn-cách-thức-dễ-hiểu-giải-pháp-Độc-Đáo
2243,4,Tang 4_Blog Comment,https://bookmarkrange.com/story24010375/treo-pa-nen-cờ-phướn-hướng-dẫn-dễ-hiểu-giải-pháp-sáng-tạo
2244,4,Tang 4_Blog Comment,https://bookmarkextent.com/story24270002/treo-pa-nen-cờ-phướn-hướng-dẫn-dễ-hiểu-giải-pháp-sáng-tạo
2245,4,Tang 4_Blog Comment,https://bookmarkspring.com/story17277853/treo-pa-nen-cờ-phướn-hướng-dẫn-chi-tiết-giải-pháp-Độc-Đáo
2246,4,Tang 4_Blog Comment,https://bookmarkswing.com/story23854868/dựng-băng-rôn-cờ-phướn-cách-thức-dễ-hiểu-Ý-tưởng-Độc-Đáo
2247,4,Tang 4_Blog Comment,https://bookmarksknot.com/story24119181/treo-băng-rôn-cờ-phướn-cách-thức-chi-tiết-giải-pháp-sáng-tạo
2248,4,Tang 4_Blog Comment,https://bookmarkja.com/story24961715/dựng-băng-rôn-cờ-phướn-cách-thức-chi-tiết-Ý-tưởng-sáng-tạo
2249,4,Tang 4_Blog Comment,https://altbookmark.com/story24064022/dựng-băng-rôn-cờ-phướn-cách-thức-chi-tiết-Ý-tưởng-Độc-Đáo
2250,4,Tang 4_Blog Comment,https://letusbookmark.com/story24081571/treo-pa-nen-cờ-phướn-hướng-dẫn-chi-tiết-Ý-tưởng-sáng-tạo
2251,4,Tang 4_Blog Comment,https://trackbookmark.com/story23930930/treo-băng-rôn-lăng-Động-phướn-hướng-dẫn-chi-tiết-Ý-tưởng-sáng-tạo
2252,4,Tang 4_Blog Comment,https://hindibookmark.com/story24165879/treo-băng-rôn-cờ-phướn-cách-thức-dễ-hiểu-Ý-tưởng-Độc-Đáo
2253,4,Tang 4_Blog Comment,https://bookmarkshq.com/story23948309/treo-băng-rôn-cờ-phướn-hướng-dẫn-chi-tiết-giải-pháp-Độc-Đáo
2254,4,Tang 4_Blog Comment,https://nybookmark.com/story24033843/dựng-băng-rôn-lăng-Động-phướn-cách-thức-dễ-hiểu-giải-pháp-Độc-Đáo
2255,4,Tang 4_Blog Comment,https://bookmarketmaven.com/story22966707/dựng-băng-rôn-cờ-phướn-hướng-dẫn-dễ-hiểu-giải-pháp-Độc-Đáo
2256,4,Tang 4_Blog Comment,https://iowa-bookmarks.com/story17945872/treo-pa-nen-cờ-phướn-cách-thức-chi-tiết-Ý-tưởng-sáng-tạo
2257,4,Tang 4_Blog Comment,https://johsocial.com/story12787413/treo-pa-nen-cờ-phướn-cách-thức-chi-tiết-giải-pháp-sáng-tạo
2258,4,Tang 4_Blog Comment,https://bouchesocial.com/story24422455/treo-pa-nen-cờ-phướn-hướng-dẫn-chi-tiết-giải-pháp-Độc-Đáo
2259,4,Tang 4_Blog Comment,https://socialmarkz.com/story12792964/dựng-băng-rôn-cờ-phướn-hướng-dẫn-dễ-hiểu-Ý-tưởng-Độc-Đáo
2260,4,Tang 4_Blog Comment,https://socialmphl.com/story24416254/treo-pa-nen-cờ-phướn-hướng-dẫn-dễ-hiểu-Ý-tưởng-sáng-tạo
2261,4,Tang 4_Blog Comment,https://sparxsocial.com/story900978/treo-pa-nen-lăng-Động-phướn-hướng-dẫn-chi-tiết-Ý-tưởng-sáng-tạo
2262,4,Tang 4_Blog Comment,https://socialclubfm.com/story12902251/treo-pa-nen-cờ-phướn-hướng-dẫn-chi-tiết-Ý-tưởng-sáng-tạo
2263,4,Tang 4_Blog Comment,https://sound-social.com/story12421277/treo-băng-rôn-lăng-Động-phướn-hướng-dẫn-dễ-hiểu-Ý-tưởng-sáng-tạo
2264,4,Tang 4_Blog Comment,https://sociallawy.com/story12690752/dựng-băng-rôn-cờ-phướn-hướng-dẫn-dễ-hiểu-giải-pháp-Độc-Đáo
2265,4,Tang 4_Blog Comment,https://socialdosa.com/story12140170/treo-băng-rôn-cờ-phướn-cách-thức-chi-tiết-Ý-tưởng-Độc-Đáo
2266,4,Tang 4_Blog Comment,https://thesocialroi.com/story12071559/treo-băng-rôn-cờ-phướn-cách-thức-dễ-hiểu-Ý-tưởng-Độc-Đáo
2267,4,Tang 4_Blog Comment,https://throbsocial.com/story24238919/dựng-băng-rôn-lăng-Động-phướn-cách-thức-dễ-hiểu-giải-pháp-sáng-tạo
2268,4,Tang 4_Blog Comment,https://bbsocialclub.com/story24315871/dựng-băng-rôn-cờ-phướn-cách-thức-dễ-hiểu-Ý-tưởng-Độc-Đáo
2269,4,Tang 4_Blog Comment,https://dftsocial.com/story23212467/dựng-băng-rôn-cờ-phướn-cách-thức-chi-tiết-Ý-tưởng-sáng-tạo
2270,4,Tang 4_Blog Comment,https://socialevity.com/story24260530/dựng-băng-rôn-lăng-Động-phướn-hướng-dẫn-dễ-hiểu-Ý-tưởng-Độc-Đáo
2271,4,Tang 4_Blog Comment,https://nimmansocial.com/story12202135/treo-băng-rôn-cờ-phướn-hướng-dẫn-dễ-hiểu-Ý-tưởng-Độc-Đáo
2272,4,Tang 4_Blog Comment,https://socialrator.com/story13478594/dựng-băng-rôn-cờ-phướn-hướng-dẫn-dễ-hiểu-giải-pháp-sáng-tạo
2273,4,Tang 4_Blog Comment,https://social-lyft.com/story12193239/treo-băng-rôn-cờ-phướn-cách-thức-chi-tiết-giải-pháp-sáng-tạo
2274,4,Tang 4_Blog Comment,https://socialskates.com/story23543169/treo-pa-nen-cờ-phướn-cách-thức-chi-tiết-Ý-tưởng-sáng-tạo
2275,4,Tang 4_Blog Comment,https://socials360.com/story12747176/dựng-băng-rôn-cờ-phướn-cách-thức-dễ-hiểu-giải-pháp-sáng-tạo
2276,4,Tang 4_Blog Comment,https://socialwoot.com/story24023595/treo-pa-nen-cờ-phướn-hướng-dẫn-dễ-hiểu-Ý-tưởng-sáng-tạo
2277,4,Tang 4_Blog Comment,https://bookmarknap.com/story12691368/treo-pa-nen-lăng-Động-phướn-hướng-dẫn-chi-tiết-giải-pháp-Độc-Đáo
2278,4,Tang 4_Blog Comment,https://bookmarkinglive.com/story23191453/dựng-băng-rôn-cờ-phướn-hướng-dẫn-dễ-hiểu-Ý-tưởng-sáng-tạo
2279,4,Tang 4_Blog Comment,https://bookmarkmiracle.com/story544420/treo-pa-nen-cờ-phướn-hướng-dẫn-chi-tiết-Ý-tưởng-Độc-Đáo
2280,4,Tang 4_Blog Comment,https://telebookmarks.com/story12716781/dựng-băng-rôn-cờ-phướn-hướng-dẫn-chi-tiết-giải-pháp-sáng-tạo
2281,4,Tang 4_Blog Comment,https://bookmarkcork.com/story22878995/treo-băng-rôn-cờ-phướn-cách-thức-dễ-hiểu-Ý-tưởng-Độc-Đáo
2282,4,Tang 4_Blog Comment,https://bookmarkedblog.com/story1022224/dựng-băng-rôn-lăng-Động-phướn-hướng-dẫn-chi-tiết-giải-pháp-sáng-tạo
2283,4,Tang 4_Blog Comment,https://lingeriebookmark.com/story12139872/treo-băng-rôn-cờ-phướn-cách-thức-dễ-hiểu-Ý-tưởng-Độc-Đáo
2284,4,Tang 4_Blog Comment,https://bookmarkspy.com/story23702434/dựng-băng-rôn-cờ-phướn-hướng-dẫn-chi-tiết-giải-pháp-Độc-Đáo
2285,4,Tang 4_Blog Comment,https://bookmarkvids.com/story545137/dựng-băng-rôn-cờ-phướn-hướng-dẫn-chi-tiết-giải-pháp-Độc-Đáo
2286,4,Tang 4_Blog Comment,https://bookmarkshut.com/story23713368/treo-băng-rôn-cờ-phướn-cách-thức-chi-tiết-Ý-tưởng-Độc-Đáo
2287,4,Tang 4_Blog Comment,https://fellowfavorite.com/story23479762/treo-băng-rôn-cờ-phướn-hướng-dẫn-chi-tiết-giải-pháp-Độc-Đáo
2288,4,Tang 4_Blog Comment,https://rotatesites.com/story23647105/dựng-băng-rôn-cờ-phướn-cách-thức-dễ-hiểu-Ý-tưởng-sáng-tạo
2289,4,Tang 4_Blog Comment,https://hubwebsites.com/story23617557/treo-pa-nen-cờ-phướn-hướng-dẫn-dễ-hiểu-giải-pháp-sáng-tạo
2290,4,Tang 4_Blog Comment,https://binksites.com/story12024486/treo-băng-rôn-cờ-phướn-cách-thức-dễ-hiểu-Ý-tưởng-sáng-tạo
2291,4,Tang 4_Blog Comment,https://sitesrow.com/story12133561/treo-pa-nen-cờ-phướn-hướng-dẫn-chi-tiết-Ý-tưởng-Độc-Đáo
2292,4,Tang 4_Blog Comment,https://mysitesname.com/story12044780/treo-pa-nen-cờ-phướn-cách-thức-dễ-hiểu-Ý-tưởng-sáng-tạo
2293,4,Tang 4_Blog Comment,https://sites2000.com/story11931353/treo-băng-rôn-cờ-phướn-cách-thức-chi-tiết-Ý-tưởng-sáng-tạo
2294,4,Tang 4_Blog Comment,https://thejillist.com/story12515576/treo-pa-nen-cờ-phướn-cách-thức-chi-tiết-giải-pháp-sáng-tạo
2295,4,Tang 4_Blog Comment,https://toplistar.com/story24247861/treo-pa-nen-cờ-phướn-cách-thức-chi-tiết-Ý-tưởng-Độc-Đáo
2296,4,Tang 4_Blog Comment,https://kingslists.com/story23535274/dựng-băng-rôn-cờ-phướn-cách-thức-dễ-hiểu-giải-pháp-Độc-Đáo
2297,4,Tang 4_Blog Comment,https://fatallisto.com/story12234644/treo-băng-rôn-lăng-Động-phướn-cách-thức-chi-tiết-Ý-tưởng-sáng-tạo
2298,4,Tang 4_Blog Comment,https://worldlistpro.com/story24167764/dựng-băng-rôn-cờ-phướn-hướng-dẫn-dễ-hiểu-giải-pháp-sáng-tạo
2299,4,Tang 4_Blog Comment,https://health-lists.com/story22913328/treo-băng-rôn-cờ-phướn-hướng-dẫn-dễ-hiểu-giải-pháp-Độc-Đáo
2300,4,Tang 4_Blog Comment,https://webcastlist.com/story23586720/dựng-băng-rôn-cờ-phướn-cách-thức-dễ-hiểu-Ý-tưởng-Độc-Đáo
2301,4,Tang 4_Blog Comment,https://sirketlist.com/story23905699/treo-pa-nen-lăng-Động-phướn-cách-thức-dễ-hiểu-giải-pháp-sáng-tạo
2302,4,Tang 4_Blog Comment,https://listfav.com/story23938863/treo-băng-rôn-cờ-phướn-cách-thức-chi-tiết-giải-pháp-Độc-Đáo
2303,4,Tang 4_Blog Comment,https://classifylist.com/story24077762/dựng-băng-rôn-cờ-phướn-hướng-dẫn-chi-tiết-Ý-tưởng-sáng-tạo
2304,4,Tang 4_Blog Comment,https://icelisting.com/story23382170/dựng-băng-rôn-lăng-Động-phướn-hướng-dẫn-chi-tiết-giải-pháp-sáng-tạo
2305,4,Tang 4_Blog Comment,https://210list.com/story22852809/treo-băng-rôn-cờ-phướn-hướng-dẫn-dễ-hiểu-giải-pháp-sáng-tạo
2306,4,Tang 4_Blog Comment,https://hylistings.com/story23462669/dựng-băng-rôn-cờ-phướn-cách-thức-dễ-hiểu-Ý-tưởng-Độc-Đáo
2307,4,Tang 4_Blog Comment,https://wiishlist.com/story22894732/treo-băng-rôn-cờ-phướn-cách-thức-chi-tiết-giải-pháp-Độc-Đáo
2308,4,Tang 4_Blog Comment,https://travialist.com/story12520947/treo-pa-nen-lăng-Động-phướn-cách-thức-dễ-hiểu-giải-pháp-sáng-tạo
2309,4,Tang 4_Blog Comment,https://wearethelist.com/story24271533/treo-pa-nen-cờ-phướn-hướng-dẫn-dễ-hiểu-Ý-tưởng-sáng-tạo
2310,4,Tang 4_Blog Comment,https://listbell.com/story12026123/dựng-băng-rôn-cờ-phướn-cách-thức-dễ-hiểu-giải-pháp-sáng-tạo
2311,4,Tang 4_Blog Comment,https://seolistlinks.com/story23633523/dựng-băng-rôn-cờ-phướn-cách-thức-chi-tiết-Ý-tưởng-sáng-tạo
2312,4,Tang 4_Blog Comment,https://getidealist.com/story24034452/treo-pa-nen-cờ-phướn-hướng-dẫn-dễ-hiểu-Ý-tưởng-sáng-tạo
2313,4,Tang 4_Blog Comment,https://funny-lists.com/story23441273/dựng-băng-rôn-cờ-phướn-cách-thức-chi-tiết-giải-pháp-sáng-tạo
2314,4,Tang 4_Blog Comment,https://45listing.com/story24306308/treo-pa-nen-cờ-phướn-hướng-dẫn-chi-tiết-giải-pháp-sáng-tạo
2315,4,Tang 4_Blog Comment,https://thefairlist.com/story12343233/treo-băng-rôn-cờ-phướn-hướng-dẫn-chi-tiết-Ý-tưởng-Độc-Đáo
2316,4,Tang 4_Blog Comment,https://bookmarklinking.com/story636865/treo-băng-rôn-cờ-phướn-cách-thức-chi-tiết-giải-pháp-sáng-tạo
2317,4,Tang 4_Blog Comment,https://bookmarkspedia.com/story7807612/treo-pa-nen-cờ-phướn-hướng-dẫn-chi-tiết-giải-pháp-sáng-tạo
2318,4,Tang 4_Blog Comment,https://bookmarkshome.com/story7921309/treo-pa-nen-cờ-phướn-cách-thức-dễ-hiểu-Ý-tưởng-Độc-Đáo
2319,4,Tang 4_Blog Comment,https://bookmarksfocus.com/story7835582/dựng-băng-rôn-cờ-phướn-cách-thức-dễ-hiểu-giải-pháp-sáng-tạo
2320,4,Tang 4_Blog Comment,https://bookmarksurl.com/story7752056/treo-pa-nen-cờ-phướn-cách-thức-chi-tiết-giải-pháp-Độc-Đáo
2321,4,Tang 4_Blog Comment,https://myeasybookmarks.com/story7749210/treo-pa-nen-lăng-Động-phướn-hướng-dẫn-dễ-hiểu-giải-pháp-sáng-tạo
2322,4,Tang 4_Blog Comment,https://e-bookmarks.com/story7855911/treo-băng-rôn-cờ-phướn-hướng-dẫn-dễ-hiểu-giải-pháp-sáng-tạo
2323,4,Tang 4_Blog Comment,https://mixbookmark.com/story7799988/treo-pa-nen-cờ-phướn-cách-thức-dễ-hiểu-Ý-tưởng-Độc-Đáo
2324,4,Tang 4_Blog Comment,https://bookmarkalexa.com/story7791389/treo-băng-rôn-lăng-Động-phướn-hướng-dẫn-dễ-hiểu-giải-pháp-Độc-Đáo
2325,4,Tang 4_Blog Comment,https://bookmarkinglife.com/story7771158/treo-pa-nen-lăng-Động-phướn-hướng-dẫn-chi-tiết-Ý-tưởng-sáng-tạo
2326,4,Tang 4_Blog Comment,https://bookmark-group.com/story7838803/dựng-băng-rôn-cờ-phướn-cách-thức-dễ-hiểu-Ý-tưởng-sáng-tạo
2327,4,Tang 4_Blog Comment,https://mylittlebookmark.com/story7876147/treo-pa-nen-cờ-phướn-cách-thức-dễ-hiểu-giải-pháp-sáng-tạo
2328,4,Tang 4_Blog Comment,https://webookmarks.com/story7735295/dựng-băng-rôn-cờ-phướn-hướng-dẫn-dễ-hiểu-giải-pháp-sáng-tạo
2329,4,Tang 4_Blog Comment,https://checkbookmarks.com/story7782756/treo-băng-rôn-cờ-phướn-cách-thức-chi-tiết-giải-pháp-Độc-Đáo
2330,4,Tang 4_Blog Comment,https://ariabookmarks.com/story7950249/dựng-băng-rôn-lăng-Động-phướn-cách-thức-chi-tiết-giải-pháp-sáng-tạo
2331,4,Tang 4_Blog Comment,https://bookmarkfox.com/story7787608/dựng-băng-rôn-cờ-phướn-cách-thức-dễ-hiểu-Ý-tưởng-sáng-tạo
2332,4,Tang 4_Blog Comment,https://linkedbookmarker.com/story7720240/dựng-băng-rôn-lăng-Động-phướn-cách-thức-dễ-hiểu-giải-pháp-Độc-Đáo
2333,4,Tang 4_Blog Comment,https://bookmarksoflife.com/story7817850/treo-pa-nen-lăng-Động-phướn-cách-thức-chi-tiết-Ý-tưởng-sáng-tạo
2334,4,Tang 4_Blog Comment,https://bookmarkfavors.com/story7797114/dựng-băng-rôn-cờ-phướn-hướng-dẫn-dễ-hiểu-Ý-tưởng-sáng-tạo
2335,4,Tang 4_Blog Comment,https://bookmarkyourpage.com/story7608354/treo-băng-rôn-cờ-phướn-cách-thức-chi-tiết-giải-pháp-Độc-Đáo
2336,4,Tang 4_Blog Comment,https://businessbookmark.com/story7673537/treo-pa-nen-cờ-phướn-hướng-dẫn-dễ-hiểu-Ý-tưởng-sáng-tạo
2337,4,Tang 4_Blog Comment,https://ledbookmark.com/story7876348/treo-băng-rôn-lăng-Động-phướn-hướng-dẫn-dễ-hiểu-giải-pháp-Độc-Đáo
2338,4,Tang 4_Blog Comment,https://socialaffluent.com/story7709540/treo-băng-rôn-lăng-Động-phướn-hướng-dẫn-dễ-hiểu-giải-pháp-sáng-tạo
2339,4,Tang 4_Blog Comment,https://tornadosocial.com/story7752423/treo-băng-rôn-cờ-phướn-hướng-dẫn-dễ-hiểu-Ý-tưởng-sáng-tạo
2340,4,Tang 4_Blog Comment,https://topsocialplan.com/story7748786/dựng-băng-rôn-cờ-phướn-hướng-dẫn-chi-tiết-Ý-tưởng-sáng-tạo
2341,4,Tang 4_Blog Comment,https://socialbuzzmaster.com/story7807653/treo-pa-nen-cờ-phướn-cách-thức-chi-tiết-Ý-tưởng-sáng-tạo
2342,4,Tang 4_Blog Comment,https://social4geek.com/story7779545/treo-băng-rôn-cờ-phướn-hướng-dẫn-dễ-hiểu-giải-pháp-sáng-tạo
2343,4,Tang 4_Blog Comment,https://socialstrategie.com/story7847930/dựng-băng-rôn-cờ-phướn-cách-thức-dễ-hiểu-Ý-tưởng-sáng-tạo
2344,4,Tang 4_Blog Comment,https://thekiwisocial.com/story7676227/treo-pa-nen-lăng-Động-phướn-hướng-dẫn-chi-tiết-giải-pháp-Độc-Đáo
2345,4,Tang 4_Blog Comment,https://socialupme.com/story7749423/treo-băng-rôn-cờ-phướn-hướng-dẫn-dễ-hiểu-giải-pháp-Độc-Đáo
2346,4,Tang 4_Blog Comment,https://tvsocialnews.com/story7705476/treo-băng-rôn-cờ-phướn-cách-thức-chi-tiết-Ý-tưởng-sáng-tạo
2347,4,Tang 4_Blog Comment,https://wavesocialmedia.com/story7805528/treo-băng-rôn-lăng-Động-phướn-hướng-dẫn-dễ-hiểu-giải-pháp-sáng-tạo
2348,4,Tang 4_Blog Comment,https://thesocialcircles.com/story7882574/treo-pa-nen-cờ-phướn-hướng-dẫn-chi-tiết-Ý-tưởng-sáng-tạo
2349,4,Tang 4_Blog Comment,https://socialtechnet.com/story7662049/treo-pa-nen-cờ-phướn-cách-thức-dễ-hiểu-giải-pháp-Độc-Đáo
2350,4,Tang 4_Blog Comment,https://socialbaskets.com/story7775029/dựng-băng-rôn-cờ-phướn-hướng-dẫn-dễ-hiểu-giải-pháp-sáng-tạo
2351,4,Tang 4_Blog Comment,https://reallivesocial.com/story7767837/treo-băng-rôn-cờ-phướn-hướng-dẫn-dễ-hiểu-giải-pháp-sáng-tạo
2352,4,Tang 4_Blog Comment,https://highkeysocial.com/story7695416/treo-băng-rôn-cờ-phướn-hướng-dẫn-chi-tiết-Ý-tưởng-Độc-Đáo
2353,4,Tang 4_Blog Comment,https://esocialmall.com/story7574262/dựng-băng-rôn-cờ-phướn-cách-thức-chi-tiết-Ý-tưởng-Độc-Đáo
2354,4,Tang 4_Blog Comment,https://thesocialintro.com/story7752320/dựng-băng-rôn-cờ-phướn-hướng-dẫn-dễ-hiểu-Ý-tưởng-sáng-tạo
2355,4,Tang 4_Blog Comment,https://thesocialdelight.com/story7701503/treo-băng-rôn-lăng-Động-phướn-cách-thức-chi-tiết-giải-pháp-sáng-tạo
2356,4,Tang 4_Blog Comment,https://sociallytraffic.com/story7098299/dựng-băng-rôn-lăng-Động-phướn-hướng-dẫn-chi-tiết-Ý-tưởng-Độc-Đáo
2357,4,Tang 4_Blog Comment,https://socialislife.com/story7532498/treo-pa-nen-cờ-phướn-cách-thức-dễ-hiểu-giải-pháp-Độc-Đáo
2358,4,Tang 4_Blog Comment,https://socialdummies.com/story7072497/treo-pa-nen-lăng-Động-phướn-cách-thức-chi-tiết-giải-pháp-sáng-tạo
2359,4,Tang 4_Blog Comment,https://social40.com/story7646294/dựng-băng-rôn-cờ-phướn-hướng-dẫn-chi-tiết-giải-pháp-sáng-tạo
2360,4,Tang 4_Blog Comment,https://social-galaxy.com/story7634301/treo-băng-rôn-cờ-phướn-cách-thức-dễ-hiểu-giải-pháp-Độc-Đáo
2361,4,Tang 4_Blog Comment,https://getsocialselling.com/story7596465/treo-pa-nen-cờ-phướn-hướng-dẫn-chi-tiết-Ý-tưởng-Độc-Đáo
2362,4,Tang 4_Blog Comment,https://directmysocial.com/story6853568/treo-pa-nen-cờ-phướn-cách-thức-dễ-hiểu-giải-pháp-Độc-Đáo
2363,4,Tang 4_Blog Comment,https://isocialfans.com/story7657957/treo-pa-nen-cờ-phướn-cách-thức-chi-tiết-Ý-tưởng-Độc-Đáo
2364,4,Tang 4_Blog Comment,https://socialfactories.com/story7642983/dựng-băng-rôn-cờ-phướn-cách-thức-chi-tiết-giải-pháp-sáng-tạo
2365,4,Tang 4_Blog Comment,https://onelifesocial.com/story7531096/treo-pa-nen-cờ-phướn-cách-thức-dễ-hiểu-giải-pháp-sáng-tạo
2366,4,Tang 4_Blog Comment,https://sociallweb.com/story7627880/dựng-băng-rôn-cờ-phướn-hướng-dẫn-dễ-hiểu-Ý-tưởng-Độc-Đáo
2367,4,Tang 4_Blog Comment,https://socialioapp.com/story6946553/treo-băng-rôn-cờ-phướn-hướng-dẫn-chi-tiết-Ý-tưởng-Độc-Đáo
2368,4,Tang 4_Blog Comment,https://socialexpresions.com/story7678634/treo-pa-nen-cờ-phướn-cách-thức-dễ-hiểu-giải-pháp-sáng-tạo
2369,4,Tang 4_Blog Comment,https://mysocialquiz.com/story7675812/treo-pa-nen-cờ-phướn-cách-thức-dễ-hiểu-Ý-tưởng-Độc-Đáo
2370,4,Tang 4_Blog Comment,https://mysocialport.com/story7612535/treo-băng-rôn-cờ-phướn-hướng-dẫn-chi-tiết-giải-pháp-Độc-Đáo
2371,4,Tang 4_Blog Comment,https://mysocialfeeder.com/story6990147/dựng-băng-rôn-cờ-phướn-cách-thức-dễ-hiểu-Ý-tưởng-Độc-Đáo
2372,4,Tang 4_Blog Comment,https://express-page.com/story7554786/dựng-băng-rôn-lăng-Động-phướn-cách-thức-chi-tiết-Ý-tưởng-sáng-tạo
2373,4,Tang 4_Blog Comment,https://pageoftoday.com/story7582878/treo-pa-nen-cờ-phướn-cách-thức-dễ-hiểu-giải-pháp-sáng-tạo
2374,4,Tang 4_Blog Comment,https://livebackpage.com/story7587110/treo-băng-rôn-cờ-phướn-cách-thức-chi-tiết-Ý-tưởng-sáng-tạo
2375,4,Tang 4_Blog Comment,https://ok-social.com/story7659702/treo-băng-rôn-cờ-phướn-hướng-dẫn-dễ-hiểu-Ý-tưởng-Độc-Đáo
2376,4,Tang 4_Blog Comment,https://get-social-now.com/story7535677/treo-băng-rôn-lăng-Động-phướn-hướng-dẫn-chi-tiết-Ý-tưởng-sáng-tạo
2377,4,Tang 4_Blog Comment,https://socialimarketing.com/story7698229/treo-pa-nen-lăng-Động-phướn-cách-thức-chi-tiết-Ý-tưởng-sáng-tạo
2378,4,Tang 4_Blog Comment,https://socialeweb.com/story7561006/treo-pa-nen-lăng-Động-phướn-hướng-dẫn-dễ-hiểu-giải-pháp-Độc-Đáo
2379,4,Tang 4_Blog Comment,https://yoursocialpeople.com/story7556895/dựng-băng-rôn-cờ-phướn-hướng-dẫn-chi-tiết-giải-pháp-sáng-tạo
2380,4,Tang 4_Blog Comment,https://wisesocialsmedia.com/story7594855/treo-pa-nen-lăng-Động-phướn-hướng-dẫn-dễ-hiểu-giải-pháp-Độc-Đáo
2381,4,Tang 4_Blog Comment,https://wise-social.com/story7640219/dựng-băng-rôn-lăng-Động-phướn-hướng-dẫn-dễ-hiểu-Ý-tưởng-Độc-Đáo
2382,4,Tang 4_Blog Comment,https://socialwebleads.com/story7606101/treo-pa-nen-cờ-phướn-hướng-dẫn-dễ-hiểu-giải-pháp-Độc-Đáo
2383,4,Tang 4_Blog Comment,https://socialwebconsult.com/story7570596/treo-băng-rôn-lăng-Động-phướn-cách-thức-chi-tiết-Ý-tưởng-Độc-Đáo
2384,4,Tang 4_Blog Comment,https://socialmediaentry.com/story7577517/dựng-băng-rôn-cờ-phướn-hướng-dẫn-dễ-hiểu-giải-pháp-sáng-tạo
2385,4,Tang 4_Blog Comment,https://socialbuzztoday.com/story7573654/treo-băng-rôn-cờ-phướn-hướng-dẫn-dễ-hiểu-giải-pháp-sáng-tạo
2386,4,Tang 4_Blog Comment,https://socialbuzzfeed.com/story7630555/treo-pa-nen-cờ-phướn-hướng-dẫn-dễ-hiểu-giải-pháp-Độc-Đáo
2387,4,Tang 4_Blog Comment,https://mysocialguides.com/story7577580/dựng-băng-rôn-cờ-phướn-cách-thức-chi-tiết-Ý-tưởng-Độc-Đáo
2388,4,Tang 4_Blog Comment,https://my-social-box.com/story7566554/treo-băng-rôn-cờ-phướn-cách-thức-dễ-hiểu-Ý-tưởng-sáng-tạo
2389,4,Tang 4_Blog Comment,https://madesocials.com/story7627972/treo-pa-nen-cờ-phướn-cách-thức-dễ-hiểu-giải-pháp-Độc-Đáo
2390,4,Tang 4_Blog Comment,https://guidemysocial.com/story7571876/dựng-băng-rôn-cờ-phướn-cách-thức-dễ-hiểu-Ý-tưởng-sáng-tạo
2391,4,Tang 4_Blog Comment,https://getsocialsource.com/story7556292/treo-băng-rôn-cờ-phướn-hướng-dẫn-chi-tiết-Ý-tưởng-Độc-Đáo
2392,4,Tang 4_Blog Comment,https://getsocialnetwork.com/story7654359/dựng-băng-rôn-cờ-phướn-hướng-dẫn-chi-tiết-giải-pháp-sáng-tạo
2393,4,Tang 4_Blog Comment,https://allkindsofsocial.com/story7466913/dựng-băng-rôn-cờ-phướn-hướng-dẫn-dễ-hiểu-giải-pháp-sáng-tạo
2394,4,Tang 4_Blog Comment,https://webnowmedia.com/story7544800/treo-pa-nen-cờ-phướn-hướng-dẫn-dễ-hiểu-giải-pháp-Độc-Đáo
2395,4,Tang 4_Blog Comment,https://thebookpage.com/story7557887/dựng-băng-rôn-cờ-phướn-hướng-dẫn-chi-tiết-Ý-tưởng-sáng-tạo
2396,4,Tang 4_Blog Comment,https://techonpage.com/story7546003/dựng-băng-rôn-cờ-phướn-cách-thức-dễ-hiểu-Ý-tưởng-Độc-Đáo
2397,4,Tang 4_Blog Comment,https://infopagex.com/story7516404/dựng-băng-rôn-cờ-phướn-cách-thức-chi-tiết-giải-pháp-sáng-tạo
2398,4,Tang 4_Blog Comment,https://thesocialvibes.com/story7643690/treo-băng-rôn-cờ-phướn-hướng-dẫn-chi-tiết-Ý-tưởng-Độc-Đáo
2399,4,Tang 4_Blog Comment,https://socialistener.com/story7519376/treo-pa-nen-cờ-phướn-hướng-dẫn-chi-tiết-Ý-tưởng-sáng-tạo
2400,4,Tang 4_Blog Comment,https://socialinplace.com/story7569912/treo-băng-rôn-cờ-phướn-hướng-dẫn-dễ-hiểu-giải-pháp-sáng-tạo
2401,4,Tang 4_Blog Comment,https://socialicus.com/story7579402/treo-pa-nen-cờ-phướn-hướng-dẫn-chi-tiết-giải-pháp-Độc-Đáo
2402,4,Tang 4_Blog Comment,https://singnalsocial.com/story7081936/treo-pa-nen-cờ-phướn-hướng-dẫn-chi-tiết-Ý-tưởng-Độc-Đáo
2403,4,Tang 4_Blog Comment,https://worldsocialindex.com/story7165498/dựng-băng-rôn-cờ-phướn-hướng-dẫn-dễ-hiểu-giải-pháp-sáng-tạo
2404,4,Tang 4_Blog Comment,https://socialwebnotes.com/story7222275/dựng-băng-rôn-cờ-phướn-cách-thức-chi-tiết-giải-pháp-sáng-tạo
2405,4,Tang 4_Blog Comment,https://socialmediatotal.com/story7136477/dựng-băng-rôn-lăng-Động-phướn-cách-thức-dễ-hiểu-giải-pháp-sáng-tạo
2406,4,Tang 4_Blog Comment,https://socialbraintech.com/story7070719/treo-pa-nen-cờ-phướn-cách-thức-chi-tiết-Ý-tưởng-Độc-Đáo
2407,4,Tang 4_Blog Comment,https://social-medialink.com/story7126013/treo-pa-nen-lăng-Động-phướn-cách-thức-dễ-hiểu-giải-pháp-sáng-tạo
2408,4,Tang 4_Blog Comment,https://mysocialname.com/story7154214/treo-băng-rôn-cờ-phướn-hướng-dẫn-dễ-hiểu-giải-pháp-Độc-Đáo
2409,4,Tang 4_Blog Comment,https://mediasocially.com/story7038071/treo-pa-nen-cờ-phướn-cách-thức-dễ-hiểu-Ý-tưởng-sáng-tạo
2410,4,Tang 4_Blog Comment,https://guideyoursocial.com/story7141903/dựng-băng-rôn-cờ-phướn-cách-thức-dễ-hiểu-Ý-tưởng-Độc-Đáo
2411,4,Tang 4_Blog Comment,https://agency-social.com/story7114018/dựng-băng-rôn-cờ-phướn-cách-thức-chi-tiết-giải-pháp-Độc-Đáo
2412,4,Tang 4_Blog Comment,https://companyspage.com/story7081043/treo-pa-nen-lăng-Động-phướn-cách-thức-chi-tiết-Ý-tưởng-Độc-Đáo
2413,4,Tang 4_Blog Comment,https://mypresspage.com/story7175289/treo-băng-rôn-lăng-Động-phướn-hướng-dẫn-chi-tiết-Ý-tưởng-sáng-tạo
2414,4,Tang 4_Blog Comment,https://rankuppages.com/story7121914/dựng-băng-rôn-cờ-phướn-cách-thức-chi-tiết-Ý-tưởng-Độc-Đáo
2415,4,Tang 4_Blog Comment,https://bookmarks-hit.com/story622844/dựng-băng-rôn-cờ-phướn-hướng-dẫn-chi-tiết-giải-pháp-sáng-tạo
2416,4,Tang 4_Blog Comment,https://pr8bookmarks.com/story22187865/treo-băng-rôn-cờ-phướn-hướng-dẫn-chi-tiết-giải-pháp-sáng-tạo
2417,4,Tang 4_Blog Comment,https://pr6bookmark.com/story22265930/dựng-băng-rôn-cờ-phướn-hướng-dẫn-chi-tiết-Ý-tưởng-Độc-Đáo
2418,4,Tang 4_Blog Comment,https://adsbookmark.com/story22175533/treo-băng-rôn-cờ-phướn-cách-thức-dễ-hiểu-giải-pháp-Độc-Đáo
2419,4,Tang 4_Blog Comment,https://yourbookmarklist.com/story22282874/dựng-băng-rôn-cờ-phướn-hướng-dẫn-dễ-hiểu-giải-pháp-sáng-tạo
2420,4,Tang 4_Blog Comment,https://bookmarking1.com/story22098055/treo-băng-rôn-lăng-Động-phướn-cách-thức-chi-tiết-Ý-tưởng-Độc-Đáo
2421,4,Tang 4_Blog Comment,https://sb-bookmarking.com/story22177732/dựng-băng-rôn-cờ-phướn-cách-thức-dễ-hiểu-giải-pháp-sáng-tạo
2422,4,Tang 4_Blog Comment,https://pr1bookmarks.com/story22605720/dựng-băng-rôn-lăng-Động-phướn-cách-thức-dễ-hiểu-giải-pháp-sáng-tạo
2423,4,Tang 4_Blog Comment,https://madbookmarks.com/story22098898/treo-pa-nen-cờ-phướn-hướng-dẫn-chi-tiết-giải-pháp-sáng-tạo
2424,4,Tang 4_Blog Comment,https://bookmarks4seo.com/story22097239/treo-băng-rôn-cờ-phướn-hướng-dẫn-dễ-hiểu-giải-pháp-Độc-Đáo
2425,4,Tang 4_Blog Comment,https://bookmarkblast.com/story22157224/dựng-băng-rôn-cờ-phướn-cách-thức-dễ-hiểu-giải-pháp-Độc-Đáo
2426,4,Tang 4_Blog Comment,https://admiralbookmarks.com/story22146168/dựng-băng-rôn-lăng-Động-phướn-cách-thức-chi-tiết-Ý-tưởng-sáng-tạo
2427,4,Tang 4_Blog Comment,https://7prbookmarks.com/story22129489/dựng-băng-rôn-cờ-phướn-hướng-dẫn-dễ-hiểu-giải-pháp-sáng-tạo
2428,4,Tang 4_Blog Comment,https://pr7bookmark.com/story22330202/treo-pa-nen-cờ-phướn-hướng-dẫn-chi-tiết-Ý-tưởng-Độc-Đáo
2429,4,Tang 4_Blog Comment,https://bookmarkize.com/story22118710/dựng-băng-rôn-lăng-Động-phướn-cách-thức-dễ-hiểu-Ý-tưởng-Độc-Đáo
2430,4,Tang 4_Blog Comment,https://easiestbookmarks.com/story22170378/dựng-băng-rôn-cờ-phướn-cách-thức-dễ-hiểu-giải-pháp-Độc-Đáo
2431,4,Tang 4_Blog Comment,https://bookmarksden.com/story22250477/treo-pa-nen-cờ-phướn-cách-thức-chi-tiết-giải-pháp-sáng-tạo
2432,4,Tang 4_Blog Comment,https://bookmarkpagerank.com/story22112317/treo-băng-rôn-cờ-phướn-hướng-dẫn-chi-tiết-giải-pháp-sáng-tạo
2433,4,Tang 4_Blog Comment,https://bookmarkhard.com/story22087083/treo-băng-rôn-lăng-Động-phướn-hướng-dẫn-dễ-hiểu-giải-pháp-Độc-Đáo
2434,4,Tang 4_Blog Comment,https://bookmark-vip.com/story22168188/treo-pa-nen-lăng-Động-phướn-hướng-dẫn-dễ-hiểu-Ý-tưởng-sáng-tạo
2435,4,Tang 4_Blog Comment,https://bookmarkity.com/story22177411/treo-băng-rôn-lăng-Động-phướn-cách-thức-dễ-hiểu-giải-pháp-sáng-tạo
2436,4,Tang 4_Blog Comment,https://todaybookmarks.com/story22217772/treo-băng-rôn-cờ-phướn-hướng-dẫn-dễ-hiểu-Ý-tưởng-Độc-Đáo
2437,4,Tang 4_Blog Comment,https://followbookmarks.com/story22178607/dựng-băng-rôn-lăng-Động-phướn-hướng-dẫn-dễ-hiểu-giải-pháp-sáng-tạo
2438,4,Tang 4_Blog Comment,https://bookmarksusa.com/story22136794/treo-băng-rôn-cờ-phướn-cách-thức-dễ-hiểu-Ý-tưởng-Độc-Đáo
2439,4,Tang 4_Blog Comment,https://bookmarkstown.com/story22308398/dựng-băng-rôn-cờ-phướn-cách-thức-chi-tiết-giải-pháp-sáng-tạo
2440,4,Tang 4_Blog Comment,https://bookmarkquotes.com/story22196778/treo-pa-nen-cờ-phướn-hướng-dẫn-dễ-hiểu-giải-pháp-sáng-tạo
2441,4,Tang 4_Blog Comment,https://bookmarkprobe.com/story22334246/treo-pa-nen-cờ-phướn-hướng-dẫn-chi-tiết-giải-pháp-sáng-tạo
2442,4,Tang 4_Blog Comment,https://bookmarklogin.com/story22220565/dựng-băng-rôn-lăng-Động-phướn-hướng-dẫn-dễ-hiểu-Ý-tưởng-sáng-tạo
2443,4,Tang 4_Blog Comment,https://bookmark-media.com/story22185275/treo-băng-rôn-cờ-phướn-hướng-dẫn-chi-tiết-giải-pháp-sáng-tạo
2444,4,Tang 4_Blog Comment,https://wildbookmarks.com/story22260928/dựng-băng-rôn-cờ-phướn-hướng-dẫn-dễ-hiểu-giải-pháp-Độc-Đáo
2445,4,Tang 4_Blog Comment,https://meshbookmarks.com/story22159520/treo-pa-nen-cờ-phướn-hướng-dẫn-dễ-hiểu-giải-pháp-Độc-Đáo
2446,4,Tang 4_Blog Comment,https://gogogobookmarks.com/story22089536/dựng-băng-rôn-cờ-phướn-hướng-dẫn-dễ-hiểu-giải-pháp-Độc-Đáo
2447,4,Tang 4_Blog Comment,https://cruxbookmarks.com/story22146563/dựng-băng-rôn-cờ-phướn-cách-thức-dễ-hiểu-giải-pháp-sáng-tạo
2448,4,Tang 4_Blog Comment,https://bookmarkproduct.com/story22174208/treo-băng-rôn-cờ-phướn-cách-thức-dễ-hiểu-Ý-tưởng-Độc-Đáo
2449,4,Tang 4_Blog Comment,https://bookmarkfriend.com/story22099926/dựng-băng-rôn-cờ-phướn-cách-thức-chi-tiết-giải-pháp-Độc-Đáo
2450,4,Tang 4_Blog Comment,https://bookmark-share.com/story22131598/dựng-băng-rôn-cờ-phướn-cách-thức-dễ-hiểu-Ý-tưởng-Độc-Đáo
2451,4,Tang 4_Blog Comment,https://bookmark-master.com/story22119408/treo-băng-rôn-cờ-phướn-cách-thức-dễ-hiểu-Ý-tưởng-sáng-tạo
2452,4,Tang 4_Blog Comment,https://bookmarkinglog.com/story22093268/dựng-băng-rôn-cờ-phướn-hướng-dẫn-dễ-hiểu-giải-pháp-sáng-tạo
2453,4,Tang 4_Blog Comment,https://bookmarkangaroo.com/story22210486/treo-pa-nen-lăng-Động-phướn-hướng-dẫn-dễ-hiểu-giải-pháp-sáng-tạo
2454,4,Tang 4_Blog Comment,https://allbookmarking.com/story22198798/treo-pa-nen-cờ-phướn-cách-thức-chi-tiết-Ý-tưởng-sáng-tạo
2455,4,Tang 4_Blog Comment,https://agendabookmarks.com/story22002015/treo-băng-rôn-lăng-Động-phướn-cách-thức-dễ-hiểu-giải-pháp-Độc-Đáo
2456,4,Tang 4_Blog Comment,https://advicebookmarks.com/story29694225/dựng-băng-rôn-cờ-phướn-cách-thức-chi-tiết-Ý-tưởng-Độc-Đáo
2457,4,Tang 4_Blog Comment,https://zbookmarkhub.com/story22226881/dựng-băng-rôn-lăng-Động-phướn-cách-thức-dễ-hiểu-Ý-tưởng-sáng-tạo
2458,4,Tang 4_Blog Comment,https://iwanttobookmark.com/story22205819/treo-băng-rôn-cờ-phướn-cách-thức-chi-tiết-giải-pháp-Độc-Đáo
2459,4,Tang 4_Blog Comment,https://zanybookmarks.com/story22174797/dựng-băng-rôn-cờ-phướn-cách-thức-dễ-hiểu-Ý-tưởng-sáng-tạo
2460,4,Tang 4_Blog Comment,https://thebookmarkid.com/story22173080/treo-băng-rôn-cờ-phướn-hướng-dẫn-dễ-hiểu-Ý-tưởng-sáng-tạo
2461,4,Tang 4_Blog Comment,https://push2bookmark.com/story22238242/dựng-băng-rôn-lăng-Động-phướn-cách-thức-chi-tiết-Ý-tưởng-Độc-Đáo
2462,4,Tang 4_Blog Comment,https://nowbookmarks.com/story22113594/dựng-băng-rôn-cờ-phướn-hướng-dẫn-dễ-hiểu-Ý-tưởng-Độc-Đáo
2463,4,Tang 4_Blog Comment,https://minibookmarking.com/story22186845/treo-băng-rôn-cờ-phướn-cách-thức-chi-tiết-giải-pháp-sáng-tạo
2464,4,Tang 4_Blog Comment,https://livebookmarking.com/story22058128/treo-băng-rôn-cờ-phướn-cách-thức-dễ-hiểu-Ý-tưởng-sáng-tạo
2465,4,Tang 4_Blog Comment,https://growthbookmarks.com/story22017004/treo-băng-rôn-cờ-phướn-hướng-dẫn-dễ-hiểu-Ý-tưởng-sáng-tạo
2466,4,Tang 4_Blog Comment,https://dailybookmarkhit.com/story22152741/treo-pa-nen-cờ-phướn-cách-thức-dễ-hiểu-Ý-tưởng-Độc-Đáo
2467,4,Tang 4_Blog Comment,https://brightbookmarks.com/story22281150/treo-pa-nen-lăng-Động-phướn-hướng-dẫn-dễ-hiểu-Ý-tưởng-Độc-Đáo
2468,4,Tang 4_Blog Comment,https://bookmarkspecial.com/story22238956/treo-pa-nen-cờ-phướn-cách-thức-dễ-hiểu-Ý-tưởng-sáng-tạo
2469,4,Tang 4_Blog Comment,https://bookmarksparkle.com/story22199142/treo-pa-nen-cờ-phướn-hướng-dẫn-chi-tiết-giải-pháp-Độc-Đáo
2470,4,Tang 4_Blog Comment,https://bookmarkpath.com/story22034178/treo-băng-rôn-cờ-phướn-hướng-dẫn-dễ-hiểu-Ý-tưởng-sáng-tạo
2471,4,Tang 4_Blog Comment,https://bookmarklayer.com/story22106979/treo-pa-nen-lăng-Động-phướn-cách-thức-chi-tiết-Ý-tưởng-sáng-tạo
2472,4,Tang 4_Blog Comment,https://bookmarkbells.com/story22134001/dựng-băng-rôn-cờ-phướn-cách-thức-dễ-hiểu-Ý-tưởng-sáng-tạo
2473,4,Tang 4_Blog Comment,https://bookmarkingdelta.com/story22018466/treo-pa-nen-cờ-phướn-cách-thức-chi-tiết-giải-pháp-sáng-tạo
2474,4,Tang 4_Blog Comment,https://bookmarkingace.com/story22080784/treo-băng-rôn-lăng-Động-phướn-hướng-dẫn-chi-tiết-Ý-tưởng-sáng-tạo
2475,4,Tang 4_Blog Comment,https://allyourbookmarks.com/story22085476/dựng-băng-rôn-cờ-phướn-hướng-dẫn-dễ-hiểu-giải-pháp-sáng-tạo
2476,4,Tang 4_Blog Comment,https://yxzbookmarks.com/story22063890/treo-pa-nen-cờ-phướn-hướng-dẫn-chi-tiết-giải-pháp-Độc-Đáo
2477,4,Tang 4_Blog Comment,https://ezmarkbookmarks.com/story22184745/dựng-băng-rôn-cờ-phướn-hướng-dẫn-dễ-hiểu-giải-pháp-Độc-Đáo
2478,4,Tang 4_Blog Comment,https://bookmarkgenious.com/story22193932/treo-pa-nen-cờ-phướn-cách-thức-dễ-hiểu-giải-pháp-Độc-Đáo
2479,4,Tang 4_Blog Comment,https://whitebookmarks.com/story22138107/treo-pa-nen-lăng-Động-phướn-cách-thức-dễ-hiểu-giải-pháp-Độc-Đáo
2480,4,Tang 4_Blog Comment,https://totalbookmarking.com/story22114047/treo-pa-nen-cờ-phướn-cách-thức-dễ-hiểu-giải-pháp-Độc-Đáo
2481,4,Tang 4_Blog Comment,https://top100bookmark.com/story22232705/treo-băng-rôn-cờ-phướn-cách-thức-dễ-hiểu-Ý-tưởng-sáng-tạo
2482,4,Tang 4_Blog Comment,https://thebookmarklist.com/story22018769/treo-băng-rôn-cờ-phướn-cách-thức-chi-tiết-Ý-tưởng-Độc-Đáo
2483,4,Tang 4_Blog Comment,https://seobookmarkpro.com/story22078787/treo-pa-nen-cờ-phướn-hướng-dẫn-chi-tiết-Ý-tưởng-sáng-tạo
2484,4,Tang 4_Blog Comment,https://ragingbookmarks.com/story22065614/dựng-băng-rôn-lăng-Động-phướn-cách-thức-dễ-hiểu-Ý-tưởng-Độc-Đáo
2485,4,Tang 4_Blog Comment,https://peakbookmarks.com/story22135837/treo-băng-rôn-cờ-phướn-cách-thức-chi-tiết-giải-pháp-sáng-tạo
2486,4,Tang 4_Blog Comment,https://one-bookmark.com/story21997811/treo-băng-rôn-cờ-phướn-cách-thức-dễ-hiểu-Ý-tưởng-Độc-Đáo
2487,4,Tang 4_Blog Comment,https://networkbookmarks.com/story22072004/treo-pa-nen-cờ-phướn-hướng-dẫn-chi-tiết-Ý-tưởng-Độc-Đáo
2488,4,Tang 4_Blog Comment,https://maroonbookmarks.com/story21980643/treo-băng-rôn-cờ-phướn-hướng-dẫn-dễ-hiểu-Ý-tưởng-sáng-tạo
2489,4,Tang 4_Blog Comment,https://loanbookmark.com/story22148270/dựng-băng-rôn-cờ-phướn-hướng-dẫn-chi-tiết-giải-pháp-sáng-tạo
2490,4,Tang 4_Blog Comment,https://letsbookmarkit.com/story22028590/treo-băng-rôn-lăng-Động-phướn-hướng-dẫn-dễ-hiểu-giải-pháp-sáng-tạo
2491,4,Tang 4_Blog Comment,https://funbookmarking.com/story22053434/treo-pa-nen-cờ-phướn-cách-thức-dễ-hiểu-giải-pháp-Độc-Đáo
2492,4,Tang 4_Blog Comment,https://free-bookmarking.com/story22134942/treo-băng-rôn-lăng-Động-phướn-hướng-dẫn-chi-tiết-giải-pháp-Độc-Đáo
2493,4,Tang 4_Blog Comment,https://doctorbookmark.com/story22116758/treo-pa-nen-cờ-phướn-cách-thức-dễ-hiểu-giải-pháp-Độc-Đáo
2494,4,Tang 4_Blog Comment,https://bookmarkleader.com/story22091986/treo-băng-rôn-cờ-phướn-cách-thức-dễ-hiểu-Ý-tưởng-Độc-Đáo
2495,4,Tang 4_Blog Comment,https://bookmarkforce.com/story22154534/dựng-băng-rôn-cờ-phướn-hướng-dẫn-chi-tiết-giải-pháp-sáng-tạo
2496,4,Tang 4_Blog Comment,https://bookmarkick.com/story22105049/treo-pa-nen-cờ-phướn-hướng-dẫn-chi-tiết-giải-pháp-Độc-Đáo
2497,4,Tang 4_Blog Comment,https://kbookmarking.com/story22039567/treo-băng-rôn-cờ-phướn-cách-thức-chi-tiết-Ý-tưởng-Độc-Đáo
2498,4,Tang 4_Blog Comment,https://ilovebookmarking.com/story22055287/treo-pa-nen-cờ-phướn-hướng-dẫn-chi-tiết-Ý-tưởng-Độc-Đáo
2499,4,Tang 4_Blog Comment,https://bookmarkwuzz.com/story22060070/treo-băng-rôn-cờ-phướn-cách-thức-chi-tiết-giải-pháp-sáng-tạo
2500,4,Tang 4_Blog Comment,https://bookmarksaifi.com/story22143781/dựng-băng-rôn-cờ-phướn-cách-thức-dễ-hiểu-Ý-tưởng-sáng-tạo
2501,4,Tang 4_Blog Comment,https://bookmarklethq.com/story22025543/treo-băng-rôn-lăng-Động-phướn-hướng-dẫn-dễ-hiểu-giải-pháp-Độc-Đáo
2502,4,Tang 4_Blog Comment,https://atozbookmarkc.com/story22269474/treo-băng-rôn-cờ-phướn-hướng-dẫn-dễ-hiểu-Ý-tưởng-sáng-tạo
2503,4,Tang 4_Blog Comment,https://thebookmarkage.com/story22034611/dựng-băng-rôn-cờ-phướn-hướng-dẫn-dễ-hiểu-Ý-tưởng-sáng-tạo
2504,4,Tang 4_Blog Comment,https://tetrabookmarks.com/story22081871/treo-băng-rôn-lăng-Động-phướn-hướng-dẫn-dễ-hiểu-Ý-tưởng-Độc-Đáo
2505,4,Tang 4_Blog Comment,https://siambookmark.com/story22080218/treo-băng-rôn-cờ-phướn-cách-thức-dễ-hiểu-giải-pháp-sáng-tạo
2506,4,Tang 4_Blog Comment,https://redhotbookmarks.com/story21996721/treo-băng-rôn-cờ-phướn-cách-thức-dễ-hiểu-giải-pháp-sáng-tạo
2507,4,Tang 4_Blog Comment,https://pukkabookmarks.com/story22104860/treo-pa-nen-cờ-phướn-hướng-dẫn-dễ-hiểu-Ý-tưởng-sáng-tạo
2508,4,Tang 4_Blog Comment,https://orangebookmarks.com/story22112505/treo-pa-nen-cờ-phướn-cách-thức-dễ-hiểu-Ý-tưởng-Độc-Đáo
2509,4,Tang 4_Blog Comment,https://olivebookmarks.com/story22134504/treo-băng-rôn-cờ-phướn-cách-thức-dễ-hiểu-Ý-tưởng-sáng-tạo
2510,4,Tang 4_Blog Comment,https://naturalbookmarks.com/story22101286/treo-pa-nen-cờ-phướn-cách-thức-chi-tiết-giải-pháp-sáng-tạo
2511,4,Tang 4_Blog Comment,https://myfirstbookmark.com/story22071402/treo-băng-rôn-cờ-phướn-hướng-dẫn-dễ-hiểu-Ý-tưởng-Độc-Đáo
2512,4,Tang 4_Blog Comment,https://macrobookmarks.com/story22192592/treo-băng-rôn-cờ-phướn-cách-thức-chi-tiết-Ý-tưởng-sáng-tạo
2513,4,Tang 4_Blog Comment,https://linkingbookmark.com/story21941979/treo-pa-nen-cờ-phướn-hướng-dẫn-chi-tiết-Ý-tưởng-sáng-tạo
2514,4,Tang 4_Blog Comment,https://leftbookmarks.com/story22102778/treo-băng-rôn-cờ-phướn-hướng-dẫn-dễ-hiểu-Ý-tưởng-sáng-tạo
2515,4,Tang 4_Blog Comment,https://kingbookmark.com/story22114715/treo-pa-nen-cờ-phướn-cách-thức-chi-tiết-Ý-tưởng-Độc-Đáo
2516,4,Tang 4_Blog Comment,https://hypebookmarking.com/story21825092/dựng-băng-rôn-cờ-phướn-cách-thức-chi-tiết-giải-pháp-Độc-Đáo
2517,4,Tang 4_Blog Comment,https://greatbookmarking.com/story22078478/dựng-băng-rôn-lăng-Động-phướn-cách-thức-dễ-hiểu-Ý-tưởng-Độc-Đáo
2518,4,Tang 4_Blog Comment,https://geniusbookmarks.com/story22030359/dựng-băng-rôn-lăng-Động-phướn-hướng-dẫn-dễ-hiểu-Ý-tưởng-Độc-Đáo
2519,4,Tang 4_Blog Comment,https://freshbookmarking.com/story22054022/treo-pa-nen-lăng-Động-phướn-cách-thức-chi-tiết-giải-pháp-sáng-tạo
2520,4,Tang 4_Blog Comment,https://expressbookmark.com/story22036694/dựng-băng-rôn-cờ-phướn-cách-thức-dễ-hiểu-giải-pháp-Độc-Đáo
2521,4,Tang 4_Blog Comment,https://exactlybookmarks.com/story21985224/dựng-băng-rôn-lăng-Động-phướn-hướng-dẫn-dễ-hiểu-giải-pháp-Độc-Đáo
2522,4,Tang 4_Blog Comment,https://echobookmarks.com/story22031171/dựng-băng-rôn-cờ-phướn-hướng-dẫn-chi-tiết-Ý-tưởng-sáng-tạo
2523,4,Tang 4_Blog Comment,https://cyberbookmarking.com/story21963812/treo-băng-rôn-lăng-Động-phướn-cách-thức-dễ-hiểu-giải-pháp-sáng-tạo
2524,4,Tang 4_Blog Comment,https://bookmarkssocial.com/story21972963/treo-băng-rôn-cờ-phướn-cách-thức-chi-tiết-Ý-tưởng-sáng-tạo
2525,4,Tang 4_Blog Comment,https://bookmarksbay.com/story22098770/treo-băng-rôn-cờ-phướn-hướng-dẫn-chi-tiết-Ý-tưởng-sáng-tạo
2526,4,Tang 4_Blog Comment,https://bookmarkzap.com/story21928752/dựng-băng-rôn-lăng-Động-phướn-cách-thức-dễ-hiểu-Ý-tưởng-sáng-tạo
2527,4,Tang 4_Blog Comment,https://bookmarkmargin.com/story22030820/treo-pa-nen-cờ-phướn-hướng-dẫn-chi-tiết-giải-pháp-Độc-Đáo
2528,4,Tang 4_Blog Comment,https://bookmarkbooth.com/story22073501/treo-pa-nen-cờ-phướn-hướng-dẫn-chi-tiết-giải-pháp-Độc-Đáo
2529,4,Tang 4_Blog Comment,https://bookmarkinginfo.com/story21999537/treo-băng-rôn-lăng-Động-phướn-cách-thức-chi-tiết-Ý-tưởng-sáng-tạo
2530,4,Tang 4_Blog Comment,https://bookmarkingdepot.com/story21975247/dựng-băng-rôn-cờ-phướn-hướng-dẫn-chi-tiết-giải-pháp-Độc-Đáo
2531,4,Tang 4_Blog Comment,https://bookmarkingalpha.com/story22051024/treo-pa-nen-lăng-Động-phướn-cách-thức-chi-tiết-Ý-tưởng-sáng-tạo
2532,4,Tang 4_Blog Comment,https://bookmarkilo.com/story21917331/treo-băng-rôn-cờ-phướn-hướng-dẫn-dễ-hiểu-Ý-tưởng-sáng-tạo
2533,4,Tang 4_Blog Comment,https://artybookmarks.com/story21858573/dựng-băng-rôn-cờ-phướn-hướng-dẫn-chi-tiết-Ý-tưởng-Độc-Đáo
2534,4,Tang 4_Blog Comment,https://apollobookmarks.com/story21982522/treo-băng-rôn-cờ-phướn-hướng-dẫn-chi-tiết-Ý-tưởng-Độc-Đáo
2535,4,Tang 4_Blog Comment,https://socialbookmarkgs.com/story22073837/dựng-băng-rôn-cờ-phướn-hướng-dẫn-chi-tiết-giải-pháp-Độc-Đáo
2536,4,Tang 4_Blog Comment,https://mnobookmarks.com/story21954863/treo-băng-rôn-lăng-Động-phướn-hướng-dẫn-chi-tiết-Ý-tưởng-Độc-Đáo
2537,4,Tang 4_Blog Comment,https://geilebookmarks.com/story21917971/treo-băng-rôn-cờ-phướn-hướng-dẫn-dễ-hiểu-Ý-tưởng-sáng-tạo
2538,4,Tang 4_Blog Comment,https://bookmarkmoz.com/story22066083/treo-pa-nen-cờ-phướn-hướng-dẫn-dễ-hiểu-giải-pháp-Độc-Đáo
2539,4,Tang 4_Blog Comment,https://baidubookmark.com/story21882248/treo-pa-nen-cờ-phướn-hướng-dẫn-chi-tiết-Ý-tưởng-Độc-Đáo
2540,4,Tang 4_Blog Comment,https://yesbookmarks.com/story22135637/treo-băng-rôn-lăng-Động-phướn-cách-thức-chi-tiết-Ý-tưởng-sáng-tạo
2541,4,Tang 4_Blog Comment,https://tripsbookmarks.com/story22082427/treo-pa-nen-lăng-Động-phướn-hướng-dẫn-dễ-hiểu-Ý-tưởng-Độc-Đáo
2542,4,Tang 4_Blog Comment,https://ticketsbookmarks.com/story21951626/dựng-băng-rôn-lăng-Động-phướn-hướng-dẫn-dễ-hiểu-Ý-tưởng-sáng-tạo
2543,4,Tang 4_Blog Comment,https://tealbookmarks.com/story22019769/dựng-băng-rôn-cờ-phướn-cách-thức-dễ-hiểu-giải-pháp-Độc-Đáo
2544,4,Tang 4_Blog Comment,https://setbookmarks.com/story22073192/treo-pa-nen-cờ-phướn-hướng-dẫn-dễ-hiểu-giải-pháp-Độc-Đáo
2545,4,Tang 4_Blog Comment,https://optimusbookmarks.com/story21990532/treo-pa-nen-cờ-phướn-hướng-dẫn-dễ-hiểu-Ý-tưởng-Độc-Đáo
2546,4,Tang 4_Blog Comment,https://maximusbookmarks.com/story22121854/treo-pa-nen-cờ-phướn-cách-thức-dễ-hiểu-Ý-tưởng-sáng-tạo
2547,4,Tang 4_Blog Comment,https://keybookmarks.com/story22073193/dựng-băng-rôn-cờ-phướn-hướng-dẫn-dễ-hiểu-Ý-tưởng-sáng-tạo
2548,4,Tang 4_Blog Comment,https://hyperbookmarks.com/story22031645/treo-pa-nen-cờ-phướn-hướng-dẫn-dễ-hiểu-Ý-tưởng-sáng-tạo
2549,4,Tang 4_Blog Comment,https://hotbookmarkings.com/story22052254/treo-băng-rôn-lăng-Động-phướn-cách-thức-chi-tiết-Ý-tưởng-sáng-tạo
2550,4,Tang 4_Blog Comment,https://extrabookmarking.com/story22052637/dựng-băng-rôn-lăng-Động-phướn-cách-thức-dễ-hiểu-giải-pháp-Độc-Đáo
2551,4,Tang 4_Blog Comment,https://enrollbookmarks.com/story21982624/treo-pa-nen-cờ-phướn-hướng-dẫn-chi-tiết-Ý-tưởng-sáng-tạo
2552,4,Tang 4_Blog Comment,https://digibookmarks.com/story21990908/dựng-băng-rôn-lăng-Động-phướn-hướng-dẫn-dễ-hiểu-giải-pháp-Độc-Đáo
2553,4,Tang 4_Blog Comment,https://bookmarkuse.com/story21857241/treo-pa-nen-cờ-phướn-hướng-dẫn-dễ-hiểu-giải-pháp-sáng-tạo
2554,4,Tang 4_Blog Comment,https://bookmarktune.com/story21938339/treo-băng-rôn-lăng-Động-phướn-hướng-dẫn-chi-tiết-Ý-tưởng-Độc-Đáo
2555,4,Tang 4_Blog Comment,https://bookmarkpressure.com/story21959846/treo-pa-nen-lăng-Động-phướn-hướng-dẫn-dễ-hiểu-giải-pháp-Độc-Đáo
2556,4,Tang 4_Blog Comment,https://bookmarkjourney.com/story22054860/treo-pa-nen-cờ-phướn-cách-thức-dễ-hiểu-giải-pháp-Độc-Đáo
2557,4,Tang 4_Blog Comment,https://bookmarkindexing.com/story21924424/treo-băng-rôn-cờ-phướn-hướng-dẫn-dễ-hiểu-giải-pháp-Độc-Đáo
2558,4,Tang 4_Blog Comment,https://bookmarkforest.com/story21966422/treo-pa-nen-cờ-phướn-hướng-dẫn-dễ-hiểu-giải-pháp-sáng-tạo
2559,4,Tang 4_Blog Comment,https://bookmarkeasier.com/story21895077/dựng-băng-rôn-cờ-phướn-cách-thức-dễ-hiểu-giải-pháp-sáng-tạo
2560,4,Tang 4_Blog Comment,https://bookmarkchamp.com/story21989245/treo-pa-nen-cờ-phướn-hướng-dẫn-dễ-hiểu-Ý-tưởng-sáng-tạo
2561,4,Tang 4_Blog Comment,https://bookmarkingquest.com/story21975127/treo-pa-nen-cờ-phướn-hướng-dẫn-chi-tiết-Ý-tưởng-sáng-tạo
2562,4,Tang 4_Blog Comment,https://bookmarkingbay.com/story22021885/dựng-băng-rôn-lăng-Động-phướn-cách-thức-dễ-hiểu-Ý-tưởng-sáng-tạo
2563,4,Tang 4_Blog Comment,https://active-bookmarks.com/story21944811/dựng-băng-rôn-cờ-phướn-cách-thức-dễ-hiểu-Ý-tưởng-Độc-Đáo
2564,4,Tang 4_Blog Comment,https://dmozbookmark.com/story22045639/treo-băng-rôn-lăng-Động-phướn-cách-thức-dễ-hiểu-Ý-tưởng-sáng-tạo
2565,4,Tang 4_Blog Comment,https://bookmarklinx.com/story22114534/dựng-băng-rôn-cờ-phướn-hướng-dẫn-chi-tiết-giải-pháp-sáng-tạo
2566,4,Tang 4_Blog Comment,https://bookmarkerz.com/story21925954/treo-pa-nen-cờ-phướn-hướng-dẫn-chi-tiết-Ý-tưởng-sáng-tạo
2567,4,Tang 4_Blog Comment,https://bookmarkahref.com/story22041877/treo-băng-rôn-cờ-phướn-hướng-dẫn-dễ-hiểu-Ý-tưởng-Độc-Đáo
2568,4,Tang 4_Blog Comment,https://top10bookmark.com/story21899608/dựng-băng-rôn-cờ-phướn-cách-thức-dễ-hiểu-Ý-tưởng-sáng-tạo
2569,4,Tang 4_Blog Comment,https://tinybookmarks.com/story22014428/treo-pa-nen-cờ-phướn-hướng-dẫn-dễ-hiểu-Ý-tưởng-Độc-Đáo
2570,4,Tang 4_Blog Comment,https://thebookmarknight.com/story22017202/treo-băng-rôn-cờ-phướn-hướng-dẫn-dễ-hiểu-Ý-tưởng-sáng-tạo
2571,4,Tang 4_Blog Comment,https://scrapbookmarket.com/story22031623/dựng-băng-rôn-cờ-phướn-cách-thức-chi-tiết-giải-pháp-sáng-tạo
2572,4,Tang 4_Blog Comment,https://royalbookmarking.com/story22016387/treo-pa-nen-cờ-phướn-cách-thức-chi-tiết-Ý-tưởng-Độc-Đáo
2573,4,Tang 4_Blog Comment,https://natural-bookmark.com/story21993667/treo-băng-rôn-cờ-phướn-cách-thức-dễ-hiểu-Ý-tưởng-sáng-tạo
2574,4,Tang 4_Blog Comment,https://nanobookmarking.com/story21949503/treo-băng-rôn-cờ-phướn-hướng-dẫn-dễ-hiểu-giải-pháp-sáng-tạo
2575,4,Tang 4_Blog Comment,https://monobookmarks.com/story21938453/treo-băng-rôn-cờ-phướn-hướng-dẫn-dễ-hiểu-giải-pháp-sáng-tạo
2576,4,Tang 4_Blog Comment,https://modernbookmarks.com/story21823941/treo-băng-rôn-cờ-phướn-cách-thức-dễ-hiểu-giải-pháp-sáng-tạo
2577,4,Tang 4_Blog Comment,https://listingbookmarks.com/story22080612/dựng-băng-rôn-cờ-phướn-cách-thức-dễ-hiểu-giải-pháp-Độc-Đáo
2578,4,Tang 4_Blog Comment,https://eternalbookmarks.com/story21867256/treo-pa-nen-cờ-phướn-cách-thức-chi-tiết-Ý-tưởng-sáng-tạo
2579,4,Tang 4_Blog Comment,https://crossbookmark.com/story21914017/treo-băng-rôn-cờ-phướn-hướng-dẫn-dễ-hiểu-giải-pháp-sáng-tạo
2580,4,Tang 4_Blog Comment,https://cheapbookmarking.com/story21938517/treo-băng-rôn-lăng-Động-phướn-cách-thức-dễ-hiểu-giải-pháp-Độc-Đáo
2581,4,Tang 4_Blog Comment,https://captainbookmark.com/story21977636/treo-pa-nen-lăng-Động-phướn-cách-thức-chi-tiết-giải-pháp-sáng-tạo
2582,4,Tang 4_Blog Comment,https://bookmarkworm.com/story21982923/dựng-băng-rôn-lăng-Động-phướn-cách-thức-chi-tiết-Ý-tưởng-Độc-Đáo
2583,4,Tang 4_Blog Comment,https://bookmarkunit.com/story21896298/treo-pa-nen-lăng-Động-phướn-hướng-dẫn-dễ-hiểu-giải-pháp-Độc-Đáo
2584,4,Tang 4_Blog Comment,https://bookmarktiger.com/story21991347/treo-băng-rôn-cờ-phướn-hướng-dẫn-chi-tiết-giải-pháp-sáng-tạo
2585,4,Tang 4_Blog Comment,https://bookmarksea.com/story22002786/dựng-băng-rôn-cờ-phướn-hướng-dẫn-chi-tiết-giải-pháp-sáng-tạo
2586,4,Tang 4_Blog Comment,https://bookmarkplaces.com/story21968126/dựng-băng-rôn-cờ-phướn-hướng-dẫn-dễ-hiểu-Ý-tưởng-Độc-Đáo
2587,4,Tang 4_Blog Comment,https://bookmarkoffire.com/story21951420/treo-pa-nen-cờ-phướn-cách-thức-dễ-hiểu-Ý-tưởng-sáng-tạo
2588,4,Tang 4_Blog Comment,https://bookmarkgenius.com/story21909100/treo-băng-rôn-cờ-phướn-cách-thức-chi-tiết-Ý-tưởng-sáng-tạo
2589,4,Tang 4_Blog Comment,https://bookmarkfly.com/story22044723/treo-băng-rôn-cờ-phướn-cách-thức-chi-tiết-giải-pháp-sáng-tạo
2590,4,Tang 4_Blog Comment,https://bookmarkfame.com/story21887122/dựng-băng-rôn-cờ-phướn-cách-thức-dễ-hiểu-giải-pháp-sáng-tạo
2591,4,Tang 4_Blog Comment,https://bookmarkcolumn.com/story21838737/treo-băng-rôn-lăng-Động-phướn-hướng-dẫn-dễ-hiểu-giải-pháp-sáng-tạo
2592,4,Tang 4_Blog Comment,https://bookmarkcitizen.com/story22034173/treo-pa-nen-lăng-Động-phướn-cách-thức-chi-tiết-giải-pháp-sáng-tạo
2593,4,Tang 4_Blog Comment,https://bookmarkboom.com/story22014194/dựng-băng-rôn-lăng-Động-phướn-cách-thức-dễ-hiểu-Ý-tưởng-Độc-Đáo
2594,4,Tang 4_Bookmarks,https://bookmarkassist.com/story21931081/treo-pa-nen-cờ-phướn-hướng-dẫn-chi-tiết-Ý-tưởng-sáng-tạo
2595,4,Tang 4_Bookmarks,https://bookmarkingfeed.com/story21941792/dựng-băng-rôn-cờ-phướn-cách-thức-chi-tiết-giải-pháp-Độc-Đáo
2596,4,Tang 4_Bookmarks,https://alphabookmarking.com/story21902398/treo-pa-nen-cờ-phướn-hướng-dẫn-dễ-hiểu-giải-pháp-Độc-Đáo
2597,4,Tang 4_Bookmarks,https://1001bookmarks.com/story21902750/treo-băng-rôn-cờ-phướn-cách-thức-dễ-hiểu-giải-pháp-sáng-tạo
2598,4,Tang 4_Bookmarks,https://ilovebookmark.com/story21894124/treo-băng-rôn-cờ-phướn-hướng-dẫn-dễ-hiểu-Ý-tưởng-Độc-Đáo
2599,4,Tang 4_Bookmarks,https://ez-bookmarking.com/story21992975/dựng-băng-rôn-lăng-Động-phướn-hướng-dẫn-dễ-hiểu-Ý-tưởng-Độc-Đáo
2600,4,Tang 4_Bookmarks,https://atozbookmark.com/story21902719/treo-pa-nen-cờ-phướn-cách-thức-dễ-hiểu-Ý-tưởng-sáng-tạo
2601,4,Tang 4_Bookmarks,https://userbookmark.com/story21985296/treo-pa-nen-cờ-phướn-cách-thức-dễ-hiểu-giải-pháp-Độc-Đáo
2602,4,Tang 4_Bookmarks,https://total-bookmark.com/story21892957/treo-băng-rôn-cờ-phướn-hướng-dẫn-dễ-hiểu-Ý-tưởng-sáng-tạo
2603,4,Tang 4_Bookmarks,https://thegreatbookmark.com/story22061693/dựng-băng-rôn-cờ-phướn-hướng-dẫn-chi-tiết-giải-pháp-Độc-Đáo
2604,4,Tang 4_Bookmarks,https://thebookmarkplaza.com/story21948834/treo-băng-rôn-lăng-Động-phướn-hướng-dẫn-chi-tiết-giải-pháp-Độc-Đáo
2605,4,Tang 4_Bookmarks,https://thebookmarkking.com/story21983382/dựng-băng-rôn-cờ-phướn-hướng-dẫn-chi-tiết-giải-pháp-sáng-tạo
2606,4,Tang 4_Bookmarks,https://thebookmarkfree.com/story22146904/treo-pa-nen-cờ-phướn-cách-thức-chi-tiết-giải-pháp-sáng-tạo
2607,4,Tang 4_Bookmarks,https://single-bookmark.com/story22059462/treo-băng-rôn-cờ-phướn-cách-thức-dễ-hiểu-giải-pháp-Độc-Đáo
2608,4,Tang 4_Bookmarks,https://privatebookmark.com/story22038172/treo-băng-rôn-cờ-phướn-cách-thức-dễ-hiểu-Ý-tưởng-Độc-Đáo
2609,4,Tang 4_Bookmarks,https://onlybookmarkings.com/story21941936/treo-băng-rôn-cờ-phướn-hướng-dẫn-dễ-hiểu-giải-pháp-sáng-tạo
2610,4,Tang 4_Bookmarks,https://mysterybookmarks.com/story21989468/dựng-băng-rôn-cờ-phướn-cách-thức-chi-tiết-giải-pháp-sáng-tạo
2611,4,Tang 4_Bookmarks,https://mirrorbookmarks.com/story21954946/dựng-băng-rôn-cờ-phướn-cách-thức-chi-tiết-Ý-tưởng-sáng-tạo
2612,4,Tang 4_Bookmarks,https://minibookmarks.com/story22004207/dựng-băng-rôn-cờ-phướn-cách-thức-dễ-hiểu-Ý-tưởng-sáng-tạo
2613,4,Tang 4_Bookmarks,https://indexedbookmarks.com/story21955092/treo-băng-rôn-cờ-phướn-hướng-dẫn-dễ-hiểu-Ý-tưởng-Độc-Đáo
2614,4,Tang 4_Bookmarks,https://friendlybookmark.com/story21923685/dựng-băng-rôn-lăng-Động-phướn-cách-thức-dễ-hiểu-Ý-tưởng-sáng-tạo
2615,4,Tang 4_Bookmarks,https://freebookmarkpost.com/story21895162/dựng-băng-rôn-lăng-Động-phướn-cách-thức-dễ-hiểu-Ý-tưởng-Độc-Đáo
2616,4,Tang 4_Bookmarks,https://explorebookmarks.com/story21946115/treo-băng-rôn-cờ-phướn-cách-thức-chi-tiết-giải-pháp-Độc-Đáo
2617,4,Tang 4_Bookmarks,https://bookmarksystem.com/story21850485/treo-pa-nen-cờ-phướn-hướng-dẫn-chi-tiết-Ý-tưởng-Độc-Đáo
2618,4,Tang 4_Bookmarks,https://bookmarkusers.com/story21845636/treo-băng-rôn-cờ-phướn-hướng-dẫn-dễ-hiểu-Ý-tưởng-sáng-tạo
2619,4,Tang 4_Bookmarks,https://bookmarkspiral.com/story22047874/treo-băng-rôn-cờ-phướn-cách-thức-chi-tiết-Ý-tưởng-sáng-tạo
2620,4,Tang 4_Bookmarks,https://bookmarkdistrict.com/story21771135/treo-pa-nen-cờ-phướn-cách-thức-dễ-hiểu-giải-pháp-Độc-Đáo
2621,4,Tang 4_Bookmarks,https://bookmark-search.com/story21920963/dựng-băng-rôn-lăng-Động-phướn-hướng-dẫn-chi-tiết-Ý-tưởng-sáng-tạo
2622,4,Tang 4_Bookmarks,https://bookmark-nation.com/story21868715/treo-pa-nen-cờ-phướn-cách-thức-chi-tiết-Ý-tưởng-Độc-Đáo
2623,4,Tang 4_Bookmarks,https://7bookmarks.com/story21907267/treo-pa-nen-lăng-Động-phướn-hướng-dẫn-chi-tiết-giải-pháp-sáng-tạo
2624,4,Tang 4_Bookmarks,https://xyzbookmarks.com/story21860866/treo-băng-rôn-cờ-phướn-cách-thức-chi-tiết-Ý-tưởng-sáng-tạo
2625,4,Tang 4_Bookmarks,https://tbookmark.com/story21909031/treo-pa-nen-cờ-phướn-hướng-dẫn-chi-tiết-giải-pháp-sáng-tạo
2626,4,Tang 4_Bookmarks,https://bookmarklinkz.com/story21961764/dựng-băng-rôn-cờ-phướn-hướng-dẫn-chi-tiết-giải-pháp-Độc-Đáo
2627,4,Tang 4_Bookmarks,https://bookmark-rss.com/story21880583/treo-băng-rôn-cờ-phướn-cách-thức-dễ-hiểu-Ý-tưởng-Độc-Đáo
